,place_id,name,5min % high A.C.,15min % high A.C.,25min % high A.C.,Buurt,Wijk,geometry,WKT_LNG_LAT,pressure 5min,pressure 15min,pressure 25min,5min % high A.C. Category,15min % high A.C. Category,25min % high A.C. Category,pressure 5min Category,pressure 15min Category,pressure 25min Category,Combined Category 5min,Combined Category 15min,Combined Category 25min,total_points,within_5min,within_15min,within_25min,percent_within_5min,percent_within_15min,percent_within_25min
0,ChIJ-1hUL74JxkcRnLpTBTbfH5o,Eden Hotel Amsterdam,18.456849599255037,23.195139770927444,26.018650718721016,Rembrandtplein e.o.,Grachtengordel-Zuid,POINT (4.8986899 52.3668376),"POLYGON((4.892818 52.36518,4.895874 52.364754,4.896908 52.364966,4.897537 52.365087,4.901217 52.365779,4.900752 52.366625,4.899284 52.367172,4.898795 52.367263,4.898242 52.36732,4.89725 52.367428,4.897128 52.367428,4.896077 52.367379,4.895268 52.367368,4.895052 52.367331,4.894831 52.367308,4.894323 52.367287,4.894147 52.367289,4.893881 52.36729,4.893807 52.367265,4.893466 52.367042,4.893296 52.366678,4.893155 52.36609,4.893008 52.365641,4.892898 52.365425,4.892818 52.36518))",5009.0617223044455,38201.52600997643,126486.58098996874,Medium,Medium,Medium,Medium,Medium,High,Medium AC + Medium Pressure (Balanced),Medium AC + Medium Pressure (Balanced),Medium AC + High Pressure (Caution),6650,842,2605,5224,12.661654135338345,39.17293233082707,78.55639097744361
1,ChIJ-8C0ZsQJxkcR6f0pc6CA3IM,Hotel De Westertoren,8.903487306200853,23.484635262401376,25.645532510105074,Felix Meritisbuurt,Grachtengordel-West,POINT (4.8861425999999994 52.3734604),"POLYGON((4.882614 52.368932,4.884411 52.368862,4.886623 52.368792,4.887279 52.368762,4.887679 52.368756,4.88784 52.368764,4.887828 52.368803,4.888126 52.370301,4.888509 52.372324,4.888766 52.373038,4.888822 52.373147,4.888855 52.37326,4.886906 52.37342,4.88666 52.373456,4.886468 52.373506,4.886299 52.373571,4.885833 52.373823,4.885708 52.373881,4.885558 52.373934,4.88539 52.373977,4.885158 52.373998,4.883385 52.374065,4.883069 52.373992,4.882614 52.368932))",4822.931316121251,61885.14542564271,118663.33201776023,Low,Medium,Medium,Medium,High,High,Low AC + Medium Pressure (Monitor),Medium AC + High Pressure (Caution),Medium AC + High Pressure (Caution),414,38,228,309,9.178743961352657,55.072463768115945,74.63768115942028
2,ChIJ-8DbTpYJxkcRF6GXegHzFe8,Hotel Hermitage Amsterdam,15.403296794447154,23.963323713266295,26.182951711868025,Weesperbuurt,Weesperbuurt/Plantage,POINT (4.9036111 52.3644444),"POLYGON((4.901217 52.365779,4.901557 52.365162,4.90277 52.362805,4.903351 52.361656,4.903415 52.36153,4.905117 52.361852,4.905049 52.361987,4.91078 52.363092,4.914224 52.363769,4.914387 52.363945,4.913342 52.364287,4.91126 52.365003,4.91055 52.365256,4.908877 52.365816,4.908245 52.365698,4.908099 52.365987,4.907931 52.366112,4.907733 52.366227,4.907553 52.366307,4.90736 52.366375,4.90722 52.366413,4.906323 52.366618,4.906116 52.366765,4.906035 52.366726,4.905631 52.366613,4.901835 52.36589,4.901217 52.365779))",447.224360028504,22319.5384531053,112919.40081127007,Medium,Medium,Medium,Low,Low,High,Medium AC + Low Pressure (Opportunity),Medium AC + Low Pressure (Opportunity),Medium AC + High Pressure (Caution),671,33,203,501,4.918032786885246,30.25335320417288,74.66467958271237
3,ChIJ-RAyRD0KxkcRG4koK51opDE,Hotel Novotel Amsterdam City,24.843086983322806,27.637238993109158,27.644549468299633,De Klenckebuurt,Buitenveldert-Oost,POINT (4.8885168 52.3337156),"POLYGON((4.878652 52.335088,4.879167 52.334426,4.87924 52.334305,4.879357 52.334057,4.879401 52.333931,4.87945 52.333715,4.87946 52.333613,4.879456 52.333125,4.889981 52.33314,4.889987 52.33469,4.884501 52.334701,4.884228 52.33472,4.880406 52.335158,4.880164 52.335178,4.879839 52.335189,4.879514 52.33518,4.879271 52.33516,4.878652 52.335088))",17.727786000109628,10340.720331085895,16183.229403058705,High,High,High,Low,Low,Low,High AC + Low Pressure (Potential),High AC + Low Pressure (Potential),High AC + Low Pressure (Potential),7418,2,780,1054,0.026961445133459154,10.51496360204907,14.208681585332975
4,ChIJ-RS-x8cJxkcRix6HMEVbC0c,Avenue Hotel,8.965565781954062,22.67488850579729,25.467649557488375,Nieuwendijk-Noord,Burgwallen-Nieuwe Zijde,POINT (4.8946467 52.37665),"POLYGON((4.893582 52.376221,4.8951 52.376206,4.895342 52.376181,4.895472 52.376156,4.895622 52.376115,4.895702 52.376036,4.896266 52.375819,4.896473 52.375764,4.89708 52.375505,4.899141 52.376971,4.899692 52.377303,4.898867 52.377741,4.898667 52.378012,4.898562 52.378122,4.898442 52.378227,4.898062 52.378505,4.897931 52.378579,4.897713 52.378678,4.896895 52.378001,4.895954 52.377792,4.89585 52.377757,4.895748 52.377712,4.895663 52.377661,4.895584 52.3776,4.895104 52.377147,4.894966 52.37704,4.894775 52.376916,4.894422 52.376738,4.8942 52.376609,4.893582 52.376221))",12037.833634818833,66708.81198267828,106913.36896343803,Low,Low,Low,High,High,Medium,Low AC + High Pressure (Critical),Low AC + High Pressure (Critical),Low AC + Medium Pressure (Monitor),2441,351,1429,1727,14.379352724293323,58.54158131913151,70.74969274887341
5,ChIJ-U0QpE3ixUcRGDV6HPFMOzY,XO Hotels Blue Square,15.150724857746567,23.824654581756818,25.71375228970469,Dichtersbuurt,Slotermeer-Zuidoost,POINT (4.8211110999999995 52.3786111),"POLYGON((4.819042 52.37571,4.823219 52.375055,4.824319 52.37767,4.823996 52.377723,4.824232 52.378303,4.82402 52.378338,4.823864 52.378379,4.823723 52.378437,4.821982 52.379344,4.820648 52.379554,4.820138 52.378333,4.819042 52.37571))",77.13934111714082,336.71029984103484,882.4947651153861,Medium,Medium,Medium,Low,Low,Low,Medium AC + Low Pressure (Opportunity),Medium AC + Low Pressure (Opportunity),Medium AC + Low Pressure (Opportunity),4892,54,208,241,1.1038430089942763,4.251839738348324,4.926410466067048
6,ChIJ-_VFLbgJxkcR6Io_ONVcqX0,Hotel Prins Hendrik,15.534622296919126,25.133630030200145,24.573708302760288,Kop Zeedijk,Burgwallen-Oude Zijde,POINT (4.8995948 52.376527499999995),"POLYGON((4.89708 52.375505,4.897889 52.37516,4.898001 52.375238,4.899233 52.374789,4.899406 52.374749,4.899667 52.374678,4.900201 52.37449,4.900275 52.374486,4.90048 52.374418,4.900587 52.374402,4.901266 52.374174,4.902273 52.376142,4.903254 52.37659,4.902978 52.37669,4.902452 52.377141,4.90196 52.377244,4.900968 52.377242,4.899692 52.377303,4.899141 52.376971,4.89708 52.375505))",7551.275722194814,55669.70268048018,99328.3565751247,Medium,Medium,Low,High,High,Medium,Medium AC + High Pressure (Caution),Medium AC + High Pressure (Caution),Low AC + Medium Pressure (Monitor),1969,289,964,1327,14.677501269680041,48.9588623666836,67.39461655662772
7,ChIJ09FkufEJxkcRrX1pOBxxImQ,Hotel Washington,17.7952028553772,22.936161716533213,27.859713767787785,Johannes Vermeerbuurt,Museumkwartier,POINT (4.883563 52.3549102),"POLYGON((4.879992 52.356138,4.880392 52.355517,4.88172 52.353691,4.882819 52.353894,4.884277 52.354189,4.88438 52.354255,4.886282 52.354593,4.886476 52.354615,4.886759 52.354622,4.886698 52.355295,4.886582 52.356853,4.886603 52.357267,4.886724 52.358732,4.884799 52.358982,4.88438 52.357843,4.883893 52.357929,4.883511 52.358024,4.882649 52.356925,4.881374 52.356096,4.880609 52.356231,4.880507 52.356241,4.880422 52.356239,4.880338 52.356227,4.879992 52.356138))",733.7070657238393,39297.01726689689,79278.80480184179,Medium,Low,High,Low,Medium,Medium,Medium AC + Low Pressure (Opportunity),Low AC + Medium Pressure (Monitor),High AC + Medium Pressure (Manageable),1119,59,394,571,5.272564789991064,35.210008936550494,51.027703306523684
8,ChIJ0Q1NT0UJxkcRwQjPMVe3oEo,Trianon Hotel,21.69503726662437,25.374229553748528,28.90365383337516,Concertgebouwbuurt,Museumkwartier,POINT (4.8783566 52.356315599999995),"POLYGON((4.873875 52.358139,4.876249 52.354804,4.878224 52.355332,4.878337 52.355376,4.878443 52.355433,4.879022 52.355816,4.879177 52.355902,4.879341 52.355965,4.879992 52.356138,4.879825 52.356412,4.878568 52.358153,4.877154 52.360101,4.87696 52.360065,4.876673 52.359932,4.87646 52.35985,4.875796 52.359659,4.875975 52.359402,4.875252 52.359213,4.875242 52.359227,4.87508 52.359183,4.875284 52.358901,4.875333 52.358878,4.87532 52.358875,4.875384 52.35878,4.875001 52.358679,4.87515 52.358473,4.873875 52.358139))",7034.692704050869,35109.78112152606,75140.79482541248,High,High,High,High,Medium,Medium,High AC + High Pressure (Stress),High AC + Medium Pressure (Manageable),High AC + Medium Pressure (Manageable),1785,87,503,817,4.873949579831933,28.179271708683473,45.7703081232493
9,ChIJ0RZ1vX8JxkcRZ9jQ-jthG6c,MEININGER Hotel Amsterdam Amstel,20.499422217436006,20.818511858825122,26.35138298824382,Julianapark,Frankendael,POINT (4.9192528 52.3457763),"POLYGON((4.916606 52.347884,4.917414 52.346506,4.918483 52.344676,4.918886 52.343781,4.919231 52.343627,4.919295 52.34361,4.919375 52.343603,4.919443 52.34361,4.919504 52.343626,4.919579 52.343664,4.919403 52.343981,4.919156 52.3447,4.91914 52.344864,4.919168 52.345027,4.919228 52.345166,4.919271 52.345237,4.919545 52.345594,4.920118 52.345733,4.920446 52.345796,4.92077 52.345838,4.921316 52.345885,4.925292 52.345929,4.925571 52.345938,4.925807 52.345943,4.925987 52.345967,4.926251 52.346018,4.926506 52.346087,4.92682 52.346206,4.927495 52.346575,4.925161 52.348157,4.924804 52.348347,4.924485 52.348472,4.924186 52.348565,4.92374 52.348668,4.923291 52.348712,4.922988 52.34872,4.922685 52.348712,4.922385 52.348688,4.916606 52.347884))",613.0143068574243,1941.698569314257,21394.08359370717,High,Low,Medium,Low,Low,Low,High AC + Low Pressure (Potential),Low AC + Low Pressure (Limited Interest),Medium AC + Low Pressure (Opportunity),4885,21,153,341,0.42988741044012285,3.1320368474923233,6.980552712384852
10,ChIJ0VJBtBwKxkcRNptuWYA0j3U,citizenM Amsterdam,7.140420351233058,26.862593042777576,28.57934106006736,Prinses Irenebuurt,Prinses Irenebuurt e.o.,POINT (4.8760096 52.3419374),"POLYGON((4.864804 52.343159,4.864983 52.341396,4.876052 52.341808,4.877146 52.34182,4.878318 52.341793,4.878175 52.343594,4.878476 52.344007,4.878404 52.344679,4.876601 52.344619,4.871176 52.344411,4.870996 52.344394,4.867976 52.343981,4.867198 52.343874,4.866912 52.343819,4.864804 52.343159))",8.26152496848104,5813.235432768733,32913.905443183685,Low,High,High,Low,Low,Low,Low AC + Low Pressure (Limited Interest),High AC + Low Pressure (Potential),High AC + Low Pressure (Potential),4018,9,454,721,0.22399203583872573,11.29915380786461,17.94425087108014
11,ChIJ0eKxrucJxkcRJ1XUeg76L3c,Sara's Boutique Hotel,33.908532334019924,26.94490977551433,27.396037197997774,Helmersbuurt-Oost,Helmersbuurt,POINT (4.8781121999999995 52.3650804),"POLYGON((4.873352 52.36555,4.875293 52.362751,4.876435 52.363055,4.878869 52.363804,4.878712 52.363996,4.878642 52.364129,4.879317 52.364344,4.879264 52.364487,4.879231 52.364631,4.879218 52.364778,4.879225 52.364925,4.879232 52.364988,4.879219 52.365126,4.879186 52.365261,4.879136 52.365382,4.87907 52.365501,4.87896 52.365663,4.878817 52.365834,4.878701 52.365947,4.878534 52.366081,4.878397 52.366173,4.878137 52.36631,4.877889 52.366466,4.877726 52.366588,4.877518 52.366772,4.873352 52.36555))",1844.2231540864984,50837.267225785225,113981.68058981527,High,High,High,Medium,Medium,High,High AC + Medium Pressure (Manageable),High AC + Medium Pressure (Manageable),High AC + High Pressure (Stress),667,13,265,450,1.9490254872563717,39.73013493253374,67.46626686656671
12,ChIJ15V3aZUJxkcReZGKdQphghE,Rembrandt Square Hotel,21.339460618606065,22.654174120307193,26.001450377956083,Rembrandtplein e.o.,Grachtengordel-Zuid,POINT (4.896366899999999 52.365654),"POLYGON((4.892818 52.36518,4.895874 52.364754,4.896908 52.364966,4.897537 52.365087,4.901217 52.365779,4.900752 52.366625,4.899284 52.367172,4.898795 52.367263,4.898242 52.36732,4.89725 52.367428,4.897128 52.367428,4.896077 52.367379,4.895268 52.367368,4.895052 52.367331,4.894831 52.367308,4.894323 52.367287,4.894147 52.367289,4.893881 52.36729,4.893807 52.367265,4.893466 52.367042,4.893296 52.366678,4.893155 52.36609,4.893008 52.365641,4.892898 52.365425,4.892818 52.36518))",5775.453050485117,60857.02466699556,137832.22271556212,High,Low,Medium,High,High,High,High AC + High Pressure (Stress),Low AC + High Pressure (Critical),Medium AC + High Pressure (Caution),1493,171,631,1083,11.453449430676491,42.263898191560614,72.5385130609511
13,ChIJ16hr7g0JxkcRMHJ4kxGM2g0,"Holiday Inn Express Amsterdam - North Riverside, an IHG Hotel",7.832789319310067,24.485915637719007,26.273741924187494,Hamerstraatkwartier-West,Noordelijke IJ-oevers-Oost,POINT (4.919522499999999 52.384047699999996),"POLYGON((4.918945 52.385516,4.919256 52.38454,4.91882 52.384493,4.919119 52.383566,4.919044 52.383399,4.919858 52.380812,4.922456 52.381104,4.931087 52.382141,4.937355 52.382408,4.928035 52.385986,4.928295 52.386248,4.924885 52.387559,4.923919 52.387565,4.922646 52.386337,4.922541 52.386256,4.922462 52.386206,4.922285 52.386121,4.922137 52.38607,4.921926 52.386022,4.919651 52.385685,4.919292 52.38561,4.918945 52.385516))",2806.857589212301,6011.445540755357,11141.328564380858,Low,Medium,Medium,Medium,Low,Low,Low AC + Medium Pressure (Monitor),Medium AC + Low Pressure (Opportunity),Medium AC + Low Pressure (Opportunity),3057,148,202,393,4.841347726529277,6.607785410533203,12.855740922473014
14,ChIJ19w5ouoJxkcRmojLN7zm9oU,Hotel NH Collection Amsterdam Flower Market,19.203405682234184,22.42155110347753,26.407076922942014,Geelvinckbuurt,Grachtengordel-Zuid,POINT (4.893101 52.366260999999994),"POLYGON((4.888269 52.366779,4.888399 52.366692,4.890343 52.365591,4.89053 52.365499,4.892818 52.36518,4.892898 52.365425,4.893008 52.365641,4.893155 52.36609,4.893296 52.366678,4.893466 52.367042,4.893357 52.36697,4.89329 52.366943,4.893152 52.366908,4.892749 52.366901,4.891744 52.366916,4.89116 52.36697,4.8901 52.36714,4.889641 52.367285,4.889418 52.367136,4.888627 52.366872,4.8884 52.366822,4.888269 52.366779))",7481.398015677246,77495.81401085347,140312.17551937728,Medium,Low,Medium,High,High,High,Medium AC + High Pressure (Caution),Low AC + High Pressure (Critical),Medium AC + High Pressure (Caution),4718,575,2540,3712,12.18736752861382,53.83637134378974,78.67740568037304
15,ChIJ1QYJB1nixUcREAs0Xg6jPng,Mercure Hotel Amsterdam Sloterdijk Station,17.05903472666416,25.361195383582313,26.47770136978457,Sloterdijk Stationskwartier,Sloterdijk Nieuw-West,POINT (4.835624 52.387252499999995),"POLYGON((4.819257 52.389038,4.819268 52.387484,4.82891 52.387554,4.831594 52.387412,4.831523 52.38488,4.836014 52.38495,4.839258 52.385018,4.839837 52.385036,4.843294 52.385101,4.843934 52.385089,4.84458 52.385103,4.844813 52.385108,4.844811 52.385146,4.844798 52.385146,4.844732 52.386384,4.844761 52.386922,4.844669 52.388623,4.844665 52.388757,4.844689 52.388756,4.844687 52.38892,4.844662 52.38892,4.844663 52.388899,4.844372 52.3889,4.844336 52.389522,4.844213 52.391808,4.844134 52.393288,4.844117 52.393849,4.844138 52.39428,4.844174 52.394607,4.844233 52.394945,4.844319 52.395304,4.843991 52.395258,4.843688 52.395231,4.843272 52.395141,4.84295 52.395061,4.842514 52.394933,4.84238 52.394915,4.842247 52.394882,4.841907 52.394762,4.841357 52.394542,4.841089 52.394422,4.840666 52.394211,4.837245 52.391623,4.836937 52.391378,4.836537 52.391083,4.836299 52.390925,4.835998 52.390749,4.835712 52.390599,4.835396 52.390449,4.835133 52.390338,4.834931 52.390259,4.834441 52.390091,4.834114 52.389995,4.833897 52.389939,4.833809 52.389916,4.833551 52.389857,4.832573 52.389692,4.831589 52.389544,4.830598 52.389413,4.829602 52.389299,4.828936 52.389232,4.827932 52.389145,4.826925 52.389076,4.819257 52.389038))",896.9279175574193,1818.0934605053992,4441.533081181822,Medium,High,Medium,Low,Low,Low,Medium AC + Low Pressure (Opportunity),High AC + Low Pressure (Potential),Medium AC + Low Pressure (Opportunity),4413,289,403,515,6.5488329934285066,9.132109675957398,11.670065714933152
16,ChIJ1SrebL8JxkcRjzT1Q0KtSnY,"Radisson Blu Hotel, Amsterdam City Center",7.999307718947475,23.76569105094525,25.426526140419035,BG-terrein e.o.,Burgwallen-Oude Zijde,POINT (4.8966883999999995 52.3702895),"POLYGON((4.892392 52.369081,4.892436 52.368964,4.892892 52.368332,4.894147 52.367289,4.894323 52.367287,4.894831 52.367308,4.895052 52.367331,4.895268 52.367368,4.895372 52.367424,4.895474 52.367498,4.895786 52.367811,4.896231 52.368291,4.896366 52.368497,4.898755 52.370995,4.897063 52.371438,4.895876 52.37186,4.895204 52.371299,4.894959 52.371051,4.894826 52.370898,4.894755 52.370762,4.894263 52.369231,4.893666 52.369217,4.893512 52.369177,4.892392 52.369081))",4835.630488406512,62146.67154525023,122214.99106506605,Low,Medium,Low,Medium,High,High,Low AC + Medium Pressure (Monitor),Medium AC + High Pressure (Caution),Low AC + High Pressure (Critical),5492,505,2659,3858,9.195193008011653,48.41587764020393,70.2476329206118
17,ChIJ1UTIFscJxkcRTjMiVuX6pNM,Hotel Amsterdam De Roode Leeuw,14.571848032040771,22.463477523793003,25.402162151604124,Nieuwe Kerk e.o.,Burgwallen-Nieuwe Zijde,POINT (4.893591 52.373704),"POLYGON((4.890589 52.373174,4.890573 52.372947,4.890605 52.372643,4.89137 52.372719,4.891752 52.372725,4.892126 52.372742,4.892975 52.372708,4.893011 52.372707,4.893299 52.3732,4.893565 52.373489,4.894364 52.374067,4.896473 52.375764,4.896266 52.375819,4.895702 52.376036,4.895622 52.376115,4.895472 52.376156,4.895342 52.376181,4.8951 52.376206,4.893582 52.376221,4.89245 52.375459,4.892069 52.375192,4.891934 52.375074,4.891756 52.374874,4.891352 52.374452,4.890938 52.373991,4.89088 52.373892,4.89065 52.373392,4.890589 52.373174))",21142.738146138247,74098.98794057994,119068.01699281916,Medium,Low,Low,High,High,High,Medium AC + High Pressure (Caution),Low AC + High Pressure (Critical),Low AC + High Pressure (Critical),2149,431,1131,1502,20.055839925546767,52.629129827826894,69.89297347603537
18,ChIJ1WYl97AJxkcRbxi1M8ZqsF4,Hotel The Diamond,17.329289309099575,24.760829994256618,27.26067915561255,Leidsebuurt-Noordoost,De Weteringschans,POINT (4.8833158999999995 52.3637926),"POLYGON((4.882589 52.363906,4.883568 52.36324,4.886829 52.361615,4.887699 52.362558,4.887875 52.362774,4.884754 52.364839,4.884571 52.364944,4.884469 52.365026,4.883165 52.364403,4.882979 52.364242,4.882589 52.363906))",10315.683495039193,58272.085183357995,134816.53664419227,Medium,Medium,High,High,High,High,Medium AC + High Pressure (Caution),Medium AC + High Pressure (Caution),High AC + High Pressure (Stress),36,8,19,32,22.22222222222222,52.77777777777778,88.88888888888889
19,ChIJ1z5XzsIJxkcRqom0RFLQ7j8,Amsterdam Wiechmann Hotel,15.62292435706388,24.07915690456065,26.010123786851974,Elandsgrachtbuurt,Jordaan,POINT (4.8822127 52.3689628),"POLYGON((4.876314 52.372314,4.876179 52.371903,4.876207 52.371843,4.878296 52.368852,4.879075 52.367745,4.882209 52.368764,4.88228 52.368767,4.882603 52.368756,4.882614 52.368932,4.883069 52.373992,4.876314 52.372314))",6571.638436660636,66455.14202707888,145203.04061831936,Medium,Medium,Medium,High,High,High,Medium AC + High Pressure (Caution),Medium AC + High Pressure (Caution),Medium AC + High Pressure (Caution),1353,109,694,1192,8.056171470805618,51.293422025129345,88.10051736881005
20,ChIJ25tqTOEJxkcROAmiYa-TKnA,CityHub Amsterdam,12.89931849261951,26.727296402027058,27.268927324141394,Bellamybuurt-Zuid,Bellamybuurt,POINT (4.867098899999999 52.3672879),"POLYGON((4.860071 52.364599,4.860608 52.364426,4.860765 52.364402,4.860942 52.364401,4.861131 52.36443,4.862683 52.364808,4.867192 52.365892,4.868665 52.366271,4.870809 52.36685,4.869586 52.368605,4.868519 52.368333,4.868417 52.368314,4.868324 52.368306,4.868213 52.368306,4.867309 52.368336,4.867166 52.368329,4.867027 52.368311,4.865956 52.368074,4.862259 52.367122,4.861302 52.36608,4.860071 52.364599))",3791.6748889985192,13726.921558954116,67401.4741544702,Low,High,High,Medium,Low,Low,Low AC + Medium Pressure (Monitor),High AC + Low Pressure (Potential),High AC + Low Pressure (Potential),2635,237,366,1200,8.994307400379506,13.889943074003794,45.54079696394687
21,ChIJ2U6QbBMJxkcRFAgdo8cAf6Y,Hotel The Noblemen,8.834767798163078,23.104557355965703,26.339529657104876,Leidsegracht-Noord,Grachtengordel-West,POINT (4.8857954 52.3674262),"POLYGON((4.882603 52.368756,4.882424 52.366744,4.882433 52.366665,4.882548 52.366579,4.882742 52.366245,4.882798 52.366177,4.884537 52.366784,4.885166 52.367012,4.885875 52.367246,4.886666 52.367546,4.886703 52.36804,4.887719 52.368392,4.88806 52.368499,4.887851 52.368726,4.88784 52.368764,4.887679 52.368756,4.887279 52.368762,4.886623 52.368792,4.884411 52.368862,4.882614 52.368932,4.882603 52.368756))",6147.796689141041,68261.42805459628,140284.96475360412,Low,Medium,Medium,High,High,High,Low AC + High Pressure (Critical),Medium AC + High Pressure (Caution),Medium AC + High Pressure (Caution),141,15,73,107,10.638297872340425,51.77304964539007,75.88652482269504
22,ChIJ2ZT4L5MJxkcRQJe6a-Q90kk,Sphinx Hotel,28.06940965508514,22.305663072758772,27.42167418839764,Den Texbuurt,De Weteringschans,POINT (4.8940741999999995 52.359334499999996),"POLYGON((4.8863 52.36078,4.887389 52.360232,4.887686 52.360074,4.88795 52.359896,4.888175 52.359705,4.888292 52.359585,4.888412 52.359441,4.888644 52.35923,4.888931 52.359019,4.889253 52.358828,4.889405 52.358752,4.889605 52.358667,4.889807 52.358594,4.890008 52.358532,4.890216 52.358479,4.890437 52.358432,4.890655 52.358397,4.89088 52.358369,4.896177 52.358047,4.89639 52.359529,4.896388 52.359683,4.896185 52.359696,4.890777 52.360025,4.89012 52.360071,4.890016 52.36009,4.886983 52.361539,4.886786 52.361331,4.886551 52.360986,4.886442 52.360887,4.8863 52.36078))",1829.655484295346,39371.69242997314,115732.98054048128,High,Low,High,Medium,Medium,High,High AC + Medium Pressure (Manageable),Low AC + Medium Pressure (Monitor),High AC + High Pressure (Stress),630,8,210,397,1.2698412698412698,33.33333333333333,63.01587301587301
23,ChIJ2bElKUHixUcRwH30Tvfx370,The Social Hub Amsterdam West,21.827167707132332,25.82963843210997,24.61657490505988,Lucas/Andreasziekenhuis e.o.,Overtoomse Veld,POINT (4.8362096999999995 52.3720709),"POLYGON((4.83436 52.370107,4.838315 52.369525,4.838858 52.36945,4.83929 52.369404,4.840095 52.369331,4.840471 52.369308,4.840909 52.369301,4.842162 52.36931,4.842154 52.369583,4.842569 52.369588,4.842563 52.369829,4.842575 52.37003,4.842713 52.370867,4.842798 52.371862,4.842854 52.371879,4.842855 52.371914,4.843028 52.371911,4.843038 52.372215,4.842602 52.372223,4.842137 52.37224,4.841191 52.372274,4.840863 52.3723,4.840604 52.37233,4.835337 52.373153,4.83525 52.372946,4.83528 52.372941,4.834943 52.372134,4.834693 52.371447,4.834548 52.370913,4.834419 52.370378,4.83436 52.370107))",93.03694567779422,421.53702790111237,3059.7937291015724,High,High,Low,Low,Low,Low,High AC + Low Pressure (Potential),High AC + Low Pressure (Potential),Low AC + Low Pressure (Limited Interest),7427,40,96,301,0.5385754678874377,1.2925811229298505,4.0527803958529685
24,ChIJ2bm1R4MLxkcRO3Nce2k7SRE,Hotel Levell Amsterdam,14.529145255102735,23.67623752805334,21.008709140009856,Amstel III deel A/B-Noord,Amstel III/Bullewijk,POINT (4.950525799999999 52.3047547),"POLYGON((4.937991 52.310475,4.939838 52.308461,4.940318 52.307977,4.940496 52.307729,4.940716 52.307361,4.940771 52.307252,4.940972 52.306767,4.941054 52.306618,4.941156 52.306468,4.942191 52.305301,4.944159 52.303149,4.944455 52.302775,4.944778 52.302259,4.945144 52.301804,4.947118 52.29965,4.955402 52.302497,4.955332 52.302577,4.95506 52.302809,4.953137 52.304959,4.952491 52.305706,4.952096 52.306078,4.951546 52.306643,4.947751 52.310545,4.947509 52.310809,4.946359 52.312063,4.942527 52.310729,4.941598 52.311684,4.937991 52.310475))",13.921394507482322,1172.8672915638874,33570.89206819054,Medium,Medium,Low,Low,Low,Low,Medium AC + Low Pressure (Opportunity),Medium AC + Low Pressure (Opportunity),Low AC + Low Pressure (Limited Interest),4560,45,443,970,0.9868421052631579,9.714912280701753,21.271929824561404
25,ChIJ2z9uuZAJxkcRTdWVTMl58-o,Amstel Hotel,20.755240500107007,25.12404046659158,26.143509149630162,Sarphatistrook,Weesperbuurt/Plantage,POINT (4.9051643 52.3600068),"POLYGON((4.903415 52.36153,4.904205 52.359948,4.904634 52.359212,4.905163 52.359348,4.905975 52.359499,4.906171 52.35955,4.906505 52.359664,4.906642 52.359724,4.906922 52.359877,4.907104 52.360005,4.907379 52.36022,4.90751 52.3603,4.907645 52.360371,4.907784 52.360431,4.907974 52.360499,4.908327 52.360591,4.908567 52.360641,4.90881 52.36066,4.909038 52.360651,4.909355 52.360599,4.909644 52.360579,4.90996 52.360587,4.910257 52.360624,4.910565 52.360697,4.910838 52.360796,4.911089 52.360926,4.911205 52.361004,4.91129 52.361075,4.911371 52.361126,4.911492 52.361181,4.911627 52.361222,4.911781 52.361248,4.912851 52.361359,4.914036 52.361496,4.91508 52.361787,4.915781 52.36198,4.916005 52.362028,4.916241 52.362068,4.916415 52.362089,4.91749 52.362131,4.916779 52.363423,4.916566 52.36337,4.916385 52.363351,4.916155 52.363356,4.915976 52.363383,4.915891 52.363404,4.915144 52.363661,4.915112 52.363708,4.914387 52.363945,4.914224 52.363769,4.91078 52.363092,4.905049 52.361987,4.905117 52.361852,4.903415 52.36153))",211.14608342926053,26180.81203749383,91525.62560982294,High,Medium,Medium,Low,Medium,Medium,High AC + Low Pressure (Potential),Medium AC + Medium Pressure (Balanced),Medium AC + Medium Pressure (Balanced),5937,84,766,2568,1.414855987872663,12.902139127505475,43.25416877210713
26,ChIJ3-qc2rgJxkcRTfGKUgOvAkk,Hotel Torenzicht,7.514284408361638,24.208406970209598,24.973145654500247,Burgwallen-Oost,Burgwallen-Oude Zijde,POINT (4.8981806 52.3725361),"POLYGON((4.895876 52.37186,4.897063 52.371438,4.898755 52.370995,4.899295 52.371577,4.899857 52.372224,4.899667 52.372276,4.899686 52.372341,4.900099 52.37291,4.900166 52.372968,4.900247 52.373008,4.900369 52.373035,4.900551 52.373044,4.900708 52.373018,4.900936 52.373494,4.901266 52.374174,4.900587 52.374402,4.90048 52.374418,4.900275 52.374486,4.900201 52.37449,4.899667 52.374678,4.899406 52.374749,4.899014 52.374374,4.898724 52.374116,4.896856 52.372674,4.895876 52.37186))",12932.449542290193,66046.6840980102,115195.21695992984,Low,Medium,Low,High,High,High,Low AC + High Pressure (Critical),Medium AC + High Pressure (Caution),Low AC + High Pressure (Critical),1133,278,662,880,24.536628420123566,58.42894969108562,77.66990291262135
27,ChIJ33lycOYJxkcRjLebyXMgDlQ,Hotel Roemer,29.604372271102967,27.10227674625531,28.09415434515535,Vondelparkbuurt-Oost,Vondelparkbuurt,POINT (4.8779832 52.3617901),"POLYGON((4.873627 52.362323,4.873844 52.361993,4.87392 52.361759,4.874062 52.361489,4.874092 52.361405,4.874096 52.361295,4.874067 52.361247,4.873972 52.361169,4.873853 52.361113,4.873936 52.360997,4.874019 52.361019,4.874077 52.360982,4.874158 52.360965,4.874254 52.360931,4.874396 52.360928,4.874606 52.360911,4.87503 52.360785,4.875245 52.360683,4.875316 52.360674,4.875393 52.36068,4.875469 52.360706,4.875532 52.36075,4.875601 52.360819,4.875826 52.36077,4.87587 52.360716,4.876184 52.360807,4.87626 52.360738,4.876497 52.3608,4.876567 52.360698,4.876556 52.360681,4.876594 52.360626,4.876621 52.360618,4.876633 52.360581,4.876953 52.36066,4.876933 52.360689,4.877036 52.360715,4.877021 52.360738,4.876985 52.360736,4.876968 52.36076,4.876916 52.360774,4.876888 52.360767,4.876749 52.360968,4.877197 52.361095,4.877359 52.360863,4.877388 52.360871,4.877454 52.360781,4.878587 52.361093,4.880603 52.361632,4.882099 52.362056,4.881963 52.362119,4.881853 52.362186,4.881748 52.36228,4.881716 52.362323,4.88166 52.362416,4.88162 52.36251,4.881576 52.362765,4.881517 52.362938,4.881413 52.363127,4.881236 52.36327,4.881121 52.363362,4.880851 52.363543,4.880708 52.363627,4.880543 52.36371,4.88026 52.363825,4.880062 52.363888,4.879781 52.363963,4.879604 52.364039,4.879496 52.364109,4.879421 52.364179,4.879359 52.364259,4.879317 52.364344,4.878642 52.364129,4.878712 52.363996,4.878869 52.363804,4.876435 52.363055,4.875293 52.362751,4.873627 52.362323))",77.8949185989146,42149.57797511374,106888.66441922929,High,High,High,Low,Medium,Medium,High AC + Low Pressure (Potential),High AC + Medium Pressure (Manageable),High AC + Medium Pressure (Manageable),1434,7,603,929,0.4881450488145049,42.05020920502092,64.78382147838215
28,ChIJ34xZ5MgJxkcRiKJYGqw5Qus,Cityview Hotel,3.294873645463816,22.234770340556533,24.843986208503996,Haarlemmerbuurt-Oost,Haarlemmerbuurt,POINT (4.8927176 52.379858899999995),"POLYGON((4.888437 52.380522,4.889848 52.379731,4.890134 52.379632,4.890239 52.379599,4.89172 52.37927,4.892009 52.379265,4.893526 52.378945,4.893684 52.378901,4.894004 52.378766,4.894341 52.37903,4.895194 52.379624,4.895468 52.379856,4.895807 52.380144,4.894849 52.380524,4.894862 52.380537,4.894709 52.380583,4.894726 52.3806,4.894508 52.380683,4.894487 52.380663,4.891898 52.381608,4.891499 52.381763,4.890642 52.382161,4.890637 52.382179,4.890186 52.382395,4.890156 52.382364,4.889908 52.382132,4.888437 52.380522))",9646.00038370882,50374.57583730746,94636.19673299347,Low,Low,Low,High,Medium,Medium,Low AC + High Pressure (Critical),Low AC + Medium Pressure (Monitor),Low AC + Medium Pressure (Monitor),210,39,113,143,18.571428571428573,53.80952380952381,68.0952380952381
29,ChIJ38EeSPgIxkcRiuGH55cktvs,Bastion Hotel Amsterdam Noord,13.584666106166846,24.93421397864037,25.316477444514135,Rode Kruisbuurt,Buikslotermeer,POINT (4.9288738 52.3959177),"POLYGON((4.924547 52.395264,4.933643 52.393017,4.933897 52.392995,4.934148 52.392991,4.934389 52.393002,4.935021 52.393082,4.93543 52.393158,4.935893 52.393273,4.936211 52.393371,4.936777 52.393569,4.935784 52.393848,4.935335 52.393984,4.934746 52.394178,4.934313 52.394333,4.933748 52.394552,4.933334 52.394725,4.931783 52.395303,4.929722 52.396187,4.92806 52.3969,4.926614 52.397437,4.926162 52.397027,4.925693 52.396569,4.925309 52.396161,4.924838 52.395617,4.924547 52.395264))",2.971057391876333,8059.945294085403,14345.875787973468,Medium,Medium,Low,Low,Low,Low,Medium AC + Low Pressure (Opportunity),Medium AC + Low Pressure (Opportunity),Low AC + Low Pressure (Limited Interest),1692,1,119,206,0.0591016548463357,7.033096926713949,12.174940898345152
30,ChIJ3Wf7ssUJxkcRtFlr_gu70cA,'t Hotel,10.103201227973605,23.000892862824234,25.39723635448906,Leliegracht e.o.,Grachtengordel-West,POINT (4.887147199999999 52.375161399999996),"POLYGON((4.883069 52.373992,4.883385 52.374065,4.885158 52.373998,4.88539 52.373977,4.885558 52.373934,4.885708 52.373881,4.885833 52.373823,4.886299 52.373571,4.886468 52.373506,4.88666 52.373456,4.886906 52.37342,4.888855 52.37326,4.888909 52.37344,4.88926 52.374309,4.889303 52.374462,4.889673 52.37482,4.891181 52.376192,4.891315 52.376324,4.8899 52.376899,4.889543 52.376955,4.886206 52.378089,4.884779 52.37653,4.883155 52.374752,4.883134 52.374679,4.883069 52.373992))",1646.5398234939428,71402.35810995998,119098.00241188401,Low,Low,Low,Medium,High,High,Low AC + Medium Pressure (Monitor),Low AC + High Pressure (Critical),Low AC + High Pressure (Critical),368,22,147,243,5.978260869565218,39.94565217391305,66.03260869565217
31,ChIJ3YAVgxrixUcRKuOlFIBGff8,Hotel Belfort,21.84013691652008,25.482087470709768,26.94038483894628,Surinamepleinbuurt,Hoofddorppleinbuurt,POINT (4.8507245 52.3576736),"POLYGON((4.850287 52.357917,4.850342 52.354872,4.851626 52.354884,4.851851 52.354851,4.852116 52.354847,4.852438 52.354809,4.85338 52.354794,4.853553 52.354776,4.853693 52.355251,4.853773 52.355346,4.854123 52.356523,4.85433 52.357183,4.854781 52.357756,4.853897 52.358024,4.853623 52.358093,4.85355 52.358097,4.853405 52.358074,4.853007 52.357989,4.852843 52.35794,4.85265 52.357915,4.852456 52.357908,4.852176 52.357924,4.850575 52.357912,4.850287 52.357917))",51.19475963383214,7146.875404264648,21995.816532368575,High,High,High,Low,Low,Low,High AC + Low Pressure (Potential),High AC + Low Pressure (Potential),High AC + Low Pressure (Potential),2053,19,125,267,0.9254749147588894,6.088650754992694,13.005358012664395
32,ChIJ3bgqa5UJxkcRxszI9HoxG9A,Imperial Hotel Rembrandt,21.826114023167083,22.8596390133717,26.230541440936463,Rembrandtplein e.o.,Grachtengordel-Zuid,POINT (4.896167 52.3652862),"POLYGON((4.892818 52.36518,4.895874 52.364754,4.896908 52.364966,4.897537 52.365087,4.901217 52.365779,4.900752 52.366625,4.899284 52.367172,4.898795 52.367263,4.898242 52.36732,4.89725 52.367428,4.897128 52.367428,4.896077 52.367379,4.895268 52.367368,4.895052 52.367331,4.894831 52.367308,4.894323 52.367287,4.894147 52.367289,4.893881 52.36729,4.893807 52.367265,4.893466 52.367042,4.893296 52.366678,4.893155 52.36609,4.893008 52.365641,4.892898 52.365425,4.892818 52.36518))",5285.989091706408,55607.48906429863,136720.1168667434,High,Low,Medium,Medium,High,High,High AC + Medium Pressure (Manageable),Low AC + High Pressure (Critical),Medium AC + High Pressure (Caution),359,50,160,282,13.92757660167131,44.56824512534819,78.55153203342618
33,ChIJ47-rYcQJxkcRQXupLHGfvGo,Clemens Hotel Amsterdam,9.739294008927526,23.68857113471872,25.516778727853563,Felix Meritisbuurt,Grachtengordel-West,POINT (4.8859974 52.373532999999995),"POLYGON((4.882614 52.368932,4.884411 52.368862,4.886623 52.368792,4.887279 52.368762,4.887679 52.368756,4.88784 52.368764,4.887828 52.368803,4.888126 52.370301,4.888509 52.372324,4.888766 52.373038,4.888822 52.373147,4.888855 52.37326,4.886906 52.37342,4.88666 52.373456,4.886468 52.373506,4.886299 52.373571,4.885833 52.373823,4.885708 52.373881,4.885558 52.373934,4.88539 52.373977,4.885158 52.373998,4.883385 52.374065,4.883069 52.373992,4.882614 52.368932))",4844.1977744888445,62291.36079592172,118909.49339472674,Low,Medium,Medium,Medium,High,High,Low AC + Medium Pressure (Monitor),Medium AC + High Pressure (Caution),Medium AC + High Pressure (Caution),712,76,386,549,10.674157303370785,54.21348314606742,77.10674157303372
34,ChIJ4SKfTscJxkcRcUEZj2dlGJ4,Hotel Doria Amsterdam,13.483292425799368,22.436578306920424,25.595723735870944,Oude Kerk e.o.,Burgwallen-Oude Zijde,POINT (4.8943598999999995 52.3724415),"POLYGON((4.893011 52.372707,4.893836 52.372536,4.894821 52.372199,4.895876 52.37186,4.896856 52.372674,4.898724 52.374116,4.899014 52.374374,4.899406 52.374749,4.899233 52.374789,4.898001 52.375238,4.897889 52.37516,4.89708 52.375505,4.896473 52.375764,4.894364 52.374067,4.893565 52.373489,4.893299 52.3732,4.893011 52.372707))",20505.176122348297,77855.91530998191,118205.57134243271,Medium,Low,Medium,High,High,High,Medium AC + High Pressure (Caution),Low AC + High Pressure (Critical),Medium AC + High Pressure (Caution),1323,356,808,1041,26.90854119425548,61.07331821617535,78.68480725623583
35,ChIJ4TCXoJgJxkcRa8jSbESQzcM,The Lancaster Hotel Amsterdam,15.887707586512459,27.763105274048673,24.632788153027416,Plantage,Weesperbuurt/Plantage,POINT (4.9129011 52.3658723),"POLYGON((4.906116 52.366765,4.906323 52.366618,4.90722 52.366413,4.90736 52.366375,4.907553 52.366307,4.907733 52.366227,4.907931 52.366112,4.908099 52.365987,4.908245 52.365698,4.908877 52.365816,4.91055 52.365256,4.91126 52.365003,4.913342 52.364287,4.914387 52.363945,4.915112 52.363708,4.915144 52.363661,4.915891 52.363404,4.915976 52.363383,4.916155 52.363356,4.916385 52.363351,4.916566 52.36337,4.916779 52.363423,4.918457 52.363884,4.919635 52.364364,4.920365 52.364701,4.920552 52.36482,4.921268 52.365276,4.921623 52.365575,4.921243 52.366102,4.910685 52.3697,4.910038 52.369315,4.909685 52.369068,4.907105 52.367342,4.906546 52.366984,4.90637 52.366888,4.906116 52.366765))",755.946280765225,12595.197390780024,89086.69615743024,Medium,High,Low,Low,Low,Medium,Medium AC + Low Pressure (Opportunity),High AC + Low Pressure (Potential),Low AC + Medium Pressure (Monitor),2736,152,597,1593,5.555555555555555,21.820175438596493,58.223684210526315
36,ChIJ4_Fen-YJxkcRnoIKfR2zVDg,Huygens Place Amsterdam,26.85823706308626,28.00304854032482,27.991498428444228,Vondelparkbuurt-Oost,Vondelparkbuurt,POINT (4.8757527 52.362350299999996),"POLYGON((4.873627 52.362323,4.873844 52.361993,4.87392 52.361759,4.874062 52.361489,4.874092 52.361405,4.874096 52.361295,4.874067 52.361247,4.873972 52.361169,4.873853 52.361113,4.873936 52.360997,4.874019 52.361019,4.874077 52.360982,4.874158 52.360965,4.874254 52.360931,4.874396 52.360928,4.874606 52.360911,4.87503 52.360785,4.875245 52.360683,4.875316 52.360674,4.875393 52.36068,4.875469 52.360706,4.875532 52.36075,4.875601 52.360819,4.875826 52.36077,4.87587 52.360716,4.876184 52.360807,4.87626 52.360738,4.876497 52.3608,4.876567 52.360698,4.876556 52.360681,4.876594 52.360626,4.876621 52.360618,4.876633 52.360581,4.876953 52.36066,4.876933 52.360689,4.877036 52.360715,4.877021 52.360738,4.876985 52.360736,4.876968 52.36076,4.876916 52.360774,4.876888 52.360767,4.876749 52.360968,4.877197 52.361095,4.877359 52.360863,4.877388 52.360871,4.877454 52.360781,4.878587 52.361093,4.880603 52.361632,4.882099 52.362056,4.881963 52.362119,4.881853 52.362186,4.881748 52.36228,4.881716 52.362323,4.88166 52.362416,4.88162 52.36251,4.881576 52.362765,4.881517 52.362938,4.881413 52.363127,4.881236 52.36327,4.881121 52.363362,4.880851 52.363543,4.880708 52.363627,4.880543 52.36371,4.88026 52.363825,4.880062 52.363888,4.879781 52.363963,4.879604 52.364039,4.879496 52.364109,4.879421 52.364179,4.879359 52.364259,4.879317 52.364344,4.878642 52.364129,4.878712 52.363996,4.878869 52.363804,4.876435 52.363055,4.875293 52.362751,4.873627 52.362323))",3646.9653017595783,42622.603080633664,92674.95324233951,High,High,High,Medium,Medium,Medium,High AC + Medium Pressure (Manageable),High AC + Medium Pressure (Manageable),High AC + Medium Pressure (Manageable),1613,80,665,966,4.959702417854929,41.2275263484191,59.88840669559826
37,ChIJ4eWiagQKxkcRf5j280yfbfE,INNSiDE by Melia Amsterdam,21.035107285403555,27.877915230138516,29.009983798365962,Zuidas-Noord,Zuidas,POINT (4.8709910999999995 52.339881999999996),"POLYGON((4.857095 52.338902,4.857099 52.338829,4.85758 52.338853,4.857617 52.337863,4.857599 52.336999,4.858214 52.336994,4.858585 52.336946,4.859137 52.336909,4.859848 52.336833,4.859989 52.336826,4.86031 52.336831,4.860473 52.336846,4.860605 52.336881,4.860766 52.336942,4.860953 52.337033,4.861029 52.337075,4.861213 52.337207,4.86132 52.337268,4.861628 52.337474,4.86174 52.33754,4.861975 52.337656,4.86208 52.3377,4.862262 52.337755,4.862388 52.33778,4.862669 52.337809,4.863263 52.337846,4.86461 52.337913,4.86601 52.337973,4.866697 52.33801,4.866927 52.338029,4.868686 52.33811,4.872006 52.33828,4.873434 52.338339,4.875216 52.338367,4.876645 52.338368,4.87928 52.338375,4.880617 52.338368,4.881925 52.338325,4.88312 52.33827,4.883961 52.338202,4.884227 52.338173,4.884628 52.338116,4.88507 52.341242,4.885297 52.341233,4.885405 52.342006,4.879039 52.341776,4.878318 52.341793,4.877146 52.34182,4.876052 52.341808,4.864983 52.341396,4.864804 52.343159,4.863005 52.342605,4.86282 52.34256,4.862657 52.342534,4.862507 52.342518,4.862289 52.342512,4.859679 52.342549,4.859471 52.342546,4.859174 52.342518,4.858055 52.34236,4.8573 52.342254,4.85734 52.342144,4.857334 52.342101,4.857435 52.341771,4.857462 52.341537,4.857414 52.34122,4.857326 52.340846,4.857199 52.340164,4.857159 52.339883,4.857137 52.33957,4.857163 52.339161,4.857159 52.339088,4.857116 52.338921,4.857095 52.338902))",263.60713698404857,3907.399550512525,23059.095214602858,High,High,High,Low,Low,Low,High AC + Low Pressure (Potential),High AC + Low Pressure (Potential),High AC + Low Pressure (Potential),1292,37,155,230,2.863777089783282,11.996904024767801,17.80185758513932
38,ChIJ4xC5Zu8JxkcRslO1FqW2SPI,Hotel Bellington,9.665583200534146,25.373464704495447,27.560854526459416,P.C. Hooftbuurt,Museumkwartier,POINT (4.8805683 52.360366),"POLYGON((4.877154 52.360101,4.878568 52.358153,4.883359 52.359432,4.883405 52.35945,4.883482 52.359496,4.883536 52.359554,4.883563 52.359618,4.883561 52.359684,4.883273 52.360145,4.883226 52.36029,4.884275 52.360568,4.884488 52.360643,4.88465 52.360727,4.885386 52.361236,4.884404 52.361727,4.884235 52.361794,4.884046 52.361849,4.883846 52.361888,4.883639 52.36191,4.882635 52.361928,4.882511 52.361938,4.882398 52.361957,4.882324 52.361581,4.882398 52.361478,4.880494 52.360974,4.880378 52.36092,4.877922 52.360277,4.877154 52.360101))",5628.172394891191,44399.16510442361,103030.50923641944,Low,High,High,High,Medium,Medium,Low AC + High Pressure (Critical),High AC + Medium Pressure (Manageable),High AC + Medium Pressure (Manageable),345,32,147,203,9.27536231884058,42.608695652173914,58.84057971014492
39,ChIJ4yHtluwJxkcRIayRi7Wipfo,Euphemia Old City Canal Zone,16.840847839147326,23.56664492577284,27.310467857574654,Weteringbuurt,De Weteringschans,POINT (4.8916205 52.3605477),"POLYGON((4.886829 52.361615,4.886983 52.361539,4.890016 52.36009,4.89012 52.360071,4.890777 52.360025,4.896185 52.359696,4.896211 52.359874,4.896181 52.360253,4.896088 52.36162,4.895908 52.361605,4.888099 52.362673,4.888035 52.362693,4.887968 52.362714,4.887875 52.362774,4.887699 52.362558,4.886829 52.361615))",4904.552705147179,54269.69484185715,131770.24195581867,Medium,Medium,High,Medium,Medium,High,Medium AC + Medium Pressure (Balanced),Medium AC + Medium Pressure (Balanced),High AC + High Pressure (Stress),936,23,369,741,2.4572649572649574,39.42307692307692,79.16666666666666
40,ChIJ4zA2tMsJxkcRZhl5GUU843I,Room Mate Aitana,14.84157221150225,22.50154386383332,24.119033096799654,Westerdokseiland,Haarlemmerbuurt,POINT (4.8939945 52.384810599999994),"POLYGON((4.890186 52.382395,4.890637 52.382179,4.890642 52.382161,4.891499 52.381763,4.891898 52.381608,4.894487 52.380663,4.894508 52.380683,4.894726 52.3806,4.894709 52.380583,4.894862 52.380537,4.894849 52.380524,4.895807 52.380144,4.896657 52.38106,4.898773 52.38297,4.898665 52.383044,4.897916 52.383676,4.897312 52.384271,4.896764 52.384887,4.896247 52.385649,4.895878 52.386362,4.895661 52.386923,4.895083 52.388692,4.892367 52.388525,4.892315 52.388358,4.892302 52.388223,4.892309 52.388207,4.892214 52.388191,4.892075 52.388507,4.891015 52.388441,4.891067 52.388277,4.891178 52.387781,4.890644 52.383246,4.89075 52.382997,4.890186 52.382395))",169.5960642438195,12050.765444279998,67566.7863290029,Medium,Low,Low,Low,Low,Low,Medium AC + Low Pressure (Opportunity),Low AC + Low Pressure (Limited Interest),Low AC + Low Pressure (Limited Interest),5935,97,790,2562,1.6343723673125525,13.310867733782644,43.167649536647005
41,ChIJ5U4SjYYJxkcRvqlnMnET-ds,Hotel Flipper,4.866043390246731,25.403275722407866,27.949568576707506,IJselbuurt-Oost,IJselbuurt,POINT (4.9086919 52.3488883),"POLYGON((4.904194 52.349075,4.905237 52.346292,4.912708 52.347337,4.912233 52.348115,4.911065 52.35003,4.905339 52.349228,4.904194 52.349075))",58.379159129529114,7012.652579071424,32026.030806336672,Low,High,High,Low,Low,Low,Low AC + Low Pressure (Limited Interest),High AC + Low Pressure (Potential),High AC + Low Pressure (Potential),1287,9,87,216,0.6993006993006993,6.75990675990676,16.783216783216783
42,ChIJ5Uk86CkJxkcR2sQFZqPlGUM,Hotel Continental,10.397802517729662,24.067703074053473,25.38697744958032,Nieuwe Kerk e.o.,Burgwallen-Nieuwe Zijde,POINT (4.8961251 52.375817299999994),"POLYGON((4.890589 52.373174,4.890573 52.372947,4.890605 52.372643,4.89137 52.372719,4.891752 52.372725,4.892126 52.372742,4.892975 52.372708,4.893011 52.372707,4.893299 52.3732,4.893565 52.373489,4.894364 52.374067,4.896473 52.375764,4.896266 52.375819,4.895702 52.376036,4.895622 52.376115,4.895472 52.376156,4.895342 52.376181,4.8951 52.376206,4.893582 52.376221,4.89245 52.375459,4.892069 52.375192,4.891934 52.375074,4.891756 52.374874,4.891352 52.374452,4.890938 52.373991,4.89088 52.373892,4.89065 52.373392,4.890589 52.373174))",14758.152496848104,69965.89426081236,104883.08288110507,Low,Medium,Low,High,High,Medium,Low AC + High Pressure (Critical),Medium AC + High Pressure (Caution),Low AC + Medium Pressure (Monitor),1014,243,644,803,23.964497041420117,63.510848126232744,79.19132149901381
43,ChIJ5WeQe00JxkcRuu1F6aUBHW0,"The Hoxton, Lloyd Amsterdam",22.412143991767984,23.49927568847587,25.532158369730762,Rietlanden,Oostelijk Havengebied,POINT (4.934660099999999 52.374241399999995),"POLYGON((4.927698 52.373914,4.927907 52.373853,4.928551 52.373681,4.929403 52.373475,4.929855 52.373345,4.930191 52.373225,4.930551 52.373077,4.93088 52.37292,4.931178 52.372751,4.931432 52.372586,4.931749 52.37235,4.931974 52.372156,4.932106 52.371983,4.93218 52.371958,4.932259 52.371962,4.932396 52.371785,4.932332 52.371749,4.932321 52.371732,4.932325 52.371699,4.932507 52.371504,4.932628 52.371279,4.932768 52.370903,4.932778 52.370731,4.932817 52.370693,4.932849 52.370683,4.932895 52.370683,4.9329 52.370665,4.932915 52.370666,4.932942 52.370547,4.933578 52.371037,4.933663 52.371084,4.933701 52.371094,4.938493 52.371142,4.938477 52.371852,4.938441 52.373507,4.939974 52.373678,4.940077 52.373715,4.940158 52.37377,4.940196 52.373813,4.940225 52.373885,4.940218 52.373959,4.940193 52.374006,4.940154 52.374049,4.939821 52.374278,4.939522 52.37451,4.938707 52.375245,4.929052 52.376921,4.927698 52.373914))",1151.4327139176671,1581.1927314586412,11126.29496245135,High,Medium,Medium,Medium,Low,Low,High AC + Medium Pressure (Manageable),Medium AC + Low Pressure (Opportunity),Medium AC + Low Pressure (Opportunity),373,17,25,39,4.557640750670242,6.702412868632708,10.455764075067025
44,ChIJ5ZfLOMYJxkcRqbJFH0Vl1W0,Hotel The Craftsmen,6.232415670136353,23.156463751198647,24.90474140360308,Spuistraat-Noord,Burgwallen-Nieuwe Zijde,POINT (4.8917063999999995 52.3762665),"POLYGON((4.888855 52.37326,4.890589 52.373174,4.89065 52.373392,4.89088 52.373892,4.890938 52.373991,4.891352 52.374452,4.891756 52.374874,4.891934 52.375074,4.892069 52.375192,4.89245 52.375459,4.893582 52.376221,4.8942 52.376609,4.892082 52.377032,4.891315 52.376324,4.891181 52.376192,4.889673 52.37482,4.889303 52.374462,4.88926 52.374309,4.888909 52.37344,4.888855 52.37326))",6782.419010031244,67502.79674395658,109695.89760456064,Low,Medium,Low,High,High,Medium,Low AC + High Pressure (Critical),Medium AC + High Pressure (Caution),Low AC + Medium Pressure (Monitor),370,30,167,229,8.108108108108109,45.13513513513514,61.891891891891895
45,ChIJ5ZrLSOIJxkcRFcNMGjjmyNU,Hotel De Filosoof,7.19584662153083,29.17702111324908,28.484548342010996,Vondelparkbuurt-Midden,Vondelparkbuurt,POINT (4.8694937 52.3607368),"POLYGON((4.864693 52.360101,4.864935 52.359682,4.865263 52.359201,4.865452 52.359009,4.865486 52.359014,4.865524 52.358862,4.86554 52.358854,4.865801 52.358822,4.865909 52.358936,4.86591 52.35912,4.866881 52.359352,4.868152 52.359643,4.868646 52.359769,4.869959 52.360124,4.870061 52.359983,4.871247 52.360284,4.871303 52.360202,4.871476 52.360248,4.871277 52.360541,4.871391 52.360569,4.871541 52.360356,4.871846 52.360351,4.871916 52.360361,4.872181 52.360409,4.872455 52.360476,4.873017 52.360646,4.873291 52.360751,4.873521 52.360738,4.873608 52.360752,4.873728 52.360785,4.873789 52.360808,4.873829 52.360855,4.873857 52.360977,4.873936 52.360997,4.873853 52.361113,4.873972 52.361169,4.874067 52.361247,4.874096 52.361295,4.874092 52.361405,4.874062 52.361489,4.87392 52.361759,4.873844 52.361993,4.873627 52.362323,4.86899 52.361102,4.86833 52.36093,4.867916 52.360833,4.86554 52.360295,4.864693 52.360101))",346.9740174313435,26467.26799320287,70744.5592281971,Low,High,High,Low,Medium,Low,Low AC + Low Pressure (Limited Interest),High AC + Medium Pressure (Manageable),High AC + Low Pressure (Potential),3,0,1,3,0.0,33.33333333333333,100.0
46,ChIJ5bc6yY0JxkcR6v1S2rNvJXU,The Arcade Hotel Amsterdam,21.72114601751215,23.81277903302413,27.723377581384234,Van der Helstpleinbuurt,Nieuwe Pijp,POINT (4.897583 52.353637),"POLYGON((4.894556 52.35325,4.894788 52.352895,4.894837 52.352628,4.894912 52.351936,4.8946 52.351888,4.894774 52.351429,4.894747 52.351322,4.897588 52.351724,4.897679 52.351778,4.898092 52.351837,4.898961 52.351597,4.903033 52.352171,4.902823 52.352776,4.902665 52.353067,4.902547 52.353258,4.901999 52.353916,4.901626 52.354327,4.901246 52.354828,4.89909 52.354149,4.894556 52.35325))",574.1231705311626,17036.568875733155,70621.48889985199,High,Medium,High,Low,Low,Low,High AC + Low Pressure (Potential),Medium AC + Low Pressure (Opportunity),High AC + Low Pressure (Potential),2159,101,491,975,4.678091709124595,22.742010189902732,45.15979620194535
47,ChIJ621fKZMJxkcRerhBMBovR_0,Hotel Kap,26.653847070252212,22.616608028744505,27.194449290803075,Den Texbuurt,De Weteringschans,POINT (4.893612 52.358993),"POLYGON((4.8863 52.36078,4.887389 52.360232,4.887686 52.360074,4.88795 52.359896,4.888175 52.359705,4.888292 52.359585,4.888412 52.359441,4.888644 52.35923,4.888931 52.359019,4.889253 52.358828,4.889405 52.358752,4.889605 52.358667,4.889807 52.358594,4.890008 52.358532,4.890216 52.358479,4.890437 52.358432,4.890655 52.358397,4.89088 52.358369,4.896177 52.358047,4.89639 52.359529,4.896388 52.359683,4.896185 52.359696,4.890777 52.360025,4.89012 52.360071,4.890016 52.36009,4.886983 52.361539,4.886786 52.361331,4.886551 52.360986,4.886442 52.360887,4.8863 52.36078))",2437.2011182371316,39307.082442580715,118615.14098558351,High,Low,High,Medium,Medium,High,High AC + Medium Pressure (Manageable),Low AC + Medium Pressure (Monitor),High AC + High Pressure (Stress),369,7,153,255,1.8970189701897018,41.46341463414634,69.10569105691057
48,ChIJ6RXS3k0JxkcRKNSn1PoCciI,limehome Amsterdam Leidsekruisstraat,11.801660409141808,24.357829365121482,27.213626795905803,Leidsebuurt-Noordoost,De Weteringschans,POINT (4.8853753 52.363647699999994),"POLYGON((4.882589 52.363906,4.883568 52.36324,4.886829 52.361615,4.887699 52.362558,4.887875 52.362774,4.884754 52.364839,4.884571 52.364944,4.884469 52.365026,4.883165 52.364403,4.882979 52.364242,4.882589 52.363906))",10290.887244422518,60765.402072027624,134566.33514224633,Low,Medium,High,High,High,High,Low AC + High Pressure (Critical),Medium AC + High Pressure (Caution),High AC + High Pressure (Stress),6,2,3,6,33.33333333333333,50.0,100.0
49,ChIJ6SotGMcJxkcRzbvSeq1YjJ4,Swissotel Amsterdam,14.81593918328883,21.98603923683082,25.390743620089772,Nieuwe Kerk e.o.,Burgwallen-Nieuwe Zijde,POINT (4.8933273 52.373610199999995),"POLYGON((4.890589 52.373174,4.890573 52.372947,4.890605 52.372643,4.89137 52.372719,4.891752 52.372725,4.892126 52.372742,4.892975 52.372708,4.893011 52.372707,4.893299 52.3732,4.893565 52.373489,4.894364 52.374067,4.896473 52.375764,4.896266 52.375819,4.895702 52.376036,4.895622 52.376115,4.895472 52.376156,4.895342 52.376181,4.8951 52.376206,4.893582 52.376221,4.89245 52.375459,4.892069 52.375192,4.891934 52.375074,4.891756 52.374874,4.891352 52.374452,4.890938 52.373991,4.89088 52.373892,4.89065 52.373392,4.890589 52.373174))",19119.684207641287,73954.21465767692,119960.52211807268,Medium,Low,Low,High,High,High,Medium AC + High Pressure (Caution),Low AC + High Pressure (Critical),Low AC + High Pressure (Critical),2321,493,1380,1737,21.240844463593277,59.45713054717794,74.83843171046962
50,ChIJ6XmrZcgJxkcRlhUW6aniyxs,Hotel Canalview,6.641616614102327,22.10557858797847,24.55998211298402,Hemelrijk,Burgwallen-Nieuwe Zijde,POINT (4.893898399999999 52.3782474),"POLYGON((4.892082 52.377032,4.8942 52.376609,4.894422 52.376738,4.894775 52.376916,4.894966 52.37704,4.895104 52.377147,4.895584 52.3776,4.895663 52.377661,4.895748 52.377712,4.89585 52.377757,4.895954 52.377792,4.896895 52.378001,4.897713 52.378678,4.897528 52.378761,4.895468 52.379856,4.895194 52.379624,4.894341 52.37903,4.894004 52.378766,4.893914 52.378696,4.892082 52.377032))",7818.705585704106,64045.84509126788,99772.51696541139,Low,Low,Low,High,High,Medium,Low AC + High Pressure (Critical),Low AC + High Pressure (Critical),Low AC + Medium Pressure (Monitor),183,20,87,111,10.92896174863388,47.540983606557376,60.65573770491803
51,ChIJ706bYXPixUcRlZl7hexmFs4,Chasse Hotel West,20.47321734479525,24.928037775445443,27.012596320475264,Kortenaerkwartier,Chassébuurt,POINT (4.8616807 52.3697205),"POLYGON((4.858893 52.371446,4.859257 52.369425,4.859242 52.369306,4.859021 52.368808,4.859 52.368661,4.859205 52.368686,4.861498 52.36881,4.863284 52.368239,4.865028 52.370138,4.864039 52.370487,4.863656 52.370668,4.863266 52.370849,4.862997 52.370927,4.859969 52.371499,4.859773 52.371517,4.859609 52.371514,4.859076 52.371459,4.858893 52.371446))",284.87715836211146,9699.26212793948,33766.39264375377,High,Medium,High,Low,Low,Low,High AC + Low Pressure (Potential),Medium AC + Low Pressure (Opportunity),High AC + Low Pressure (Potential),1281,31,134,320,2.419984387197502,10.460577673692429,24.98048399687744
52,ChIJ734ObuUJxkcRRvdj29-GlwI,Conservatorium Hotel,10.611717898344445,25.876027661395685,28.597466930932704,P.C. Hooftbuurt,Museumkwartier,POINT (4.8794723 52.3585521),"POLYGON((4.877154 52.360101,4.878568 52.358153,4.883359 52.359432,4.883405 52.35945,4.883482 52.359496,4.883536 52.359554,4.883563 52.359618,4.883561 52.359684,4.883273 52.360145,4.883226 52.36029,4.884275 52.360568,4.884488 52.360643,4.88465 52.360727,4.885386 52.361236,4.884404 52.361727,4.884235 52.361794,4.884046 52.361849,4.883846 52.361888,4.883639 52.36191,4.882635 52.361928,4.882511 52.361938,4.882398 52.361957,4.882324 52.361581,4.882398 52.361478,4.880494 52.360974,4.880378 52.36092,4.877922 52.360277,4.877154 52.360101))",12997.059310420434,41353.0705476073,86845.91755741928,Low,High,High,High,Medium,Medium,Low AC + High Pressure (Critical),High AC + Medium Pressure (Manageable),High AC + Medium Pressure (Manageable),6239,451,1614,2839,7.228722551690976,25.869530373457284,45.50408719346049
53,ChIJ7QOvA8gJxkcRbo1RFb54Dnk,Hotel Jimmy,11.651931577309362,22.45040473183135,24.708165078759308,Nieuwendijk-Noord,Burgwallen-Nieuwe Zijde,POINT (4.8961805 52.377717499999996),"POLYGON((4.893582 52.376221,4.8951 52.376206,4.895342 52.376181,4.895472 52.376156,4.895622 52.376115,4.895702 52.376036,4.896266 52.375819,4.896473 52.375764,4.89708 52.375505,4.899141 52.376971,4.899692 52.377303,4.898867 52.377741,4.898667 52.378012,4.898562 52.378122,4.898442 52.378227,4.898062 52.378505,4.897931 52.378579,4.897713 52.378678,4.896895 52.378001,4.895954 52.377792,4.89585 52.377757,4.895748 52.377712,4.895663 52.377661,4.895584 52.3776,4.895104 52.377147,4.894966 52.37704,4.894775 52.376916,4.894422 52.376738,4.8942 52.376609,4.893582 52.376221))",10253.738803924793,62017.88620292715,102987.25637230718,Low,Low,Low,High,High,Medium,Low AC + High Pressure (Critical),Low AC + High Pressure (Critical),Low AC + Medium Pressure (Monitor),333,47,183,231,14.114114114114114,54.95495495495496,69.36936936936937
54,ChIJ7QhSkOYJxkcRYWNXnzHjdfc,Hotel Espresso City Centre,31.41525910044344,27.44827006382355,27.782828925070184,Vondelparkbuurt-Oost,Vondelparkbuurt,POINT (4.8764528 52.362842099999995),"POLYGON((4.873627 52.362323,4.873844 52.361993,4.87392 52.361759,4.874062 52.361489,4.874092 52.361405,4.874096 52.361295,4.874067 52.361247,4.873972 52.361169,4.873853 52.361113,4.873936 52.360997,4.874019 52.361019,4.874077 52.360982,4.874158 52.360965,4.874254 52.360931,4.874396 52.360928,4.874606 52.360911,4.87503 52.360785,4.875245 52.360683,4.875316 52.360674,4.875393 52.36068,4.875469 52.360706,4.875532 52.36075,4.875601 52.360819,4.875826 52.36077,4.87587 52.360716,4.876184 52.360807,4.87626 52.360738,4.876497 52.3608,4.876567 52.360698,4.876556 52.360681,4.876594 52.360626,4.876621 52.360618,4.876633 52.360581,4.876953 52.36066,4.876933 52.360689,4.877036 52.360715,4.877021 52.360738,4.876985 52.360736,4.876968 52.36076,4.876916 52.360774,4.876888 52.360767,4.876749 52.360968,4.877197 52.361095,4.877359 52.360863,4.877388 52.360871,4.877454 52.360781,4.878587 52.361093,4.880603 52.361632,4.882099 52.362056,4.881963 52.362119,4.881853 52.362186,4.881748 52.36228,4.881716 52.362323,4.88166 52.362416,4.88162 52.36251,4.881576 52.362765,4.881517 52.362938,4.881413 52.363127,4.881236 52.36327,4.881121 52.363362,4.880851 52.363543,4.880708 52.363627,4.880543 52.36371,4.88026 52.363825,4.880062 52.363888,4.879781 52.363963,4.879604 52.364039,4.879496 52.364109,4.879421 52.364179,4.879359 52.364259,4.879317 52.364344,4.878642 52.364129,4.878712 52.363996,4.878869 52.363804,4.876435 52.363055,4.875293 52.362751,4.873627 52.362323))",3645.8780902263875,47357.97664857753,104828.32220577756,High,High,High,Medium,Medium,Medium,High AC + Medium Pressure (Manageable),High AC + Medium Pressure (Manageable),High AC + Medium Pressure (Manageable),2141,103,866,1300,4.810836057916861,40.44838860345633,60.71929005137786
55,ChIJ7SvccJUJxkcRFE_Zp4KX2-c,Hotel Royal Amsterdam,21.862576712661774,22.67177470096985,26.04115759027777,Rembrandtplein e.o.,Grachtengordel-Zuid,POINT (4.8972883 52.3657281),"POLYGON((4.892818 52.36518,4.895874 52.364754,4.896908 52.364966,4.897537 52.365087,4.901217 52.365779,4.900752 52.366625,4.899284 52.367172,4.898795 52.367263,4.898242 52.36732,4.89725 52.367428,4.897128 52.367428,4.896077 52.367379,4.895268 52.367368,4.895052 52.367331,4.894831 52.367308,4.894323 52.367287,4.894147 52.367289,4.893881 52.36729,4.893807 52.367265,4.893466 52.367042,4.893296 52.366678,4.893155 52.36609,4.893008 52.365641,4.892898 52.365425,4.892818 52.36518))",5675.604122129035,47591.52255659705,137345.08019514332,High,Low,Medium,High,Medium,High,High AC + High Pressure (Stress),Low AC + Medium Pressure (Monitor),Medium AC + High Pressure (Caution),904,144,386,711,15.929203539823009,42.69911504424779,78.6504424778761
56,ChIJ7XWX6cAJxkcRHoJ2oaDKhKM,Mister Highland Hotel Amsterdam,13.424520151004279,22.480451761299594,25.716445341163574,Nes e.o.,Burgwallen-Oude Zijde,POINT (4.8931306999999995 52.370673599999996),"POLYGON((4.892975 52.372708,4.892921 52.372564,4.892882 52.372372,4.892842 52.371759,4.892803 52.371494,4.892538 52.370449,4.89247 52.370246,4.892049 52.36921,4.892014 52.369051,4.892392 52.369081,4.893512 52.369177,4.893666 52.369217,4.894263 52.369231,4.894755 52.370762,4.894826 52.370898,4.894959 52.371051,4.895204 52.371299,4.895876 52.37186,4.894821 52.372199,4.893836 52.372536,4.893011 52.372707,4.892975 52.372708))",7228.122238666886,78146.05010140875,126662.46620621608,Medium,Low,Medium,High,High,High,Medium AC + High Pressure (Caution),Low AC + High Pressure (Critical),Medium AC + High Pressure (Caution),1029,133,593,851,12.925170068027212,57.6287657920311,82.70165208940719
57,ChIJ7Z1NOpsJxkcRRj1nkB_C_Sg,Hotel Pagi Amsterdam,16.992042337971462,21.665502927249584,26.26828070502591,Begijnhofbuurt,Burgwallen-Nieuwe Zijde,POINT (4.8917563 52.3692923),"POLYGON((4.889189 52.368703,4.889755 52.368785,4.890219 52.368863,4.890469 52.368833,4.890967 52.368916,4.891142 52.368983,4.891215 52.368992,4.8914 52.369011,4.892014 52.369051,4.892049 52.36921,4.89247 52.370246,4.892538 52.370449,4.892803 52.371494,4.892842 52.371759,4.892882 52.372372,4.892921 52.372564,4.892975 52.372708,4.892126 52.372742,4.891752 52.372725,4.89137 52.372719,4.890605 52.372643,4.890646 52.372251,4.890679 52.371644,4.890671 52.37153,4.890643 52.371422,4.890595 52.371316,4.890319 52.370838,4.8902 52.370688,4.890062 52.370551,4.889708 52.370094,4.88951 52.36971,4.889353 52.36935,4.889303 52.368908,4.889254 52.368804,4.889189 52.368703))",4773.4505289700155,83646.41424107876,141177.13347585374,Medium,Low,Medium,Medium,High,High,Medium AC + Medium Pressure (Balanced),Low AC + High Pressure (Critical),Medium AC + High Pressure (Caution),825,58,519,686,7.030303030303029,62.909090909090914,83.15151515151516
58,ChIJ7ZBboecJxkcRkLBn8cQtB2Q,NL-Hotel district Leidseplein,34.84931566835734,27.49738984600559,27.02520990788005,Helmersbuurt-Oost,Helmersbuurt,POINT (4.8780905 52.3656873),"POLYGON((4.873352 52.36555,4.875293 52.362751,4.876435 52.363055,4.878869 52.363804,4.878712 52.363996,4.878642 52.364129,4.879317 52.364344,4.879264 52.364487,4.879231 52.364631,4.879218 52.364778,4.879225 52.364925,4.879232 52.364988,4.879219 52.365126,4.879186 52.365261,4.879136 52.365382,4.87907 52.365501,4.87896 52.365663,4.878817 52.365834,4.878701 52.365947,4.878534 52.366081,4.878397 52.366173,4.878137 52.36631,4.877889 52.366466,4.877726 52.366588,4.877518 52.366772,4.873352 52.36555))",1650.6061503042258,47226.97714191744,116657.58499150358,High,High,High,Medium,Medium,High,High AC + Medium Pressure (Manageable),High AC + Medium Pressure (Manageable),High AC + High Pressure (Stress),780,18,298,548,2.307692307692308,38.205128205128204,70.25641025641025
59,ChIJ7_I7j54JxkcRJmoGAFRdW2M,Hotel Arena,23.164217646336265,27.838317696521976,25.614607186602218,Oosterpark,Oosterparkbuurt,POINT (4.9157595 52.3610979),"POLYGON((4.91508 52.361787,4.915811 52.360495,4.916146 52.35994,4.917445 52.358044,4.917772 52.358142,4.925295 52.360027,4.924624 52.360936,4.924128 52.361643,4.923984 52.361931,4.923577 52.362782,4.923497 52.362896,4.923405 52.362977,4.922313 52.363759,4.922201 52.363684,4.922067 52.363616,4.921918 52.363561,4.921766 52.363522,4.921485 52.363479,4.921105 52.363432,4.920388 52.363372,4.920213 52.363337,4.920047 52.363289,4.919878 52.363221,4.919719 52.363137,4.919029 52.362554,4.918873 52.362457,4.918707 52.362374,4.918427 52.362267,4.918131 52.362192,4.91781 52.362145,4.91749 52.362131,4.916415 52.362089,4.916241 52.362068,4.916005 52.362028,4.915781 52.36198,4.91508 52.361787))",158.778435564326,15632.587184125416,47201.17234007564,High,High,Medium,Low,Low,Low,High AC + Low Pressure (Potential),High AC + Low Pressure (Potential),Medium AC + Low Pressure (Opportunity),7991,91,1040,2421,1.1387811287698661,13.014641471655613,30.29658365661369
60,ChIJ7_JeDZALxkcR6zrSG75eNNI,Hampton by Hilton Amsterdam / Arena Boulevard,16.71381026259942,21.877011523565415,21.003593767076094,Amsterdamse Poort,Amsterdamse Poort e.o.,POINT (4.947841599999999 52.3130354),"POLYGON((4.94382 52.315024,4.943948 52.314881,4.943924 52.31482,4.943971 52.314672,4.946359 52.312063,4.947509 52.310809,4.952533 52.31254,4.957054 52.314098,4.958358 52.312671,4.958996 52.313108,4.958663 52.313673,4.958656 52.313722,4.958677 52.31376,4.958742 52.313802,4.960209 52.314308,4.960313 52.31436,4.960438 52.314439,4.960588 52.314576,4.960675 52.314703,4.961021 52.315509,4.960502 52.3156,4.960141 52.31559,4.959934 52.31561,4.95974 52.315657,4.959607 52.315708,4.959527 52.315749,4.959455 52.315796,4.959363 52.315874,4.958046 52.31731,4.95217 52.315292,4.951039 52.316532,4.950459 52.317168,4.946299 52.31574,4.945777 52.315592,4.945454 52.31551,4.945132 52.315449,4.944613 52.315295,4.94382 52.315024))",5084.181329825138,33022.0266403552,33635.302746258836,Medium,Low,Low,Medium,Medium,Low,Medium AC + Medium Pressure (Balanced),Low AC + Medium Pressure (Monitor),Low AC + Low Pressure (Limited Interest),5906,698,1726,1773,11.818489671520489,29.224517439891635,30.020318320352185
61,ChIJ7dwIk8YJxkcRuxiiMOudWl0,Hotel Die Port van Cleve,14.526059047751454,21.911519951249954,25.77815369859902,Spuistraat-Noord,Burgwallen-Nieuwe Zijde,POINT (4.8906021 52.3740512),"POLYGON((4.888855 52.37326,4.890589 52.373174,4.89065 52.373392,4.89088 52.373892,4.890938 52.373991,4.891352 52.374452,4.891756 52.374874,4.891934 52.375074,4.892069 52.375192,4.89245 52.375459,4.893582 52.376221,4.8942 52.376609,4.892082 52.377032,4.891315 52.376324,4.891181 52.376192,4.889673 52.37482,4.889303 52.374462,4.88926 52.374309,4.888909 52.37344,4.888855 52.37326))",16832.615304500356,75089.34407718029,119524.34714685084,Medium,Low,Medium,High,High,High,Medium AC + High Pressure (Caution),Low AC + High Pressure (Critical),Medium AC + High Pressure (Caution),3087,554,1729,2253,17.946226109491413,56.00907029478458,72.98347910592808
62,ChIJ7xDFe-YJxkcRnBPOeDb22I8,Prinsen Hotel,26.738409367298477,27.11243535261619,27.900040652463627,Vondelparkbuurt-Oost,Vondelparkbuurt,POINT (4.8776518 52.362503499999995),"POLYGON((4.873627 52.362323,4.873844 52.361993,4.87392 52.361759,4.874062 52.361489,4.874092 52.361405,4.874096 52.361295,4.874067 52.361247,4.873972 52.361169,4.873853 52.361113,4.873936 52.360997,4.874019 52.361019,4.874077 52.360982,4.874158 52.360965,4.874254 52.360931,4.874396 52.360928,4.874606 52.360911,4.87503 52.360785,4.875245 52.360683,4.875316 52.360674,4.875393 52.36068,4.875469 52.360706,4.875532 52.36075,4.875601 52.360819,4.875826 52.36077,4.87587 52.360716,4.876184 52.360807,4.87626 52.360738,4.876497 52.3608,4.876567 52.360698,4.876556 52.360681,4.876594 52.360626,4.876621 52.360618,4.876633 52.360581,4.876953 52.36066,4.876933 52.360689,4.877036 52.360715,4.877021 52.360738,4.876985 52.360736,4.876968 52.36076,4.876916 52.360774,4.876888 52.360767,4.876749 52.360968,4.877197 52.361095,4.877359 52.360863,4.877388 52.360871,4.877454 52.360781,4.878587 52.361093,4.880603 52.361632,4.882099 52.362056,4.881963 52.362119,4.881853 52.362186,4.881748 52.36228,4.881716 52.362323,4.88166 52.362416,4.88162 52.36251,4.881576 52.362765,4.881517 52.362938,4.881413 52.363127,4.881236 52.36327,4.881121 52.363362,4.880851 52.363543,4.880708 52.363627,4.880543 52.36371,4.88026 52.363825,4.880062 52.363888,4.879781 52.363963,4.879604 52.364039,4.879496 52.364109,4.879421 52.364179,4.879359 52.364259,4.879317 52.364344,4.878642 52.364129,4.878712 52.363996,4.878869 52.363804,4.876435 52.363055,4.875293 52.362751,4.873627 52.362323))",3457.505728224524,45725.092090116756,109716.11149481992,High,High,High,Medium,Medium,High,High AC + Medium Pressure (Manageable),High AC + Medium Pressure (Manageable),High AC + High Pressure (Stress),1471,28,592,935,1.9034670292318152,40.244731475186946,63.56220258327669
63,ChIJ7xPcstMJxkcRZ-T8TVAvA1o,Weber Hotel 397,22.352796770004378,25.407541314159037,27.22971358916972,Leidsebuurt-Zuidwest,De Weteringschans,POINT (4.8806211 52.364988499999995),"POLYGON((4.879225 52.364925,4.879218 52.364778,4.879231 52.364631,4.879264 52.364487,4.879317 52.364344,4.879359 52.364259,4.879421 52.364179,4.879496 52.364109,4.879604 52.364039,4.879781 52.363963,4.880062 52.363888,4.88026 52.363825,4.880543 52.36371,4.880708 52.363627,4.880851 52.363543,4.881121 52.363362,4.881236 52.36327,4.882589 52.363906,4.882979 52.364242,4.88258 52.36452,4.882294 52.364385,4.881799 52.36474,4.881681 52.364682,4.880873 52.365286,4.880719 52.365427,4.8801 52.365211,4.879225 52.364925))",5534.716219919968,52322.54168722249,130373.30915967768,High,High,High,Medium,Medium,High,High AC + Medium Pressure (Manageable),High AC + Medium Pressure (Manageable),High AC + High Pressure (Stress),79,10,37,72,12.658227848101266,46.835443037974684,91.13924050632912
64,ChIJ8-0Eb-kJxkcR2Md36jdqjds,Mozart Hotel,9.286830256101796,24.42791649277795,27.485458847489586,Leidsebuurt-Noordoost,De Weteringschans,POINT (4.8862517 52.3634809),"POLYGON((4.882589 52.363906,4.883568 52.36324,4.886829 52.361615,4.887699 52.362558,4.887875 52.362774,4.884754 52.364839,4.884571 52.364944,4.884469 52.365026,4.883165 52.364403,4.882979 52.364242,4.882589 52.363906))",7380.398673463794,59510.71336951159,131514.1101244313,Low,Medium,High,High,High,High,Low AC + High Pressure (Critical),Medium AC + High Pressure (Caution),High AC + High Pressure (Stress),1733,355,791,1405,20.484708597807273,45.643392960184656,81.0732833237161
65,ChIJ8Qy3OPIJxkcRkhW2cg5g8ec,"Sir Albert Hotel, part of Sircle Collection",20.991355576918135,23.717923375958737,28.255397434369222,Hercules Seghersbuurt,Oude Pijp,POINT (4.8873695999999995 52.354481),"POLYGON((4.886485 52.352236,4.886803 52.352231,4.887065 52.352247,4.891135 52.352792,4.890688 52.353993,4.890332 52.35484,4.890315 52.354943,4.890316 52.355031,4.890356 52.355267,4.890417 52.355436,4.889074 52.355163,4.886698 52.355295,4.886759 52.354622,4.886778 52.354412,4.886786 52.353938,4.886768 52.35355,4.886773 52.35338,4.886624 52.353149,4.886567 52.353029,4.886518 52.352889,4.886499 52.352767,4.886485 52.352236))",1911.2920024118835,36481.02483144219,75896.12602093953,High,Medium,High,Medium,Medium,Medium,High AC + Medium Pressure (Manageable),Medium AC + Medium Pressure (Balanced),High AC + Medium Pressure (Manageable),2471,164,742,1176,6.636989073249697,30.02832861189802,47.59206798866856
66,ChIJ8T8oy2nixUcRbw9oQ5bn6m0,Cityden BoLo District,19.86437112563679,26.61776914333178,25.628094755247844,Robert Scottbuurt-West,De Kolenkit,POINT (4.8446166 52.376326),"POLYGON((4.842137 52.37224,4.842602 52.372223,4.843038 52.372215,4.844394 52.372192,4.845278 52.372215,4.845555 52.372233,4.84592 52.372268,4.846086 52.372296,4.846368 52.372361,4.846784 52.372412,4.846665 52.372678,4.846355 52.373238,4.846088 52.374035,4.846038 52.374092,4.845965 52.374139,4.845873 52.374171,4.845792 52.374185,4.845558 52.375199,4.846017 52.375235,4.846474 52.375292,4.846865 52.375357,4.847418 52.375471,4.846083 52.37795,4.845214 52.377772,4.845079 52.377758,4.844941 52.377766,4.844068 52.377904,4.843012 52.375364,4.842642 52.374456,4.842407 52.373734,4.842336 52.373451,4.84224 52.372988,4.842137 52.37224))",338.17968535876764,2355.5955709039076,6275.557528915199,Medium,High,Medium,Low,Low,Low,Medium AC + Low Pressure (Opportunity),High AC + Low Pressure (Potential),Medium AC + Low Pressure (Opportunity),1470,13,74,118,0.8843537414965987,5.034013605442176,8.027210884353742
67,ChIJ8_EDbuYJxkcRSwZegC8Npik,Hotel Catalonia Vondel Amsterdam,27.1540426804692,27.13166280629984,27.85615445483443,Vondelparkbuurt-Oost,Vondelparkbuurt,POINT (4.8782768999999995 52.3626465),"POLYGON((4.873627 52.362323,4.873844 52.361993,4.87392 52.361759,4.874062 52.361489,4.874092 52.361405,4.874096 52.361295,4.874067 52.361247,4.873972 52.361169,4.873853 52.361113,4.873936 52.360997,4.874019 52.361019,4.874077 52.360982,4.874158 52.360965,4.874254 52.360931,4.874396 52.360928,4.874606 52.360911,4.87503 52.360785,4.875245 52.360683,4.875316 52.360674,4.875393 52.36068,4.875469 52.360706,4.875532 52.36075,4.875601 52.360819,4.875826 52.36077,4.87587 52.360716,4.876184 52.360807,4.87626 52.360738,4.876497 52.3608,4.876567 52.360698,4.876556 52.360681,4.876594 52.360626,4.876621 52.360618,4.876633 52.360581,4.876953 52.36066,4.876933 52.360689,4.877036 52.360715,4.877021 52.360738,4.876985 52.360736,4.876968 52.36076,4.876916 52.360774,4.876888 52.360767,4.876749 52.360968,4.877197 52.361095,4.877359 52.360863,4.877388 52.360871,4.877454 52.360781,4.878587 52.361093,4.880603 52.361632,4.882099 52.362056,4.881963 52.362119,4.881853 52.362186,4.881748 52.36228,4.881716 52.362323,4.88166 52.362416,4.88162 52.36251,4.881576 52.362765,4.881517 52.362938,4.881413 52.363127,4.881236 52.36327,4.881121 52.363362,4.880851 52.363543,4.880708 52.363627,4.880543 52.36371,4.88026 52.363825,4.880062 52.363888,4.879781 52.363963,4.879604 52.364039,4.879496 52.364109,4.879421 52.364179,4.879359 52.364259,4.879317 52.364344,4.878642 52.364129,4.878712 52.363996,4.878869 52.363804,4.876435 52.363055,4.875293 52.362751,4.873627 52.362323))",4575.6818505728215,45982.688757331576,110237.66524146247,High,High,High,Medium,Medium,High,High AC + Medium Pressure (Manageable),High AC + Medium Pressure (Manageable),High AC + High Pressure (Stress),2588,64,928,1614,2.472952086553323,35.85780525502319,62.364760432766616
68,ChIJ8aIni3zjxUcRHLo3kPu7aGg,Met Hotel Amsterdam,6.002447910309183,20.01260115689048,25.50584862473913,Overtoomse Veld-Zuid,Overtoomse Veld,POINT (4.8352803 52.362638),"POLYGON((4.83388 52.364057,4.833905 52.362465,4.833963 52.360678,4.834032 52.359622,4.834072 52.359274,4.842456 52.359352,4.842315 52.364144,4.83388 52.364057))",2.352025434413197,57.29446911143994,3611.870251603354,Low,Low,Medium,Low,Low,Low,Low AC + Low Pressure (Limited Interest),Low AC + Low Pressure (Limited Interest),Medium AC + Low Pressure (Opportunity),847,0,3,29,0.0,0.3541912632821724,3.4238488783943333
69,ChIJ8bfXC1_ixUcRB5kZ-zX1doM,Train Lodge,10.908545405576128,26.312480452352688,26.98099443627442,Sloterdijk Stationskwartier,Sloterdijk Nieuw-West,POINT (4.8407015 52.3886032),"POLYGON((4.819257 52.389038,4.819268 52.387484,4.82891 52.387554,4.831594 52.387412,4.831523 52.38488,4.836014 52.38495,4.839258 52.385018,4.839837 52.385036,4.843294 52.385101,4.843934 52.385089,4.84458 52.385103,4.844813 52.385108,4.844811 52.385146,4.844798 52.385146,4.844732 52.386384,4.844761 52.386922,4.844669 52.388623,4.844665 52.388757,4.844689 52.388756,4.844687 52.38892,4.844662 52.38892,4.844663 52.388899,4.844372 52.3889,4.844336 52.389522,4.844213 52.391808,4.844134 52.393288,4.844117 52.393849,4.844138 52.39428,4.844174 52.394607,4.844233 52.394945,4.844319 52.395304,4.843991 52.395258,4.843688 52.395231,4.843272 52.395141,4.84295 52.395061,4.842514 52.394933,4.84238 52.394915,4.842247 52.394882,4.841907 52.394762,4.841357 52.394542,4.841089 52.394422,4.840666 52.394211,4.837245 52.391623,4.836937 52.391378,4.836537 52.391083,4.836299 52.390925,4.835998 52.390749,4.835712 52.390599,4.835396 52.390449,4.835133 52.390338,4.834931 52.390259,4.834441 52.390091,4.834114 52.389995,4.833897 52.389939,4.833809 52.389916,4.833551 52.389857,4.832573 52.389692,4.831589 52.389544,4.830598 52.389413,4.829602 52.389299,4.828936 52.389232,4.827932 52.389145,4.826925 52.389076,4.819257 52.389038))",1460.3036781231158,2846.8561091925667,4538.651921284875,Low,High,High,Medium,Low,Low,Low AC + Medium Pressure (Monitor),High AC + Low Pressure (Potential),High AC + Low Pressure (Potential),1341,53,87,109,3.95227442207308,6.487695749440715,8.128262490678598
70,ChIJ8eFv0dHjxUcRGp7zNCdKpbw,Citiez Hotel Amsterdam,16.462536583850902,23.51519524306638,25.158756051944582,Osdorpplein e.o.,Osdorp-Oost,POINT (4.8041311 52.359252899999994),"POLYGON((4.79816 52.359183,4.799257 52.358035,4.8008 52.355183,4.809054 52.35685,4.808871 52.35719,4.813055 52.35803,4.812184 52.359726,4.81129 52.361465,4.80916 52.361033,4.808893 52.361125,4.808745 52.361159,4.808565 52.361185,4.808402 52.361196,4.808188 52.361193,4.808023 52.361177,4.806727 52.360916,4.79816 52.359183))",2242.2770925834566,5454.582086279668,6256.496848106122,Medium,Medium,Low,Medium,Low,Low,Medium AC + Medium Pressure (Balanced),Medium AC + Low Pressure (Opportunity),Low AC + Low Pressure (Limited Interest),2793,237,333,391,8.485499462943071,11.92266380236305,13.999283924095954
71,ChIJ8ewYqugJxkcR7jzBgRb-hvc,Amsterdam Marriott Hotel,23.524910793870653,25.823912816256623,27.57611301981883,Vondelparkbuurt-Oost,Vondelparkbuurt,POINT (4.8801082 52.3625708),"POLYGON((4.873627 52.362323,4.873844 52.361993,4.87392 52.361759,4.874062 52.361489,4.874092 52.361405,4.874096 52.361295,4.874067 52.361247,4.873972 52.361169,4.873853 52.361113,4.873936 52.360997,4.874019 52.361019,4.874077 52.360982,4.874158 52.360965,4.874254 52.360931,4.874396 52.360928,4.874606 52.360911,4.87503 52.360785,4.875245 52.360683,4.875316 52.360674,4.875393 52.36068,4.875469 52.360706,4.875532 52.36075,4.875601 52.360819,4.875826 52.36077,4.87587 52.360716,4.876184 52.360807,4.87626 52.360738,4.876497 52.3608,4.876567 52.360698,4.876556 52.360681,4.876594 52.360626,4.876621 52.360618,4.876633 52.360581,4.876953 52.36066,4.876933 52.360689,4.877036 52.360715,4.877021 52.360738,4.876985 52.360736,4.876968 52.36076,4.876916 52.360774,4.876888 52.360767,4.876749 52.360968,4.877197 52.361095,4.877359 52.360863,4.877388 52.360871,4.877454 52.360781,4.878587 52.361093,4.880603 52.361632,4.882099 52.362056,4.881963 52.362119,4.881853 52.362186,4.881748 52.36228,4.881716 52.362323,4.88166 52.362416,4.88162 52.36251,4.881576 52.362765,4.881517 52.362938,4.881413 52.363127,4.881236 52.36327,4.881121 52.363362,4.880851 52.363543,4.880708 52.363627,4.880543 52.36371,4.88026 52.363825,4.880062 52.363888,4.879781 52.363963,4.879604 52.364039,4.879496 52.364109,4.879421 52.364179,4.879359 52.364259,4.879317 52.364344,4.878642 52.364129,4.878712 52.363996,4.878869 52.363804,4.876435 52.363055,4.875293 52.362751,4.873627 52.362323))",5566.353286191963,56933.52184399495,123444.05465109904,High,High,High,Medium,High,High,High AC + Medium Pressure (Manageable),High AC + High Pressure (Stress),High AC + High Pressure (Stress),7116,545,2876,4756,7.658797077009556,40.415964024733,66.83530073074762
72,ChIJ8w6Rg1nixUcRFxe0quvaP2U,Urban Lodge Hotel,24.112527890694842,23.84123285719813,26.05057662931815,Sloterdijk Stationskwartier,Sloterdijk Nieuw-West,POINT (4.8346219999999995 52.385546),"POLYGON((4.819257 52.389038,4.819268 52.387484,4.82891 52.387554,4.831594 52.387412,4.831523 52.38488,4.836014 52.38495,4.839258 52.385018,4.839837 52.385036,4.843294 52.385101,4.843934 52.385089,4.84458 52.385103,4.844813 52.385108,4.844811 52.385146,4.844798 52.385146,4.844732 52.386384,4.844761 52.386922,4.844669 52.388623,4.844665 52.388757,4.844689 52.388756,4.844687 52.38892,4.844662 52.38892,4.844663 52.388899,4.844372 52.3889,4.844336 52.389522,4.844213 52.391808,4.844134 52.393288,4.844117 52.393849,4.844138 52.39428,4.844174 52.394607,4.844233 52.394945,4.844319 52.395304,4.843991 52.395258,4.843688 52.395231,4.843272 52.395141,4.84295 52.395061,4.842514 52.394933,4.84238 52.394915,4.842247 52.394882,4.841907 52.394762,4.841357 52.394542,4.841089 52.394422,4.840666 52.394211,4.837245 52.391623,4.836937 52.391378,4.836537 52.391083,4.836299 52.390925,4.835998 52.390749,4.835712 52.390599,4.835396 52.390449,4.835133 52.390338,4.834931 52.390259,4.834441 52.390091,4.834114 52.389995,4.833897 52.389939,4.833809 52.389916,4.833551 52.389857,4.832573 52.389692,4.831589 52.389544,4.830598 52.389413,4.829602 52.389299,4.828936 52.389232,4.827932 52.389145,4.826925 52.389076,4.819257 52.389038))",35.4402236474264,2573.634873650167,4384.005536370114,High,Medium,Medium,Low,Low,Low,High AC + Low Pressure (Potential),Medium AC + Low Pressure (Opportunity),Medium AC + Low Pressure (Opportunity),3671,35,305,385,0.9534186870062654,8.30836284391174,10.48760555706892
73,ChIJ8wv6snEJxkcRn5NCH8vp2oY,Q-Factory Hotel,22.591240042531492,20.98686097308117,25.89079848702291,Oostpoort,Dapperbuurt,POINT (4.9303716 52.357647199999995),"POLYGON((4.926691 52.357866,4.926948 52.35747,4.927375 52.356696,4.927825 52.355965,4.928203 52.355368,4.928232 52.355337,4.929878 52.356067,4.933244 52.356815,4.936627 52.357529,4.937021 52.35758,4.937147 52.357691,4.937432 52.35774,4.937307 52.357792,4.937322 52.357806,4.937263 52.357845,4.936754 52.358059,4.935998 52.358401,4.935342 52.358704,4.935168 52.358799,4.935052 52.358788,4.935018 52.358767,4.93486 52.358839,4.934889 52.358869,4.934878 52.358894,4.934286 52.359241,4.934171 52.359316,4.933912 52.359497,4.933765 52.359621,4.933562 52.359767,4.933343 52.359945,4.93297 52.360303,4.932823 52.360481,4.932733 52.360566,4.932501 52.36083,4.932389 52.360852,4.93234 52.360921,4.932314 52.360914,4.93212 52.361198,4.932029 52.361346,4.932046 52.361346,4.932031 52.361372,4.932039 52.3614,4.932084 52.361428,4.932073 52.361461,4.931874 52.361764,4.931727 52.362119,4.931704 52.362144,4.93166 52.362249,4.931477 52.362798,4.931472 52.362887,4.931408 52.363218,4.931138 52.36253,4.931102 52.362238,4.931058 52.36202,4.930975 52.361732,4.930866 52.361447,4.930517 52.360739,4.93028 52.360308,4.930101 52.360042,4.929892 52.359785,4.929602 52.359489,4.929276 52.35921,4.928868 52.358902,4.928463 52.358633,4.927995 52.358375,4.927592 52.358188,4.927168 52.358022,4.926691 52.357866))",3162.3182590582687,17093.06331195527,29986.715068793506,High,Low,Medium,Medium,Low,Low,High AC + Medium Pressure (Manageable),Low AC + Low Pressure (Limited Interest),Medium AC + Low Pressure (Opportunity),1572,265,375,446,16.857506361323153,23.85496183206107,28.37150127226463
74,ChIJ8xEoFMgJxkcRK5iQO2S5Tak,Royal Plaza Hotel,9.244730901464965,22.006282138587782,24.26416876063847,Hemelrijk,Burgwallen-Nieuwe Zijde,POINT (4.8954286 52.3784578),"POLYGON((4.892082 52.377032,4.8942 52.376609,4.894422 52.376738,4.894775 52.376916,4.894966 52.37704,4.895104 52.377147,4.895584 52.3776,4.895663 52.377661,4.895748 52.377712,4.89585 52.377757,4.895954 52.377792,4.896895 52.378001,4.897713 52.378678,4.897528 52.378761,4.895468 52.379856,4.895194 52.379624,4.894341 52.37903,4.894004 52.378766,4.893914 52.378696,4.892082 52.377032))",9109.276654059091,60166.287343090495,99064.97100257632,Low,Low,Low,High,High,Medium,Low AC + High Pressure (Critical),Low AC + High Pressure (Critical),Low AC + Medium Pressure (Monitor),535,72,271,359,13.457943925233645,50.654205607476634,67.10280373831776
75,ChIJ91zRxFIIxkcRdt7m7j83ztY,Bunk Hotel Amsterdam,18.053816289290978,23.17854554832273,26.613992251499035,Van der Pekbuurt,Volewijck,POINT (4.913899 52.388089),"POLYGON((4.90006 52.382155,4.900368 52.38198,4.901185 52.381563,4.902097 52.381196,4.907473 52.383704,4.912013 52.385819,4.912737 52.386145,4.913091 52.386314,4.913785 52.386664,4.914457 52.387029,4.915106 52.387409,4.915422 52.387605,4.916035 52.388007,4.916624 52.388422,4.917188 52.388851,4.917459 52.38907,4.917725 52.389292,4.918235 52.389745,4.915663 52.390745,4.912527 52.39195,4.912738 52.392146,4.910887 52.392858,4.909564 52.39295,4.908563 52.393328,4.907433 52.39219,4.906678 52.391504,4.906445 52.391246,4.906251 52.390976,4.906097 52.390696,4.905984 52.390409,4.905914 52.390117,4.905886 52.389823,4.905901 52.389528,4.905959 52.389235,4.90606 52.388904,4.906072 52.388863,4.907161 52.386683,4.907193 52.386602,4.90722 52.386479,4.907224 52.386355,4.907213 52.386272,4.907192 52.38619,4.907141 52.38607,4.906716 52.385405,4.906621 52.385283,4.906507 52.385167,4.906328 52.385025,4.906175 52.384928,4.906006 52.38484,4.90006 52.382155))",180.13873814613825,10946.512141643369,11209.972153702789,Medium,Medium,Medium,Low,Low,Low,Medium AC + Low Pressure (Opportunity),Medium AC + Low Pressure (Opportunity),Medium AC + Low Pressure (Opportunity),1990,102,300,317,5.125628140703518,15.07537688442211,15.92964824120603
76,ChIJ97PizecJxkcRdsGKZB3EOXg,Hotel Titus,25.50604756810323,25.414439690740448,27.175547507955578,Leidsebuurt-Zuidwest,De Weteringschans,POINT (4.8800475 52.364961699999995),"POLYGON((4.879225 52.364925,4.879218 52.364778,4.879231 52.364631,4.879264 52.364487,4.879317 52.364344,4.879359 52.364259,4.879421 52.364179,4.879496 52.364109,4.879604 52.364039,4.879781 52.363963,4.880062 52.363888,4.88026 52.363825,4.880543 52.36371,4.880708 52.363627,4.880851 52.363543,4.881121 52.363362,4.881236 52.36327,4.882589 52.363906,4.882979 52.364242,4.88258 52.36452,4.882294 52.364385,4.881799 52.36474,4.881681 52.364682,4.880873 52.365286,4.880719 52.365427,4.8801 52.365211,4.879225 52.364925))",5071.9585046319135,52520.51389574083,131958.84898317163,High,High,High,Medium,Medium,High,High AC + Medium Pressure (Manageable),High AC + Medium Pressure (Manageable),High AC + High Pressure (Stress),661,66,286,575,9.984871406959153,43.267776096823,86.9894099848714
77,ChIJ9TbBgOYJxkcRl7ZGYwaSTlg,Hotel Alexander,34.21128618295047,27.41093786497978,28.306196578049292,Vondelparkbuurt-Oost,Vondelparkbuurt,POINT (4.8771762 52.362356299999995),"POLYGON((4.873627 52.362323,4.873844 52.361993,4.87392 52.361759,4.874062 52.361489,4.874092 52.361405,4.874096 52.361295,4.874067 52.361247,4.873972 52.361169,4.873853 52.361113,4.873936 52.360997,4.874019 52.361019,4.874077 52.360982,4.874158 52.360965,4.874254 52.360931,4.874396 52.360928,4.874606 52.360911,4.87503 52.360785,4.875245 52.360683,4.875316 52.360674,4.875393 52.36068,4.875469 52.360706,4.875532 52.36075,4.875601 52.360819,4.875826 52.36077,4.87587 52.360716,4.876184 52.360807,4.87626 52.360738,4.876497 52.3608,4.876567 52.360698,4.876556 52.360681,4.876594 52.360626,4.876621 52.360618,4.876633 52.360581,4.876953 52.36066,4.876933 52.360689,4.877036 52.360715,4.877021 52.360738,4.876985 52.360736,4.876968 52.36076,4.876916 52.360774,4.876888 52.360767,4.876749 52.360968,4.877197 52.361095,4.877359 52.360863,4.877388 52.360871,4.877454 52.360781,4.878587 52.361093,4.880603 52.361632,4.882099 52.362056,4.881963 52.362119,4.881853 52.362186,4.881748 52.36228,4.881716 52.362323,4.88166 52.362416,4.88162 52.36251,4.881576 52.362765,4.881517 52.362938,4.881413 52.363127,4.881236 52.36327,4.881121 52.363362,4.880851 52.363543,4.880708 52.363627,4.880543 52.36371,4.88026 52.363825,4.880062 52.363888,4.879781 52.363963,4.879604 52.364039,4.879496 52.364109,4.879421 52.364179,4.879359 52.364259,4.879317 52.364344,4.878642 52.364129,4.878712 52.363996,4.878869 52.363804,4.876435 52.363055,4.875293 52.362751,4.873627 52.362323))",3488.489173929726,41210.70459902428,100487.54870361234,High,High,High,Medium,Medium,Medium,High AC + Medium Pressure (Manageable),High AC + Medium Pressure (Manageable),High AC + Medium Pressure (Manageable),1184,32,507,729,2.7027027027027026,42.82094594594595,61.570945945945944
78,ChIJ9d0Hh84JxkcRgH9zTNRXMe8,hotel calisto,14.48600960300379,20.53458376095181,25.934138363118738,Haarlemmerbuurt-West,Haarlemmerbuurt,POINT (4.8874923 52.382426099999996),"POLYGON((4.88261 52.383893,4.882936 52.383702,4.882965 52.383652,4.883067 52.38352,4.88807 52.380728,4.888437 52.380522,4.889908 52.382132,4.890156 52.382364,4.889387 52.38272,4.888524 52.3831,4.88815 52.383279,4.887781 52.383475,4.885036 52.385009,4.884653 52.385199,4.883929 52.385506,4.883518 52.384955,4.883023 52.384429,4.882826 52.384134,4.882653 52.383932,4.88261 52.383893))",4129.345063860111,28948.33103108041,86056.20835388916,Medium,Low,Medium,Medium,Medium,Medium,Medium AC + Medium Pressure (Balanced),Low AC + Medium Pressure (Monitor),Medium AC + Medium Pressure (Balanced),59,9,25,40,15.254237288135593,42.3728813559322,67.79661016949152
79,ChIJA1SCgMgJxkcR1DOR23aBVxw,Hapimag Stadtresidenz Amsterdam,6.550801324600779,22.279562190519204,24.544377703758485,Hemelrijk,Burgwallen-Nieuwe Zijde,POINT (4.8932848 52.3776425),"POLYGON((4.892082 52.377032,4.8942 52.376609,4.894422 52.376738,4.894775 52.376916,4.894966 52.37704,4.895104 52.377147,4.895584 52.3776,4.895663 52.377661,4.895748 52.377712,4.89585 52.377757,4.895954 52.377792,4.896895 52.378001,4.897713 52.378678,4.897528 52.378761,4.895468 52.379856,4.895194 52.379624,4.894341 52.37903,4.894004 52.378766,4.893914 52.378696,4.892082 52.377032))",6719.417310749329,57300.341446034094,96419.60669845968,Low,Low,Low,High,High,Medium,Low AC + High Pressure (Critical),Low AC + High Pressure (Critical),Low AC + Medium Pressure (Monitor),435,33,182,236,7.586206896551724,41.839080459770116,54.252873563218394
80,ChIJAymgCsUJxkcRZfS_IdDHYVc,Canal House - part of A Curious Group of Hotels,6.7944917589535425,23.268316715110107,25.161264747575334,Leliegracht e.o.,Grachtengordel-West,POINT (4.8863384 52.3762638),"POLYGON((4.883069 52.373992,4.883385 52.374065,4.885158 52.373998,4.88539 52.373977,4.885558 52.373934,4.885708 52.373881,4.885833 52.373823,4.886299 52.373571,4.886468 52.373506,4.88666 52.373456,4.886906 52.37342,4.888855 52.37326,4.888909 52.37344,4.88926 52.374309,4.889303 52.374462,4.889673 52.37482,4.891181 52.376192,4.891315 52.376324,4.8899 52.376899,4.889543 52.376955,4.886206 52.378089,4.884779 52.37653,4.883155 52.374752,4.883134 52.374679,4.883069 52.373992))",2859.7756947870416,61995.13133804747,115012.14619306034,Low,Medium,Low,Medium,High,High,Low AC + Medium Pressure (Monitor),Medium AC + High Pressure (Caution),Low AC + High Pressure (Critical),554,39,239,347,7.039711191335741,43.14079422382672,62.63537906137184
81,ChIJAz6N4aUJxkcRhnYULOlHXaI,The July - Boat & Co,12.413194508936114,25.736568573063305,27.790263345747622,Houthavens-West,Houthavens,POINT (4.8823508 52.3941655),"POLYGON((4.865552 52.393148,4.865625 52.392989,4.865995 52.393067,4.866317 52.39312,4.866563 52.393152,4.866848 52.393176,4.867337 52.393189,4.87051 52.393118,4.871159 52.393087,4.871581 52.393058,4.873119 52.392905,4.873589 52.392871,4.874061 52.392853,4.876321 52.392816,4.87643 52.392804,4.876557 52.392777,4.876668 52.392743,4.876784 52.392692,4.877469 52.39222,4.878131 52.3917,4.878209 52.391656,4.878299 52.391622,4.878399 52.391599,4.884757 52.390783,4.885524 52.390472,4.885665 52.390757,4.887842 52.393642,4.891099 52.394853,4.89156 52.395113,4.889776 52.396412,4.885862 52.399378,4.885479 52.399166,4.876576 52.394606,4.876447 52.39456,4.876303 52.394523,4.876179 52.394504,4.876035 52.394493,4.875853 52.394496,4.875178 52.394557,4.872964 52.394759,4.872815 52.394768,4.872682 52.394766,4.872517 52.39475,4.871779 52.394621,4.871691 52.39477,4.871505 52.395007,4.871495 52.395079,4.871287 52.395261,4.867219 52.393341,4.86706 52.393358,4.866882 52.393387,4.866611 52.39345,4.866383 52.393521,4.86609 52.393638,4.866075 52.393625,4.866042 52.393639,4.866014 52.393616,4.865864 52.393493,4.86568 52.393198,4.865642 52.393205,4.865611 52.393163,4.865552 52.393148))",3.7821630214328708,4597.565477169325,14862.603080633668,Low,High,High,Low,Low,Low,Low AC + Low Pressure (Limited Interest),High AC + Low Pressure (Potential),High AC + Low Pressure (Potential),1379,0,71,149,0.0,5.148658448150834,10.804931109499638
82,ChIJB-6ZgF_ixUcR3RqgxAhq35Q,Park Inn by Radisson Amsterdam City West,2.583063754381844,30.890550528818363,28.02056771315048,Sloterdijk Stationskwartier,Sloterdijk Nieuw-West,POINT (4.8425116 52.3901508),"POLYGON((4.819257 52.389038,4.819268 52.387484,4.82891 52.387554,4.831594 52.387412,4.831523 52.38488,4.836014 52.38495,4.839258 52.385018,4.839837 52.385036,4.843294 52.385101,4.843934 52.385089,4.84458 52.385103,4.844813 52.385108,4.844811 52.385146,4.844798 52.385146,4.844732 52.386384,4.844761 52.386922,4.844669 52.388623,4.844665 52.388757,4.844689 52.388756,4.844687 52.38892,4.844662 52.38892,4.844663 52.388899,4.844372 52.3889,4.844336 52.389522,4.844213 52.391808,4.844134 52.393288,4.844117 52.393849,4.844138 52.39428,4.844174 52.394607,4.844233 52.394945,4.844319 52.395304,4.843991 52.395258,4.843688 52.395231,4.843272 52.395141,4.84295 52.395061,4.842514 52.394933,4.84238 52.394915,4.842247 52.394882,4.841907 52.394762,4.841357 52.394542,4.841089 52.394422,4.840666 52.394211,4.837245 52.391623,4.836937 52.391378,4.836537 52.391083,4.836299 52.390925,4.835998 52.390749,4.835712 52.390599,4.835396 52.390449,4.835133 52.390338,4.834931 52.390259,4.834441 52.390091,4.834114 52.389995,4.833897 52.389939,4.833809 52.389916,4.833551 52.389857,4.832573 52.389692,4.831589 52.389544,4.830598 52.389413,4.829602 52.389299,4.828936 52.389232,4.827932 52.389145,4.826925 52.389076,4.819257 52.389038))",58.92715013977963,2091.6295017266893,4277.888724442251,Low,High,High,Low,Low,Low,Low AC + Low Pressure (Limited Interest),High AC + Low Pressure (Potential),High AC + Low Pressure (Potential),5840,146,487,572,2.5,8.33904109589041,9.794520547945206
83,ChIJB1PAKP_hxUcRhG82RSZzxfk,The July - Twenty Eight,23.15278236810963,29.00427913807028,28.74419716721234,Olympisch Stadion e.o.,Stadionbuurt,POINT (4.8575498999999995 52.3432317),"POLYGON((4.857573 52.347419,4.853504 52.346858,4.853179 52.346782,4.852929 52.346696,4.852811 52.346645,4.852633 52.346554,4.852424 52.346418,4.852218 52.346265,4.852008 52.346094,4.851838 52.345924,4.851719 52.345785,4.85159 52.3456,4.851546 52.345515,4.851487 52.345349,4.85147 52.345266,4.851442 52.344705,4.851521 52.344375,4.851637 52.34404,4.851916 52.343632,4.852022 52.3434,4.852444 52.342405,4.852857 52.34165,4.8573 52.342254,4.858055 52.34236,4.857773 52.343183,4.858697 52.343301,4.858045 52.345229,4.857693 52.345181,4.857679 52.345656,4.857583 52.346963,4.857573 52.347419))",2975.485007948254,4445.455572000218,13924.273419941892,High,High,High,Medium,Low,Low,High AC + Medium Pressure (Manageable),High AC + Low Pressure (Potential),High AC + Low Pressure (Potential),946,21,57,100,2.2198731501057085,6.025369978858351,10.570824524312897
84,ChIJB4Ej19wLxkcRZkIPDsFkIE0,SWEETS hotel Omvalbrug,20.716297034259224,22.856177600289417,27.5572207662293,De Omval,Omval/Overamstel,POINT (4.918947999999999 52.3426854),"POLYGON((4.913192 52.345605,4.913285 52.345146,4.913443 52.3447,4.913857 52.343876,4.914138 52.343531,4.914864 52.342638,4.914945 52.342428,4.914989 52.342147,4.914969 52.341862,4.919458 52.342578,4.919696 52.342617,4.920277 52.342748,4.92036 52.34276,4.920473 52.342766,4.920469 52.343051,4.920449 52.343092,4.920195 52.343224,4.920078 52.3433,4.919908 52.343434,4.919784 52.343565,4.919579 52.343664,4.919504 52.343626,4.919443 52.34361,4.919375 52.343603,4.919295 52.34361,4.919231 52.343627,4.918886 52.343781,4.918483 52.344676,4.917414 52.346506,4.913192 52.345605))",52.707394617113074,1291.405854300279,16263.003727457106,High,Low,High,Low,Low,Low,High AC + Low Pressure (Potential),Low AC + Low Pressure (Limited Interest),High AC + Low Pressure (Potential),5,0,0,0,0.0,0.0,0.0
85,ChIJBSuyL-YJxkcRM50MM6U-jNw,Quentin Hotel Amsterdam,29.1950506444003,25.36868427007684,27.47079116430931,Leidsebuurt-Zuidwest,De Weteringschans,POINT (4.8798207 52.364287499999996),"POLYGON((4.879225 52.364925,4.879218 52.364778,4.879231 52.364631,4.879264 52.364487,4.879317 52.364344,4.879359 52.364259,4.879421 52.364179,4.879496 52.364109,4.879604 52.364039,4.879781 52.363963,4.880062 52.363888,4.88026 52.363825,4.880543 52.36371,4.880708 52.363627,4.880851 52.363543,4.881121 52.363362,4.881236 52.36327,4.882589 52.363906,4.882979 52.364242,4.88258 52.36452,4.882294 52.364385,4.881799 52.36474,4.881681 52.364682,4.880873 52.365286,4.880719 52.365427,4.8801 52.365211,4.879225 52.364925))",3489.5632845474975,55549.957243874356,127391.13736775749,High,High,High,Medium,High,High,High AC + Medium Pressure (Manageable),High AC + High Pressure (Stress),High AC + High Pressure (Stress),1625,76,681,1297,4.676923076923077,41.90769230769231,79.81538461538462
86,ChIJBUBTy-cJxkcRaTov5_BdrTs,Hotel Kooyk,26.08478516467975,25.464076605411222,27.298558655925852,Leidsebuurt-Zuidwest,De Weteringschans,POINT (4.879776199999999 52.364618799999995),"POLYGON((4.879225 52.364925,4.879218 52.364778,4.879231 52.364631,4.879264 52.364487,4.879317 52.364344,4.879359 52.364259,4.879421 52.364179,4.879496 52.364109,4.879604 52.364039,4.879781 52.363963,4.880062 52.363888,4.88026 52.363825,4.880543 52.36371,4.880708 52.363627,4.880851 52.363543,4.881121 52.363362,4.881236 52.36327,4.882589 52.363906,4.882979 52.364242,4.88258 52.36452,4.882294 52.364385,4.881799 52.36474,4.881681 52.364682,4.880873 52.365286,4.880719 52.365427,4.8801 52.365211,4.879225 52.364925))",3918.4531601162084,50497.30888559995,129979.1530998191,High,High,High,Medium,Medium,High,High AC + Medium Pressure (Manageable),High AC + Medium Pressure (Manageable),High AC + High Pressure (Stress),828,61,388,717,7.367149758454106,46.85990338164252,86.59420289855072
87,ChIJBwoxNsYJxkcR3BmGjpyeSw0,Hotel Tourist Inn (One) Amsterdam,7.095181393569658,22.947275945804886,24.799924904526286,Spuistraat-Noord,Burgwallen-Nieuwe Zijde,POINT (4.89229 52.37619),"POLYGON((4.888855 52.37326,4.890589 52.373174,4.89065 52.373392,4.89088 52.373892,4.890938 52.373991,4.891352 52.374452,4.891756 52.374874,4.891934 52.375074,4.892069 52.375192,4.89245 52.375459,4.893582 52.376221,4.8942 52.376609,4.892082 52.377032,4.891315 52.376324,4.891181 52.376192,4.889673 52.37482,4.889303 52.374462,4.88926 52.374309,4.888909 52.37344,4.888855 52.37326))",6854.470975168558,67688.49503919312,109316.56240749876,Low,Low,Low,High,High,Medium,Low AC + High Pressure (Critical),Low AC + High Pressure (Critical),Low AC + Medium Pressure (Monitor),1759,132,920,1185,7.504263786242182,52.30244457077885,67.36782262649233
88,ChIJC-BLeqsJxkcR-BotWzGD2SA,YAYS Amsterdam East by Numa,18.740740014504375,25.969438862295142,25.615647747903115,Bedrijvengebied Zeeburgerkade,Oostelijk Havengebied,POINT (4.932947599999999 52.366976),"POLYGON((4.931586 52.366569,4.932096 52.366572,4.932371 52.36655,4.939465 52.366648,4.946146 52.366676,4.949988 52.366706,4.951887 52.367003,4.951878 52.367412,4.94613 52.367362,4.942486 52.367309,4.939478 52.367286,4.934198 52.367244,4.931989 52.367236,4.931586 52.366569))",27.390286685303927,12322.01699281916,24644.738694293697,Medium,High,Medium,Low,Low,Low,Medium AC + Low Pressure (Opportunity),High AC + Low Pressure (Potential),Medium AC + Low Pressure (Opportunity),201,3,20,36,1.4925373134328357,9.950248756218906,17.91044776119403
89,ChIJC4OrCLsJxkcRJmkS5F5U0gk,The Hendrick's Hotel,18.98937099516509,24.89208768481163,24.76937423792088,Scheepvaarthuisbuurt,Nieuwmarkt/Lastage,POINT (4.906029 52.3735438),"POLYGON((4.904283 52.376217,4.903806 52.375415,4.903323 52.375054,4.903132 52.374486,4.903129 52.374341,4.903181 52.374175,4.903448 52.373753,4.903546 52.373648,4.903651 52.373567,4.905856 52.372334,4.90637 52.372076,4.907201 52.372447,4.907869 52.372784,4.909575 52.373968,4.909261 52.374089,4.905176 52.375886,4.904283 52.376217))",87.71791920188562,39215.11785342323,92458.00235706846,Medium,Medium,Low,Low,Medium,Medium,Medium AC + Low Pressure (Opportunity),Medium AC + Medium Pressure (Balanced),Low AC + Medium Pressure (Monitor),868,7,333,525,0.8064516129032258,38.36405529953917,60.483870967741936
90,ChIJC9Bk-9QJxkcReuSira-i35I,Conscious Hotel Westerpark,16.583887280831934,24.165694794885457,25.707986436719914,Westergasfabriek,Spaarndammerbuurt/Zeeheldenbuurt,POINT (4.8753421 52.3866903),"POLYGON((4.863971 52.386114,4.864208 52.385453,4.866872 52.385498,4.869414 52.385544,4.871498 52.385582,4.874999 52.385645,4.879945 52.385716,4.880316 52.385739,4.880542 52.385745,4.880897 52.385737,4.881243 52.385708,4.881751 52.385641,4.882591 52.385462,4.88304 52.386003,4.883239 52.386244,4.881897 52.386696,4.881513 52.386788,4.881035 52.386903,4.87904 52.387602,4.87877 52.387706,4.878325 52.387235,4.878102 52.387245,4.877827 52.387306,4.877413 52.387463,4.877175 52.387532,4.876722 52.387633,4.876051 52.387766,4.876021 52.38778,4.875948 52.387793,4.875909 52.38779,4.875249 52.387919,4.875202 52.387945,4.874204 52.388047,4.873096 52.388189,4.872139 52.388349,4.870842 52.388036,4.870287 52.38789,4.869505 52.387672,4.867334 52.387022,4.865249 52.386386,4.864751 52.386267,4.863971 52.386114))",1202.078715123609,10921.730526777394,31718.80074549142,Medium,Medium,Medium,Medium,Low,Low,Medium AC + Medium Pressure (Balanced),Medium AC + Low Pressure (Opportunity),Medium AC + Low Pressure (Opportunity),1993,278,391,645,13.948820873055695,19.618665328650277,32.36327145007527
91,ChIJCUp69dsJxkcRcEru3kHdS3U,Chasse Hotel Residency,10.316561278209488,20.16185114019872,26.447666833008192,Don Bosco,Frankendael,POINT (4.9249632 52.351901999999995),"POLYGON((4.921619 52.352331,4.921867 52.352124,4.922277 52.351814,4.925053 52.350092,4.92517 52.350208,4.928144 52.352004,4.92837 52.352148,4.928736 52.352417,4.929061 52.352704,4.92964 52.353175,4.93056 52.353745,4.929679 52.35431,4.928549 52.355058,4.928232 52.355337,4.926929 52.354726,4.921619 52.352331))",473.87677465329165,7093.674121580879,27072.883352518773,Low,Low,Medium,Low,Low,Low,Low AC + Low Pressure (Limited Interest),Low AC + Low Pressure (Limited Interest),Medium AC + Low Pressure (Opportunity),208,4,17,24,1.9230769230769231,8.173076923076923,11.538461538461538
92,ChIJCwdATorixUcR-Hg7-ViyMZI,Hotel ibis Amsterdam City West,49.47734217821008,30.092241617297343,31.37873590370409,Isolatorbuurt,Sloterdijk-West,POINT (4.8501179 52.392302),"POLYGON((4.844319 52.395304,4.844233 52.394945,4.844174 52.394607,4.844138 52.39428,4.844117 52.393849,4.844134 52.393288,4.844213 52.391808,4.855493 52.392004,4.857495 52.392178,4.857313 52.392386,4.857241 52.393826,4.856947 52.393822,4.856905 52.394829,4.856906 52.395402,4.855627 52.3954,4.855621 52.395514,4.855209 52.395511,4.854968 52.395509,4.85497 52.395524,4.850829 52.395498,4.850832 52.395486,4.850514 52.395484,4.850515 52.395496,4.849062 52.395488,4.847111 52.39547,4.847113 52.39546,4.846755 52.395458,4.846753 52.395522,4.846005 52.395508,4.8455 52.395486,4.845442 52.395455,4.844936 52.395416,4.84485 52.39539,4.844319 52.395304))",159.05969412925506,1128.6725319300554,8174.171956366826,High,High,High,Low,Low,Low,High AC + Low Pressure (Potential),High AC + Low Pressure (Potential),High AC + Low Pressure (Potential),4328,69,133,286,1.5942698706099816,3.0730129390018486,6.608133086876156
93,ChIJCyHy2gYJxkcRtPMgg1wncLQ,The Elephant Hostel,12.290377118723175,25.365995738525925,25.26321799239437,Plantage,Weesperbuurt/Plantage,POINT (4.9102988 52.367121),"POLYGON((4.906116 52.366765,4.906323 52.366618,4.90722 52.366413,4.90736 52.366375,4.907553 52.366307,4.907733 52.366227,4.907931 52.366112,4.908099 52.365987,4.908245 52.365698,4.908877 52.365816,4.91055 52.365256,4.91126 52.365003,4.913342 52.364287,4.914387 52.363945,4.915112 52.363708,4.915144 52.363661,4.915891 52.363404,4.915976 52.363383,4.916155 52.363356,4.916385 52.363351,4.916566 52.36337,4.916779 52.363423,4.918457 52.363884,4.919635 52.364364,4.920365 52.364701,4.920552 52.36482,4.921268 52.365276,4.921623 52.365575,4.921243 52.366102,4.910685 52.3697,4.910038 52.369315,4.909685 52.369068,4.907105 52.367342,4.906546 52.366984,4.90637 52.366888,4.906116 52.366765))",1031.307076686948,24231.328619196403,92229.18982623471,Low,High,Low,Low,Medium,Medium,Low AC + Low Pressure (Limited Interest),High AC + Medium Pressure (Manageable),Low AC + Medium Pressure (Monitor),15,0,2,7,0.0,13.333333333333334,46.666666666666664
94,ChIJDWXad7gJxkcRFOk5rgeO7gw,Hotel Manofa,11.206576763675919,24.196776890834716,25.398149072665017,Nieuwe Kerk e.o.,Burgwallen-Nieuwe Zijde,POINT (4.8957844 52.3755569),"POLYGON((4.890589 52.373174,4.890573 52.372947,4.890605 52.372643,4.89137 52.372719,4.891752 52.372725,4.892126 52.372742,4.892975 52.372708,4.893011 52.372707,4.893299 52.3732,4.893565 52.373489,4.894364 52.374067,4.896473 52.375764,4.896266 52.375819,4.895702 52.376036,4.895622 52.376115,4.895472 52.376156,4.895342 52.376181,4.8951 52.376206,4.893582 52.376221,4.89245 52.375459,4.892069 52.375192,4.891934 52.375074,4.891756 52.374874,4.891352 52.374452,4.890938 52.373991,4.89088 52.373892,4.89065 52.373392,4.890589 52.373174))",9797.611028887792,69988.44258071588,105850.22934824316,Low,Medium,Low,High,High,Medium,Low AC + High Pressure (Critical),Medium AC + High Pressure (Caution),Low AC + Medium Pressure (Monitor),1748,332,1049,1319,18.993135011441648,60.01144164759725,75.45766590389016
95,ChIJDY8OYsMJxkcRNqaKHHoTNFQ,Pulitzer Amsterdam,14.395745442009364,23.945071281045994,25.40163196770564,Felix Meritisbuurt,Grachtengordel-West,POINT (4.8833892 52.373038),"POLYGON((4.882614 52.368932,4.884411 52.368862,4.886623 52.368792,4.887279 52.368762,4.887679 52.368756,4.88784 52.368764,4.887828 52.368803,4.888126 52.370301,4.888509 52.372324,4.888766 52.373038,4.888822 52.373147,4.888855 52.37326,4.886906 52.37342,4.88666 52.373456,4.886468 52.373506,4.886299 52.373571,4.885833 52.373823,4.885708 52.373881,4.885558 52.373934,4.88539 52.373977,4.885158 52.373998,4.883385 52.374065,4.883069 52.373992,4.882614 52.368932))",2618.305158142849,57819.37784355643,125862.42783533409,Medium,Medium,Low,Medium,High,High,Medium AC + Medium Pressure (Balanced),Medium AC + High Pressure (Caution),Low AC + High Pressure (Critical),7378,421,2781,4575,5.706153429113581,37.69314177283817,62.008674437516945
96,ChIJD_dor5EJxkcRhuHjdL8eKlU,Max Hotel Amsterdam,22.987508413552828,24.34278675949902,26.237680825885995,Hemonybuurt,Oude Pijp,POINT (4.9021975 52.357958599999996),"POLYGON((4.899246 52.3581,4.899333 52.357704,4.899795 52.356662,4.901246 52.354828,4.904811 52.355952,4.904997 52.355994,4.906056 52.356169,4.90489 52.358751,4.904634 52.359212,4.904 52.359049,4.901674 52.358595,4.899246 52.3581))",994.7698295236528,29357.66217179192,90841.7175903086,High,Medium,Medium,Low,Medium,Medium,High AC + Low Pressure (Potential),Medium AC + Medium Pressure (Balanced),Medium AC + Medium Pressure (Balanced),607,34,150,342,5.601317957166392,24.71169686985173,56.34266886326195
97,ChIJD_s76eQJxkcRuiYL4hg6WW4,Hotel Parkview,15.990195598417886,27.772215034164677,28.92148180688492,Concertgebouwbuurt,Museumkwartier,POINT (4.8754309 52.3583852),"POLYGON((4.873875 52.358139,4.876249 52.354804,4.878224 52.355332,4.878337 52.355376,4.878443 52.355433,4.879022 52.355816,4.879177 52.355902,4.879341 52.355965,4.879992 52.356138,4.879825 52.356412,4.878568 52.358153,4.877154 52.360101,4.87696 52.360065,4.876673 52.359932,4.87646 52.35985,4.875796 52.359659,4.875975 52.359402,4.875252 52.359213,4.875242 52.359227,4.87508 52.359183,4.875284 52.358901,4.875333 52.358878,4.87532 52.358875,4.875384 52.35878,4.875001 52.358679,4.87515 52.358473,4.873875 52.358139))",1369.5905826892506,36528.06835498547,83296.18171353395,Medium,High,High,Medium,Medium,Medium,Medium AC + Medium Pressure (Balanced),High AC + Medium Pressure (Manageable),High AC + Medium Pressure (Manageable),307,19,134,182,6.188925081433225,43.648208469055376,59.28338762214984
98,ChIJE0bppekJxkcRijFvgNDqaYQ,Hotel 717,11.336107237610973,24.453568640696776,26.895842728905105,Spiegelbuurt,Grachtengordel-Zuid,POINT (4.8853962 52.3648077),"POLYGON((4.884469 52.365026,4.884571 52.364944,4.884754 52.364839,4.887875 52.362774,4.887968 52.362714,4.888035 52.362693,4.890058 52.364952,4.89053 52.365499,4.890343 52.365591,4.888399 52.366692,4.888269 52.366779,4.887919 52.366659,4.884469 52.365026))",8066.568985364249,55744.23861207038,134841.60494436222,Low,Medium,High,High,High,High,Low AC + High Pressure (Critical),Medium AC + High Pressure (Caution),High AC + High Pressure (Stress),258,32,129,202,12.4031007751938,50.0,78.29457364341084
99,ChIJE8v-vOkJxkcRX1yE06AJNwc,Acostar Hotel,8.336805792013788,23.566495210219184,26.695836967215975,Spiegelbuurt,Grachtengordel-Zuid,POINT (4.8858176 52.3652807),"POLYGON((4.884469 52.365026,4.884571 52.364944,4.884754 52.364839,4.887875 52.362774,4.887968 52.362714,4.888035 52.362693,4.890058 52.364952,4.89053 52.365499,4.890343 52.365591,4.888399 52.366692,4.888269 52.366779,4.887919 52.366659,4.884469 52.365026))",7958.9346050539925,67489.6177711999,138191.74357287725,Low,Medium,Medium,High,High,High,Low AC + High Pressure (Critical),Medium AC + High Pressure (Caution),Medium AC + High Pressure (Caution),904,152,465,755,16.8141592920354,51.43805309734514,83.51769911504425
100,ChIJE9xYrJYJxkcRpL3KeHoSd64,Hotel de Munck,21.831437661473917,22.915194103276924,26.44255661851406,Utrechtsebuurt-Zuid,De Weteringschans,POINT (4.9008305 52.361424),"POLYGON((4.896088 52.36162,4.896181 52.360253,4.901194 52.361227,4.903351 52.361656,4.90277 52.362805,4.896517 52.361667,4.896345 52.361641,4.896088 52.36162))",1115.9349887628127,27404.031683385405,114800.77673628241,High,Low,Medium,Low,Medium,High,High AC + Low Pressure (Potential),Low AC + Medium Pressure (Monitor),Medium AC + High Pressure (Caution),668,20,187,487,2.9940119760479043,27.994011976047904,72.90419161676647
101,ChIJEYph6rkJxkcRM5kE2XRJkCc,France Hotel Amsterdam,13.708336664926849,25.327430730124245,24.357468913614053,Kop Zeedijk,Burgwallen-Oude Zijde,POINT (4.9011984 52.3759346),"POLYGON((4.89708 52.375505,4.897889 52.37516,4.898001 52.375238,4.899233 52.374789,4.899406 52.374749,4.899667 52.374678,4.900201 52.37449,4.900275 52.374486,4.90048 52.374418,4.900587 52.374402,4.901266 52.374174,4.902273 52.376142,4.903254 52.37659,4.902978 52.37669,4.902452 52.377141,4.90196 52.377244,4.900968 52.377242,4.899692 52.377303,4.899141 52.376971,4.89708 52.375505))",10784.480513073508,53960.62895357123,100790.84004823767,Medium,High,Low,High,Medium,Medium,Medium AC + High Pressure (Caution),High AC + Medium Pressure (Manageable),Low AC + Medium Pressure (Monitor),2116,390,1058,1439,18.43100189035917,50.0,68.00567107750473
102,ChIJEYutQRMKxkcRUhbcFyG5mcY,Nh Amsterdam Zuid,15.0925141606713,22.87959676917905,26.82751134570346,Buitenveldert-Zuidoost,Buitenveldert-Oost,POINT (4.879992 52.326705999999994),"POLYGON((4.879478 52.329385,4.879473 52.328216,4.879618 52.324823,4.877946 52.324791,4.878112 52.322094,4.882364 52.322169,4.889946 52.322316,4.893012 52.322373,4.892548 52.323073,4.891999 52.323798,4.891329 52.324507,4.891257 52.324613,4.891203 52.324734,4.891172 52.324858,4.891168 52.32498,4.890126 52.324961,4.88999 52.328531,4.889987 52.329398,4.879478 52.329385))",53.938277695554454,10409.70892945239,14453.352244696594,Medium,Low,Medium,Low,Low,Low,Medium AC + Low Pressure (Opportunity),Low AC + Low Pressure (Limited Interest),Medium AC + Low Pressure (Opportunity),5,0,0,1,0.0,0.0,20.0
103,ChIJEZtepq0JxkcRnrDKBqOem2k,Hotel Isis,21.22647503325014,23.369206410542244,26.22902192084454,Vogelbuurt-Zuid,IJplein/Vogelbuurt,POINT (4.913409 52.384195999999996),"POLYGON((4.907473 52.383704,4.908132 52.383175,4.908192 52.383144,4.908272 52.383128,4.908334 52.383128,4.908393 52.38314,4.908604 52.383226,4.908781 52.38333,4.909176 52.383629,4.909278 52.383672,4.909336 52.383686,4.909427 52.383695,4.909549 52.383685,4.909661 52.383653,4.910532 52.383196,4.910818 52.38323,4.910995 52.383238,4.911173 52.383236,4.911349 52.383226,4.91153 52.383206,4.912047 52.383117,4.912407 52.383075,4.912771 52.383052,4.913138 52.383049,4.913503 52.383066,4.913865 52.383103,4.91422 52.383158,4.914566 52.383233,4.9149 52.383325,4.915474 52.383532,4.915897 52.383722,4.916125 52.383842,4.916392 52.384003,4.917629 52.384896,4.917886 52.38506,4.918093 52.385174,4.918387 52.385313,4.91862 52.385406,4.918945 52.385516,4.919292 52.38561,4.919651 52.385685,4.921926 52.386022,4.922137 52.38607,4.922285 52.386121,4.922462 52.386206,4.922541 52.386256,4.922646 52.386337,4.923919 52.387565,4.918235 52.389745,4.917725 52.389292,4.917459 52.38907,4.917188 52.388851,4.916624 52.388422,4.916035 52.388007,4.915422 52.387605,4.915106 52.387409,4.914457 52.387029,4.913785 52.386664,4.913091 52.386314,4.912737 52.386145,4.912013 52.385819,4.907473 52.383704))",68.26042865756695,10129.616729704543,11154.497286630487,High,Medium,Medium,Low,Low,Low,High AC + Low Pressure (Potential),Medium AC + Low Pressure (Opportunity),Medium AC + Low Pressure (Opportunity),935,9,66,74,0.9625668449197862,7.0588235294117645,7.914438502673797
104,ChIJEdXdNboJxkcRX4h4XN5zsFM,Grand Hotel Amrath Amsterdam,12.8112704618014,24.6012929215713,24.456654700731683,Scheepvaarthuisbuurt,Nieuwmarkt/Lastage,POINT (4.903903199999999 52.3745871),"POLYGON((4.904283 52.376217,4.903806 52.375415,4.903323 52.375054,4.903132 52.374486,4.903129 52.374341,4.903181 52.374175,4.903448 52.373753,4.903546 52.373648,4.903651 52.373567,4.905856 52.372334,4.90637 52.372076,4.907201 52.372447,4.907869 52.372784,4.909575 52.373968,4.909261 52.374089,4.905176 52.375886,4.904283 52.376217))",348.4816093844214,39455.78473935208,93849.25182261689,Low,Medium,Low,Low,Medium,Medium,Low AC + Low Pressure (Limited Interest),Medium AC + Medium Pressure (Balanced),Low AC + Medium Pressure (Monitor),6414,132,2269,3679,2.05799812909261,35.37574056750857,57.35890240099781
105,ChIJEx0us7sJxkcRg_OIWfvn-b0,Hotel Fine Harmony,13.41672437206611,25.107703729919823,24.563518689336806,Scheepvaarthuisbuurt,Nieuwmarkt/Lastage,POINT (4.904696899999999 52.374241899999994),"POLYGON((4.904283 52.376217,4.903806 52.375415,4.903323 52.375054,4.903132 52.374486,4.903129 52.374341,4.903181 52.374175,4.903448 52.373753,4.903546 52.373648,4.903651 52.373567,4.905856 52.372334,4.90637 52.372076,4.907201 52.372447,4.907869 52.372784,4.909575 52.373968,4.909261 52.374089,4.905176 52.375886,4.904283 52.376217))",639.5066600888011,40451.703447897824,99951.18083648522,Medium,Medium,Low,Low,Medium,Medium,Medium AC + Low Pressure (Opportunity),Medium AC + Medium Pressure (Balanced),Low AC + Medium Pressure (Monitor),761,44,370,515,5.781865965834428,48.620236530880426,67.67411300919842
106,ChIJF1BswecJxkcR2u7bdI9ibtg,Krisotel Amsterdam,25.15579313360873,25.73671808826688,26.82843320131339,Marnixbuurt-Zuid,Jordaan,POINT (4.879759 52.365753),"POLYGON((4.876809 52.368503,4.877088 52.368108,4.877199 52.367898,4.877265 52.367702,4.877319 52.367301,4.877349 52.367183,4.877431 52.366953,4.877518 52.366772,4.877726 52.366588,4.877889 52.366466,4.878137 52.36631,4.878397 52.366173,4.878534 52.366081,4.878701 52.365947,4.878817 52.365834,4.87896 52.365663,4.87907 52.365501,4.879136 52.365382,4.879186 52.365261,4.879219 52.365126,4.879232 52.364988,4.879225 52.364925,4.8801 52.365211,4.880719 52.365427,4.880913 52.365493,4.880867 52.365538,4.880491 52.366061,4.880247 52.366345,4.880024 52.366646,4.879889 52.36661,4.879075 52.367745,4.878296 52.368852,4.877616 52.368712,4.876809 52.368503))",2256.6328454749764,54236.77087101901,133085.6582250726,High,High,Medium,Medium,Medium,High,High AC + Medium Pressure (Manageable),High AC + Medium Pressure (Manageable),Medium AC + High Pressure (Caution),803,53,391,647,6.60024906600249,48.692403486924036,80.57285180572852
107,ChIJF51UTboJxkcRnB3hr4KA5Ps,Hotel Mansion Amsterdam,14.519440542852028,25.022537875131356,24.731686012850513,Scheepvaarthuisbuurt,Nieuwmarkt/Lastage,POINT (4.9049504 52.374128899999995),"POLYGON((4.904283 52.376217,4.903806 52.375415,4.903323 52.375054,4.903132 52.374486,4.903129 52.374341,4.903181 52.374175,4.903448 52.373753,4.903546 52.373648,4.903651 52.373567,4.905856 52.372334,4.90637 52.372076,4.907201 52.372447,4.907869 52.372784,4.909575 52.373968,4.909261 52.374089,4.905176 52.375886,4.904283 52.376217))",526.4921339691937,40147.41725593378,99110.46066984597,Medium,Medium,Low,Low,Medium,Medium,Medium AC + Low Pressure (Opportunity),Medium AC + Medium Pressure (Balanced),Low AC + Medium Pressure (Monitor),790,33,408,559,4.177215189873418,51.64556962025316,70.75949367088607
108,ChIJF77HYeYJxkcRxboD8gPDEpE,Hotel Iron Horse Amsterdam,39.890151125100026,26.616994512310683,27.723794125515923,Vondelparkbuurt-Oost,Vondelparkbuurt,POINT (4.8774809 52.3631232),"POLYGON((4.873627 52.362323,4.873844 52.361993,4.87392 52.361759,4.874062 52.361489,4.874092 52.361405,4.874096 52.361295,4.874067 52.361247,4.873972 52.361169,4.873853 52.361113,4.873936 52.360997,4.874019 52.361019,4.874077 52.360982,4.874158 52.360965,4.874254 52.360931,4.874396 52.360928,4.874606 52.360911,4.87503 52.360785,4.875245 52.360683,4.875316 52.360674,4.875393 52.36068,4.875469 52.360706,4.875532 52.36075,4.875601 52.360819,4.875826 52.36077,4.87587 52.360716,4.876184 52.360807,4.87626 52.360738,4.876497 52.3608,4.876567 52.360698,4.876556 52.360681,4.876594 52.360626,4.876621 52.360618,4.876633 52.360581,4.876953 52.36066,4.876933 52.360689,4.877036 52.360715,4.877021 52.360738,4.876985 52.360736,4.876968 52.36076,4.876916 52.360774,4.876888 52.360767,4.876749 52.360968,4.877197 52.361095,4.877359 52.360863,4.877388 52.360871,4.877454 52.360781,4.878587 52.361093,4.880603 52.361632,4.882099 52.362056,4.881963 52.362119,4.881853 52.362186,4.881748 52.36228,4.881716 52.362323,4.88166 52.362416,4.88162 52.36251,4.881576 52.362765,4.881517 52.362938,4.881413 52.363127,4.881236 52.36327,4.881121 52.363362,4.880851 52.363543,4.880708 52.363627,4.880543 52.36371,4.88026 52.363825,4.880062 52.363888,4.879781 52.363963,4.879604 52.364039,4.879496 52.364109,4.879421 52.364179,4.879359 52.364259,4.879317 52.364344,4.878642 52.364129,4.878712 52.363996,4.878869 52.363804,4.876435 52.363055,4.875293 52.362751,4.873627 52.362323))",2767.491421367099,47499.087650057554,106887.53911089184,High,High,High,Medium,Medium,Medium,High AC + Medium Pressure (Manageable),High AC + Medium Pressure (Manageable),High AC + Medium Pressure (Manageable),1845,65,733,1169,3.523035230352303,39.7289972899729,63.360433604336045
109,ChIJFSW8s5UJxkcRYFl1hiRdZik,OZO Hotels Armada Amsterdam,15.653803059969915,23.180218189704238,26.141187189076014,Amstelveldbuurt,Grachtengordel-Zuid,POINT (4.8985294 52.3641258),"POLYGON((4.895874 52.364754,4.896088 52.36162,4.896345 52.361641,4.896517 52.361667,4.90277 52.362805,4.901557 52.365162,4.901217 52.365779,4.897537 52.365087,4.896908 52.364966,4.895874 52.364754))",4117.005152661294,41879.753439675485,129078.37219755522,Medium,Medium,Medium,Medium,Medium,High,Medium AC + Medium Pressure (Balanced),Medium AC + Medium Pressure (Balanced),Medium AC + High Pressure (Caution),1106,95,379,831,8.589511754068715,34.267631103074145,75.13562386980108
110,ChIJFVeMnoQJxkcRXJh3rOeqmzM,Volkshotel,32.25532479376151,24.517676329434014,26.162909659986365,Weesperzijde-Midden/Zuid,Weesperzijde,POINT (4.911496 52.353840899999994),"POLYGON((4.906552 52.355385,4.908364 52.35339,4.910248 52.351366,4.911065 52.35003,4.912233 52.348115,4.915413 52.349538,4.916499 52.350026,4.91472 52.351092,4.913849 52.351582,4.913707 52.351686,4.913598 52.351803,4.91133 52.355636,4.910879 52.3564,4.909642 52.356088,4.907559 52.355587,4.906552 52.355385))",4402.516965411391,9616.042482047907,40373.15238721701,High,Medium,Medium,Medium,Low,Low,High AC + Medium Pressure (Manageable),Medium AC + Low Pressure (Opportunity),Medium AC + Low Pressure (Opportunity),10227,333,984,2697,3.2560868289821063,9.621589909064241,26.37136990319742
111,ChIJFf_VTcYJxkcRLp2k4MdCL64,The Highlander Hotel Amsterdam,12.793308111711992,22.57239674239296,25.273800712862254,Spuistraat-Noord,Burgwallen-Nieuwe Zijde,POINT (4.892379099999999 52.375641699999996),"POLYGON((4.888855 52.37326,4.890589 52.373174,4.89065 52.373392,4.89088 52.373892,4.890938 52.373991,4.891352 52.374452,4.891756 52.374874,4.891934 52.375074,4.892069 52.375192,4.89245 52.375459,4.893582 52.376221,4.8942 52.376609,4.892082 52.377032,4.891315 52.376324,4.891181 52.376192,4.889673 52.37482,4.889303 52.374462,4.88926 52.374309,4.888909 52.37344,4.888855 52.37326))",5746.878090226388,68691.81592939758,111007.26481390122,Low,Low,Low,High,High,High,Low AC + High Pressure (Critical),Low AC + High Pressure (Critical),Low AC + High Pressure (Critical),1111,129,589,741,11.61116111611161,53.01530153015301,66.6966696669667
112,ChIJG-OVsecJxkcRggFzBiN9ZQs,No. 377 House - Boutique Hotel Amsterdam,34.320871333848174,26.746104304942158,27.247707418204048,Helmersbuurt-Oost,Helmersbuurt,POINT (4.8784576 52.3651498),"POLYGON((4.873352 52.36555,4.875293 52.362751,4.876435 52.363055,4.878869 52.363804,4.878712 52.363996,4.878642 52.364129,4.879317 52.364344,4.879264 52.364487,4.879231 52.364631,4.879218 52.364778,4.879225 52.364925,4.879232 52.364988,4.879219 52.365126,4.879186 52.365261,4.879136 52.365382,4.87907 52.365501,4.87896 52.365663,4.878817 52.365834,4.878701 52.365947,4.878534 52.366081,4.878397 52.366173,4.878137 52.36631,4.877889 52.366466,4.877726 52.366588,4.877518 52.366772,4.873352 52.36555))",1912.3007728991938,51061.04708655374,115766.20533903415,High,High,High,Medium,Medium,High,High AC + Medium Pressure (Manageable),High AC + Medium Pressure (Manageable),High AC + High Pressure (Stress),562,18,217,397,3.202846975088968,38.612099644128115,70.64056939501779
113,ChIJG08KeMQJxkcRyYp8I2AqRlc,HOTEL IX AMSTERDAM,10.486816818478696,22.99392896177942,25.49807075463398,Felix Meritisbuurt,Grachtengordel-West,POINT (4.886333 52.372394),"POLYGON((4.882614 52.368932,4.884411 52.368862,4.886623 52.368792,4.887279 52.368762,4.887679 52.368756,4.88784 52.368764,4.887828 52.368803,4.888126 52.370301,4.888509 52.372324,4.888766 52.373038,4.888822 52.373147,4.888855 52.37326,4.886906 52.37342,4.88666 52.373456,4.886468 52.373506,4.886299 52.373571,4.885833 52.373823,4.885708 52.373881,4.885558 52.373934,4.88539 52.373977,4.885158 52.373998,4.883385 52.374065,4.883069 52.373992,4.882614 52.368932))",13662.649125692047,75475.57249355917,130396.58751301868,Low,Low,Medium,High,High,High,Low AC + High Pressure (Critical),Low AC + High Pressure (Critical),Medium AC + High Pressure (Caution),138,15,75,114,10.869565217391305,54.347826086956516,82.6086956521739
114,ChIJGTn6cd8JxkcReZ0VW7yQm8w,Alp Hotel Amsterdam City Centre,26.54692992776847,24.08038471725376,26.566976929809027,Da Costabuurt-Noord,Da Costabuurt,POINT (4.8698931 52.3709768),"POLYGON((4.867406 52.371797,4.869586 52.368605,4.870809 52.36685,4.873799 52.367714,4.876809 52.368503,4.876679 52.368677,4.876303 52.368967,4.875993 52.369254,4.875806 52.369462,4.875674 52.369639,4.875045 52.370683,4.874503 52.371889,4.874452 52.37206,4.87444 52.372201,4.874483 52.372324,4.874555 52.372449,4.874645 52.372562,4.874783 52.37269,4.874831 52.372727,4.875168 52.372924,4.875235 52.372974,4.875296 52.373035,4.875384 52.37315,4.875432 52.373235,4.875487 52.37341,4.869645 52.372244,4.867406 52.371797))",1921.4199967110665,19179.782601545794,87341.45743572876,High,Medium,Medium,Medium,Low,Medium,High AC + Medium Pressure (Manageable),Medium AC + Low Pressure (Opportunity),Medium AC + Medium Pressure (Balanced),949,32,159,520,3.371970495258166,16.754478398314017,54.794520547945204
115,ChIJGVvdB8gJxkcRA-vEwJgPdoU,Kimpton De Witt,10.523086215863101,22.80352544191325,24.84456276208543,Nieuwendijk-Noord,Burgwallen-Nieuwe Zijde,POINT (4.895544 52.377196),"POLYGON((4.893582 52.376221,4.8951 52.376206,4.895342 52.376181,4.895472 52.376156,4.895622 52.376115,4.895702 52.376036,4.896266 52.375819,4.896473 52.375764,4.89708 52.375505,4.899141 52.376971,4.899692 52.377303,4.898867 52.377741,4.898667 52.378012,4.898562 52.378122,4.898442 52.378227,4.898062 52.378505,4.897931 52.378579,4.897713 52.378678,4.896895 52.378001,4.895954 52.377792,4.89585 52.377757,4.895748 52.377712,4.895663 52.377661,4.895584 52.3776,4.895104 52.377147,4.894966 52.37704,4.894775 52.376916,4.894422 52.376738,4.8942 52.376609,4.893582 52.376221))",9232.5066600888,63696.663213287284,104104.32193169983,Low,Low,Low,High,High,Medium,Low AC + High Pressure (Critical),Low AC + High Pressure (Critical),Low AC + Medium Pressure (Monitor),5293,329,2374,3280,6.215756659739278,44.851690912525974,61.968637823540526
116,ChIJH0Q6VL4JxkcRSNO9cpBcpGo,Leidseplein Hotel B.V.,8.473552247552403,24.135282696189186,26.063951246115174,Zuiderkerkbuurt,Nieuwmarkt/Lastage,POINT (4.8986887 52.3689531),"POLYGON((4.895268 52.367368,4.896077 52.367379,4.897128 52.367428,4.89725 52.367428,4.898242 52.36732,4.898704 52.367838,4.898985 52.368033,4.900086 52.369039,4.900176 52.369076,4.900306 52.369179,4.900642 52.369295,4.900947 52.369524,4.901011 52.369548,4.901121 52.369622,4.900908 52.369712,4.900785 52.369877,4.90069 52.370119,4.900435 52.371851,4.900439 52.371992,4.900467 52.372089,4.899857 52.372224,4.899295 52.371577,4.898755 52.370995,4.896366 52.368497,4.896231 52.368291,4.895786 52.367811,4.895474 52.367498,4.895372 52.367424,4.895268 52.367368))",2646.0773447349666,59486.35695883352,126618.36019295071,Low,Medium,Medium,Medium,High,High,Low AC + Medium Pressure (Monitor),Medium AC + High Pressure (Caution),Medium AC + High Pressure (Caution),1,0,0,1,0.0,0.0,100.0
117,ChIJH3EFyukJxkcR9jiohYhbb8w,Amsterdam Downtown Hotel,8.854206210862973,23.66512251430079,26.86373197721958,Leidsegracht-Zuid,Grachtengordel-Zuid,POINT (4.8848926 52.365864599999995),"POLYGON((4.882798 52.366177,4.882882 52.366075,4.883506 52.365687,4.884365 52.365108,4.884469 52.365026,4.887919 52.366659,4.888269 52.366779,4.8884 52.366822,4.888627 52.366872,4.889418 52.367136,4.889641 52.367285,4.88854 52.36813,4.88806 52.368499,4.887719 52.368392,4.886703 52.36804,4.886666 52.367546,4.885875 52.367246,4.885166 52.367012,4.884537 52.366784,4.882798 52.366177))",5612.302362550019,67207.8658663597,137898.72115331906,Low,Medium,Medium,High,High,High,Low AC + High Pressure (Critical),Medium AC + High Pressure (Caution),Medium AC + High Pressure (Caution),1003,147,456,793,14.65603190428714,45.46360917248255,79.06281156530409
118,ChIJH6N0g_0JxkcRXFhIhraQbuE,"Park Plaza Vondelpark, Amsterdam",16.285662337684315,28.329401147557792,28.397113616693858,Willemsparkbuurt-Noord,Willemspark,POINT (4.8663656 52.354308499999995),"POLYGON((4.855842 52.354623,4.855495 52.354667,4.855652 52.354129,4.85613 52.352786,4.856323 52.35219,4.856607 52.351522,4.856889 52.351603,4.858341 52.351978,4.859636 52.352281,4.860696 52.352599,4.861586 52.352808,4.862204 52.352979,4.8627 52.353165,4.862841 52.353205,4.863279 52.3532,4.863492 52.353257,4.863714 52.353316,4.863901 52.353429,4.863978 52.353492,4.864069 52.353534,4.865044 52.353717,4.865757 52.353939,4.86634 52.354102,4.866873 52.35421,4.867387 52.354348,4.867535 52.354402,4.867645 52.35446,4.867738 52.354528,4.867813 52.354604,4.867869 52.354691,4.867914 52.354835,4.867906 52.354981,4.867979 52.355269,4.86764 52.355852,4.867588 52.355917,4.8675 52.35598,4.867402 52.356021,4.8673 52.356029,4.867199 52.356017,4.867257 52.355939,4.866563 52.355636,4.866753 52.355564,4.866878 52.355489,4.867003 52.355381,4.867053 52.355313,4.867084 52.355242,4.86709 52.355162,4.867073 52.355051,4.867041 52.354958,4.866952 52.354857,4.86686 52.354794,4.866814 52.354785,4.866761 52.354789,4.866699 52.354822,4.866677 52.354855,4.866638 52.354971,4.866602 52.355023,4.866557 52.355054,4.866465 52.355092,4.866396 52.355109,4.866286 52.355118,4.865901 52.355084,4.865775 52.35508,4.865573 52.355086,4.86525 52.35514,4.865056 52.355203,4.864844 52.355292,4.864553 52.355444,4.864284 52.355553,4.864047 52.355621,4.863579 52.355714,4.862914 52.355743,4.862727 52.355741,4.862437 52.355721,4.86192 52.355652,4.861899 52.355646,4.861903 52.35564,4.861734 52.355605,4.861602 52.355564,4.861333 52.355465,4.861115 52.355359,4.860995 52.355283,4.860598 52.354961,4.860451 52.354851,4.860196 52.354684,4.860058 52.354611,4.859936 52.354558,4.859729 52.354473,4.859316 52.35432,4.85919 52.354265,4.858988 52.354149,4.858802 52.354001,4.858715 52.353868,4.858652 52.353748,4.858629 52.353646,4.858639 52.35357,4.858749 52.35332,4.858809 52.353243,4.858887 52.353164,4.859085 52.353014,4.859181 52.352903,4.859184 52.352819,4.859142 52.352774,4.859152 52.352759,4.859111 52.35275,4.859119 52.352735,4.859083 52.352727,4.859087 52.352721,4.859003 52.352703,4.859017 52.352679,4.858899 52.352657,4.858719 52.352641,4.85847 52.35265,4.858191 52.352725,4.858127 52.352756,4.858095 52.352779,4.858133 52.352807,4.858152 52.352839,4.858148 52.352897,4.85796 52.353155,4.857916 52.353285,4.857909 52.353404,4.857933 52.353471,4.85796 52.3535,4.85816 52.353683,4.858359 52.353782,4.858519 52.353881,4.858563 52.353921,4.858661 52.354065,4.858682 52.354144,4.858674 52.354224,4.858628 52.354321,4.858556 52.354381,4.8583 52.354496,4.857947 52.354568,4.857723 52.354633,4.857572 52.354698,4.857509 52.354749,4.857505 52.354802,4.85754 52.354834,4.857628 52.354858,4.857622 52.354909,4.857502 52.354899,4.857342 52.354874,4.857134 52.354819,4.856569 52.35464,4.856476 52.354623,4.856268 52.354603,4.856144 52.3546,4.856058 52.354601,4.855842 52.354623))",1174.5853203968643,16126.103765827986,53133.20977909335,Medium,High,High,Medium,Low,Low,Medium AC + Medium Pressure (Balanced),High AC + Low Pressure (Potential),High AC + Low Pressure (Potential),2019,46,320,772,2.278355621594849,15.8494304110946,38.236750866765725
119,ChIJHWPIJvsJxkcRZ-j6jYOhl8c,Hotel Omega Amsterdam,18.080783435378724,26.79778748685264,29.051797942977547,Concertgebouwbuurt,Museumkwartier,POINT (4.8757643999999996 52.3558477),"POLYGON((4.873875 52.358139,4.876249 52.354804,4.878224 52.355332,4.878337 52.355376,4.878443 52.355433,4.879022 52.355816,4.879177 52.355902,4.879341 52.355965,4.879992 52.356138,4.879825 52.356412,4.878568 52.358153,4.877154 52.360101,4.87696 52.360065,4.876673 52.359932,4.87646 52.35985,4.875796 52.359659,4.875975 52.359402,4.875252 52.359213,4.875242 52.359227,4.87508 52.359183,4.875284 52.358901,4.875333 52.358878,4.87532 52.358875,4.875384 52.35878,4.875001 52.358679,4.87515 52.358473,4.873875 52.358139))",1008.3933563558625,29769.118346763138,69183.24710847996,Medium,High,High,Low,Medium,Low,Medium AC + Low Pressure (Opportunity),High AC + Medium Pressure (Manageable),High AC + Low Pressure (Potential),759,22,213,305,2.898550724637681,28.063241106719367,40.184453227931485
120,ChIJHcDk0O4JxkcRdRAEGSfM2uo,Apollo Museumhotel Amsterdam City Centre,13.73106242273737,24.85142271381657,27.76811215168665,P.C. Hooftbuurt,Museumkwartier,POINT (4.8841477 52.3612659),"POLYGON((4.877154 52.360101,4.878568 52.358153,4.883359 52.359432,4.883405 52.35945,4.883482 52.359496,4.883536 52.359554,4.883563 52.359618,4.883561 52.359684,4.883273 52.360145,4.883226 52.36029,4.884275 52.360568,4.884488 52.360643,4.88465 52.360727,4.885386 52.361236,4.884404 52.361727,4.884235 52.361794,4.884046 52.361849,4.883846 52.361888,4.883639 52.36191,4.882635 52.361928,4.882511 52.361938,4.882398 52.361957,4.882324 52.361581,4.882398 52.361478,4.880494 52.360974,4.880378 52.36092,4.877922 52.360277,4.877154 52.360101))",5640.910705476073,49028.649673847496,119541.11642821903,Medium,Medium,High,High,Medium,High,Medium AC + High Pressure (Caution),Medium AC + Medium Pressure (Balanced),High AC + High Pressure (Stress),2774,288,1101,1923,10.382119682768565,39.689978370583994,69.32227829848594
121,ChIJHzdSx-oJxkcR0Uo6R_FNis8,Banks Mansion,19.76447292822079,22.81208114133488,26.49264405407021,Rembrandtplein e.o.,Grachtengordel-Zuid,POINT (4.8931979 52.365386799999996),"POLYGON((4.892818 52.36518,4.895874 52.364754,4.896908 52.364966,4.897537 52.365087,4.901217 52.365779,4.900752 52.366625,4.899284 52.367172,4.898795 52.367263,4.898242 52.36732,4.89725 52.367428,4.897128 52.367428,4.896077 52.367379,4.895268 52.367368,4.895052 52.367331,4.894831 52.367308,4.894323 52.367287,4.894147 52.367289,4.893881 52.36729,4.893807 52.367265,4.893466 52.367042,4.893296 52.366678,4.893155 52.36609,4.893008 52.365641,4.892898 52.365425,4.892818 52.36518))",7796.132269911746,76376.69889820753,139252.04160499916,Medium,Low,Medium,High,High,High,Medium AC + High Pressure (Caution),Low AC + High Pressure (Critical),Medium AC + High Pressure (Caution),1155,125,585,916,10.822510822510822,50.649350649350644,79.3073593073593
122,ChIJI0vXGO8JxkcRDpVPI1qRh84,Hotel Museumzicht,12.902886896002192,24.693111145555307,27.554748571085106,P.C. Hooftbuurt,Museumkwartier,POINT (4.882992499999999 52.360379099999996),"POLYGON((4.877154 52.360101,4.878568 52.358153,4.883359 52.359432,4.883405 52.35945,4.883482 52.359496,4.883536 52.359554,4.883563 52.359618,4.883561 52.359684,4.883273 52.360145,4.883226 52.36029,4.884275 52.360568,4.884488 52.360643,4.88465 52.360727,4.885386 52.361236,4.884404 52.361727,4.884235 52.361794,4.884046 52.361849,4.883846 52.361888,4.883639 52.36191,4.882635 52.361928,4.882511 52.361938,4.882398 52.361957,4.882324 52.361581,4.882398 52.361478,4.880494 52.360974,4.880378 52.36092,4.877922 52.360277,4.877154 52.360101))",10510.50731787535,50134.33985638327,112432.3475853752,Low,Medium,High,High,Medium,High,Low AC + High Pressure (Critical),Medium AC + Medium Pressure (Balanced),High AC + High Pressure (Stress),391,78,186,287,19.948849104859335,47.570332480818415,73.40153452685422
123,ChIJI6lxduYJxkcRBkKZxDTOlus,Leonardo Hotel Amsterdam City Center,27.820465500508945,27.0268082132023,27.928745024692255,Vondelparkbuurt-Oost,Vondelparkbuurt,POINT (4.8781702 52.362173899999995),"POLYGON((4.873627 52.362323,4.873844 52.361993,4.87392 52.361759,4.874062 52.361489,4.874092 52.361405,4.874096 52.361295,4.874067 52.361247,4.873972 52.361169,4.873853 52.361113,4.873936 52.360997,4.874019 52.361019,4.874077 52.360982,4.874158 52.360965,4.874254 52.360931,4.874396 52.360928,4.874606 52.360911,4.87503 52.360785,4.875245 52.360683,4.875316 52.360674,4.875393 52.36068,4.875469 52.360706,4.875532 52.36075,4.875601 52.360819,4.875826 52.36077,4.87587 52.360716,4.876184 52.360807,4.87626 52.360738,4.876497 52.3608,4.876567 52.360698,4.876556 52.360681,4.876594 52.360626,4.876621 52.360618,4.876633 52.360581,4.876953 52.36066,4.876933 52.360689,4.877036 52.360715,4.877021 52.360738,4.876985 52.360736,4.876968 52.36076,4.876916 52.360774,4.876888 52.360767,4.876749 52.360968,4.877197 52.361095,4.877359 52.360863,4.877388 52.360871,4.877454 52.360781,4.878587 52.361093,4.880603 52.361632,4.882099 52.362056,4.881963 52.362119,4.881853 52.362186,4.881748 52.36228,4.881716 52.362323,4.88166 52.362416,4.88162 52.36251,4.881576 52.362765,4.881517 52.362938,4.881413 52.363127,4.881236 52.36327,4.881121 52.363362,4.880851 52.363543,4.880708 52.363627,4.880543 52.36371,4.88026 52.363825,4.880062 52.363888,4.879781 52.363963,4.879604 52.364039,4.879496 52.364109,4.879421 52.364179,4.879359 52.364259,4.879317 52.364344,4.878642 52.364129,4.878712 52.363996,4.878869 52.363804,4.876435 52.363055,4.875293 52.362751,4.873627 52.362323))",145.03310858959594,45538.22945787425,109247.81362714464,High,High,High,Low,Medium,Medium,High AC + Low Pressure (Potential),High AC + Medium Pressure (Manageable),High AC + Medium Pressure (Manageable),3022,41,1141,1935,1.356717405691595,37.75645268034415,64.03044341495698
124,ChIJI75ohc4JxkcRQrZih6iHbrc,Hotel Schroder,14.354241346346647,21.2386153736831,25.646959431226108,Haarlemmerbuurt-West,Haarlemmerbuurt,POINT (4.8880799999999995 52.3823016),"POLYGON((4.88261 52.383893,4.882936 52.383702,4.882965 52.383652,4.883067 52.38352,4.88807 52.380728,4.888437 52.380522,4.889908 52.382132,4.890156 52.382364,4.889387 52.38272,4.888524 52.3831,4.88815 52.383279,4.887781 52.383475,4.885036 52.385009,4.884653 52.385199,4.883929 52.385506,4.883518 52.384955,4.883023 52.384429,4.882826 52.384134,4.882653 52.383932,4.88261 52.383893))",3672.7239489119115,27532.92676643096,84372.16285698624,Medium,Low,Medium,Medium,Medium,Medium,Medium AC + Medium Pressure (Balanced),Low AC + Medium Pressure (Monitor),Medium AC + Medium Pressure (Balanced),259,20,89,165,7.722007722007722,34.36293436293436,63.7065637065637
125,ChIJIYdU8sMJxkcRrbxZuGZOlro,The Hoxton Amsterdam,10.946837875009379,22.77378291945479,25.549822521347444,Felix Meritisbuurt,Grachtengordel-West,POINT (4.8874276 52.3718724),"POLYGON((4.882614 52.368932,4.884411 52.368862,4.886623 52.368792,4.887279 52.368762,4.887679 52.368756,4.88784 52.368764,4.887828 52.368803,4.888126 52.370301,4.888509 52.372324,4.888766 52.373038,4.888822 52.373147,4.888855 52.37326,4.886906 52.37342,4.88666 52.373456,4.886468 52.373506,4.886299 52.373571,4.885833 52.373823,4.885708 52.373881,4.885558 52.373934,4.88539 52.373977,4.885158 52.373998,4.883385 52.374065,4.883069 52.373992,4.882614 52.368932))",13104.28915200351,75102.23740612838,130096.1080962561,Low,Low,Medium,High,High,High,Low AC + High Pressure (Critical),Low AC + High Pressure (Critical),Medium AC + High Pressure (Caution),9143,430,3341,5205,4.703051514820081,36.54161653724161,56.928797987531446
126,ChIJIa28w2wJxkcR4Gbxg0XVZGQ,Leonardo Boutique Museumhotel Amsterdam City Center,15.039579579876971,24.730585744081374,27.871633895257332,P.C. Hooftbuurt,Museumkwartier,POINT (4.8836555 52.361183999999994),"POLYGON((4.877154 52.360101,4.878568 52.358153,4.883359 52.359432,4.883405 52.35945,4.883482 52.359496,4.883536 52.359554,4.883563 52.359618,4.883561 52.359684,4.883273 52.360145,4.883226 52.36029,4.884275 52.360568,4.884488 52.360643,4.88465 52.360727,4.885386 52.361236,4.884404 52.361727,4.884235 52.361794,4.884046 52.361849,4.883846 52.361888,4.883639 52.36191,4.882635 52.361928,4.882511 52.361938,4.882398 52.361957,4.882324 52.361581,4.882398 52.361478,4.880494 52.360974,4.880378 52.36092,4.877922 52.360277,4.877154 52.360101))",5479.362933728005,48329.688921778215,113316.39352080249,Medium,Medium,High,Medium,Medium,High,Medium AC + Medium Pressure (Balanced),Medium AC + Medium Pressure (Balanced),High AC + High Pressure (Stress),1475,172,695,1058,11.661016949152541,47.11864406779661,71.72881355932203
127,ChIJIbgr1XEKxkcRG2S6Mqzh8eA,ibis budget Amsterdam Zuid,21.075946492271626,18.8923432904054,22.614005700528324,,,POINT (4.8719458 52.3166576),,4.492243600285037,1605.7062983061996,1991.6473715945838,High,Low,Low,Low,Low,Low,High AC + Low Pressure (Potential),Low AC + Low Pressure (Limited Interest),Low AC + Low Pressure (Limited Interest),6407,6,67,106,0.09364757296706727,1.0457312314655844,1.6544404557515218
128,ChIJJ-SnGnXixUcRCcrnMREovhg,Hotel Larende,21.12072076441132,25.469513956517385,27.13541951584814,Bellamybuurt-Noord,Bellamybuurt,POINT (4.8660306 52.369837499999996),"POLYGON((4.862259 52.367122,4.865956 52.368074,4.867027 52.368311,4.867166 52.368329,4.867309 52.368336,4.868213 52.368306,4.868324 52.368306,4.868417 52.368314,4.868519 52.368333,4.869586 52.368605,4.867406 52.371797,4.866358 52.371587,4.865028 52.370138,4.863284 52.368239,4.862259 52.367122))",985.260099764293,13181.13194101847,73815.2300060297,High,High,High,Low,Low,Medium,High AC + Low Pressure (Potential),High AC + Low Pressure (Potential),High AC + Medium Pressure (Manageable),687,29,78,247,4.2212518195050945,11.353711790393014,35.95342066957787
129,ChIJJVSNLlnixUcRa8wszX39t7M,"Holiday Inn Express Amsterdam - Sloterdijk Station, an IHG Hotel",15.075798096202242,24.838598614604678,26.35070715607682,Sloterdijk Stationskwartier,Sloterdijk Nieuw-West,POINT (4.837560799999999 52.3878316),"POLYGON((4.819257 52.389038,4.819268 52.387484,4.82891 52.387554,4.831594 52.387412,4.831523 52.38488,4.836014 52.38495,4.839258 52.385018,4.839837 52.385036,4.843294 52.385101,4.843934 52.385089,4.84458 52.385103,4.844813 52.385108,4.844811 52.385146,4.844798 52.385146,4.844732 52.386384,4.844761 52.386922,4.844669 52.388623,4.844665 52.388757,4.844689 52.388756,4.844687 52.38892,4.844662 52.38892,4.844663 52.388899,4.844372 52.3889,4.844336 52.389522,4.844213 52.391808,4.844134 52.393288,4.844117 52.393849,4.844138 52.39428,4.844174 52.394607,4.844233 52.394945,4.844319 52.395304,4.843991 52.395258,4.843688 52.395231,4.843272 52.395141,4.84295 52.395061,4.842514 52.394933,4.84238 52.394915,4.842247 52.394882,4.841907 52.394762,4.841357 52.394542,4.841089 52.394422,4.840666 52.394211,4.837245 52.391623,4.836937 52.391378,4.836537 52.391083,4.836299 52.390925,4.835998 52.390749,4.835712 52.390599,4.835396 52.390449,4.835133 52.390338,4.834931 52.390259,4.834441 52.390091,4.834114 52.389995,4.833897 52.389939,4.833809 52.389916,4.833551 52.389857,4.832573 52.389692,4.831589 52.389544,4.830598 52.389413,4.829602 52.389299,4.828936 52.389232,4.827932 52.389145,4.826925 52.389076,4.819257 52.389038))",1510.805404812805,1909.000164446637,4655.356081784794,Medium,Medium,Medium,Medium,Low,Low,Medium AC + Medium Pressure (Balanced),Medium AC + Low Pressure (Opportunity),Medium AC + Low Pressure (Opportunity),6184,445,523,615,7.195989650711514,8.457309184993532,9.945019404915913
130,ChIJJWoaCO0JxkcR8NYEESfW0K8,Aston city Hotel,14.829412171642966,23.93625158307247,27.802491542749536,Frans Halsbuurt,Oude Pijp,POINT (4.8897563 52.3581692),"POLYGON((4.886724 52.358732,4.886603 52.357267,4.886582 52.356853,4.886698 52.355295,4.889074 52.355163,4.890417 52.355436,4.890464 52.355579,4.890843 52.357948,4.89088 52.358369,4.890655 52.358397,4.890437 52.358432,4.890216 52.358479,4.890008 52.358532,4.889807 52.358594,4.889605 52.358667,4.889405 52.358752,4.889253 52.358828,4.888931 52.359019,4.888644 52.35923,4.888412 52.359441,4.888292 52.359585,4.888175 52.359705,4.88795 52.359896,4.887686 52.360074,4.887389 52.360232,4.886964 52.359925,4.886795 52.359601,4.886724 52.358732))",4719.82656361344,47041.87935098394,100973.58899303841,Medium,Medium,High,Medium,Medium,Medium,Medium AC + Medium Pressure (Balanced),Medium AC + Medium Pressure (Balanced),High AC + Medium Pressure (Manageable),792,56,290,482,7.07070707070707,36.61616161616162,60.858585858585855
131,ChIJJbvBMDwJxkcRq5XgJmFiteY,limehome Amsterdam Hemonystraat,24.097225179709238,23.980645087267046,26.45711282412771,Hemonybuurt,Oude Pijp,POINT (4.9022054 52.3581297),"POLYGON((4.899246 52.3581,4.899333 52.357704,4.899795 52.356662,4.901246 52.354828,4.904811 52.355952,4.904997 52.355994,4.906056 52.356169,4.90489 52.358751,4.904634 52.359212,4.904 52.359049,4.901674 52.358595,4.899246 52.3581))",1805.6853587677463,29683.496245135117,94179.38595625719,High,Medium,Medium,Medium,Medium,Medium,High AC + Medium Pressure (Manageable),Medium AC + Medium Pressure (Balanced),Medium AC + Medium Pressure (Balanced),14,2,7,9,14.285714285714285,50.0,64.28571428571429
132,ChIJK27ut6kJxkcR4OSMqfkm9zk,Sotel Amsterdam Central Station,11.765608503075278,22.518222532649204,24.45069092281281,Hemelrijk,Burgwallen-Nieuwe Zijde,POINT (4.8962205 52.3780035),"POLYGON((4.892082 52.377032,4.8942 52.376609,4.894422 52.376738,4.894775 52.376916,4.894966 52.37704,4.895104 52.377147,4.895584 52.3776,4.895663 52.377661,4.895748 52.377712,4.89585 52.377757,4.895954 52.377792,4.896895 52.378001,4.897713 52.378678,4.897528 52.378761,4.895468 52.379856,4.895194 52.379624,4.894341 52.37903,4.894004 52.378766,4.893914 52.378696,4.892082 52.377032))",9628.32001315573,60751.26064791975,102497.61853861755,Low,Low,Low,High,High,Medium,Low AC + High Pressure (Critical),Low AC + High Pressure (Critical),Low AC + Medium Pressure (Monitor),84,18,49,64,21.428571428571427,58.333333333333336,76.19047619047619
133,ChIJK8FdgOgJxkcRbB7urdamf3U,Hotel La Boheme,21.098228166546573,25.69739421476814,27.4661007051192,Leidsebuurt-Zuidwest,De Weteringschans,POINT (4.8810709999999995 52.364557),"POLYGON((4.879225 52.364925,4.879218 52.364778,4.879231 52.364631,4.879264 52.364487,4.879317 52.364344,4.879359 52.364259,4.879421 52.364179,4.879496 52.364109,4.879604 52.364039,4.879781 52.363963,4.880062 52.363888,4.88026 52.363825,4.880543 52.36371,4.880708 52.363627,4.880851 52.363543,4.881121 52.363362,4.881236 52.36327,4.882589 52.363906,4.882979 52.364242,4.88258 52.36452,4.882294 52.364385,4.881799 52.36474,4.881681 52.364682,4.880873 52.365286,4.880719 52.365427,4.8801 52.365211,4.879225 52.364925))",6857.300992161377,51872.971605547325,130096.24327139175,High,High,High,High,Medium,High,High AC + High Pressure (Stress),High AC + Medium Pressure (Manageable),High AC + High Pressure (Stress),1039,144,452,820,13.859480269489893,43.503368623676614,78.92204042348412
134,ChIJKWBPHowJxkcRFdFm2RhxGCg,Vondel Garden Hotel,15.953799016672097,27.18156042870462,28.500824243307264,Vondelparkbuurt-Oost,Vondelparkbuurt,POINT (4.8769142 52.3612432),"POLYGON((4.873627 52.362323,4.873844 52.361993,4.87392 52.361759,4.874062 52.361489,4.874092 52.361405,4.874096 52.361295,4.874067 52.361247,4.873972 52.361169,4.873853 52.361113,4.873936 52.360997,4.874019 52.361019,4.874077 52.360982,4.874158 52.360965,4.874254 52.360931,4.874396 52.360928,4.874606 52.360911,4.87503 52.360785,4.875245 52.360683,4.875316 52.360674,4.875393 52.36068,4.875469 52.360706,4.875532 52.36075,4.875601 52.360819,4.875826 52.36077,4.87587 52.360716,4.876184 52.360807,4.87626 52.360738,4.876497 52.3608,4.876567 52.360698,4.876556 52.360681,4.876594 52.360626,4.876621 52.360618,4.876633 52.360581,4.876953 52.36066,4.876933 52.360689,4.877036 52.360715,4.877021 52.360738,4.876985 52.360736,4.876968 52.36076,4.876916 52.360774,4.876888 52.360767,4.876749 52.360968,4.877197 52.361095,4.877359 52.360863,4.877388 52.360871,4.877454 52.360781,4.878587 52.361093,4.880603 52.361632,4.882099 52.362056,4.881963 52.362119,4.881853 52.362186,4.881748 52.36228,4.881716 52.362323,4.88166 52.362416,4.88162 52.36251,4.881576 52.362765,4.881517 52.362938,4.881413 52.363127,4.881236 52.36327,4.881121 52.363362,4.880851 52.363543,4.880708 52.363627,4.880543 52.36371,4.88026 52.363825,4.880062 52.363888,4.879781 52.363963,4.879604 52.364039,4.879496 52.364109,4.879421 52.364179,4.879359 52.364259,4.879317 52.364344,4.878642 52.364129,4.878712 52.363996,4.878869 52.363804,4.876435 52.363055,4.875293 52.362751,4.873627 52.362323))",859.3974127062435,40938.56657348024,87875.53472564819,Medium,High,High,Low,Medium,Medium,Medium AC + Low Pressure (Opportunity),High AC + Medium Pressure (Manageable),High AC + Medium Pressure (Manageable),516,3,202,285,0.5813953488372093,39.14728682170542,55.23255813953488
135,ChIJK_RWo1XhxUcRQlaKrcBHkNI,Olympic Hotel Amsterdam,12.871326618040827,27.51210590037081,29.06502899103172,IJsbaanpad e.o.,Stadionbuurt,POINT (4.8530866999999995 52.3413634),"POLYGON((4.848181 52.342768,4.847644 52.342195,4.847418 52.341847,4.847097 52.341317,4.846865 52.340835,4.846827 52.340645,4.846793 52.340301,4.846782 52.339957,4.846787 52.339728,4.846802 52.339499,4.846971 52.338147,4.848134 52.338234,4.848138 52.338289,4.848176 52.338346,4.848218 52.338383,4.848379 52.338446,4.848512 52.338472,4.850779 52.338649,4.853167 52.338835,4.853259 52.338581,4.853348 52.338586,4.853306 52.33873,4.854989 52.338795,4.857095 52.338902,4.857116 52.338921,4.857159 52.339088,4.857163 52.339161,4.857137 52.33957,4.857159 52.339883,4.857199 52.340164,4.857326 52.340846,4.857414 52.34122,4.857462 52.341537,4.857435 52.341771,4.857334 52.342101,4.85734 52.342144,4.8573 52.342254,4.852857 52.34165,4.852444 52.342405,4.852022 52.3434,4.851116 52.343255,4.8501 52.343016,4.849791 52.342924,4.848181 52.342768))",62.40119497889599,3424.477004878583,9837.183138738144,Low,High,High,Low,Low,Low,Low AC + Low Pressure (Limited Interest),High AC + Low Pressure (Potential),High AC + Low Pressure (Potential),5204,79,257,407,1.518063028439662,4.938508839354343,7.8209069946195235
136,ChIJKadUqbsJxkcR7UO3UVVj-Qw,City Hotel Amsterdam,17.924975549630883,24.56915230203799,24.513475153803064,Scheepvaarthuisbuurt,Nieuwmarkt/Lastage,POINT (4.9054284 52.3738861),"POLYGON((4.904283 52.376217,4.903806 52.375415,4.903323 52.375054,4.903132 52.374486,4.903129 52.374341,4.903181 52.374175,4.903448 52.373753,4.903546 52.373648,4.903651 52.373567,4.905856 52.372334,4.90637 52.372076,4.907201 52.372447,4.907869 52.372784,4.909575 52.373968,4.909261 52.374089,4.905176 52.375886,4.904283 52.376217))",51.01611577043248,34978.25121964589,84685.72115331907,Medium,Medium,Low,Low,Medium,Medium,Medium AC + Low Pressure (Opportunity),Medium AC + Medium Pressure (Balanced),Low AC + Medium Pressure (Monitor),1487,17,507,876,1.1432414256893073,34.095494283792874,58.91055817081372
137,ChIJL3i8wxUJxkcRoStQt7F2fCc,Numa Amsterdam Docklands,26.72275971327055,26.929516223578474,28.69239796194436,Cruquiusbuurt,Oostelijk Havengebied,POINT (4.9463694 52.368835999999995),"POLYGON((4.945582 52.370213,4.945657 52.368838,4.945709 52.368755,4.945805 52.368687,4.945925 52.368644,4.946098 52.368618,4.94613 52.367362,4.951878 52.367412,4.954381 52.367439,4.954643 52.367471,4.954902 52.36752,4.955137 52.36758,4.955426 52.367673,4.955605 52.367746,4.955769 52.36783,4.955945 52.367946,4.956573 52.368462,4.956653 52.368726,4.956698 52.368993,4.956709 52.369262,4.956685 52.36953,4.955756 52.373337,4.95514 52.373393,4.95452 52.373427,4.951448 52.370536,4.945582 52.370213))",4.5781395603793165,3294.411281039302,10204.398618648247,High,High,High,Low,Low,Low,High AC + Low Pressure (Potential),High AC + Low Pressure (Potential),High AC + Low Pressure (Potential),657,0,37,91,0.0,5.6316590563165905,13.850837138508371
138,ChIJLYIWaPwNxkcRxNVPxkWwJMM,Hotel City Garden Amsterdam,15.337806211286908,27.48083615017466,28.93226486806968,Concertgebouwbuurt,Museumkwartier,POINT (4.8762438 52.3591774),"POLYGON((4.873875 52.358139,4.876249 52.354804,4.878224 52.355332,4.878337 52.355376,4.878443 52.355433,4.879022 52.355816,4.879177 52.355902,4.879341 52.355965,4.879992 52.356138,4.879825 52.356412,4.878568 52.358153,4.877154 52.360101,4.87696 52.360065,4.876673 52.359932,4.87646 52.35985,4.875796 52.359659,4.875975 52.359402,4.875252 52.359213,4.875242 52.359227,4.87508 52.359183,4.875284 52.358901,4.875333 52.358878,4.87532 52.358875,4.875384 52.35878,4.875001 52.358679,4.87515 52.358473,4.873875 52.358139))",814.388861481116,37495.1944855561,84249.9147070109,Medium,High,High,Low,Medium,Medium,Medium AC + Low Pressure (Opportunity),High AC + Medium Pressure (Manageable),High AC + Medium Pressure (Manageable),2370,27,964,1295,1.139240506329114,40.675105485232066,54.641350210970465
139,ChIJL_pc9FnixUcRCJ4sqnV2h04,Amsterdam Teleport Hotel,13.004244321898225,24.0440926869363,25.9224791748762,Sloterdijk Stationskwartier,Sloterdijk Nieuw-West,POINT (4.8325635 52.3853381),"POLYGON((4.819257 52.389038,4.819268 52.387484,4.82891 52.387554,4.831594 52.387412,4.831523 52.38488,4.836014 52.38495,4.839258 52.385018,4.839837 52.385036,4.843294 52.385101,4.843934 52.385089,4.84458 52.385103,4.844813 52.385108,4.844811 52.385146,4.844798 52.385146,4.844732 52.386384,4.844761 52.386922,4.844669 52.388623,4.844665 52.388757,4.844689 52.388756,4.844687 52.38892,4.844662 52.38892,4.844663 52.388899,4.844372 52.3889,4.844336 52.389522,4.844213 52.391808,4.844134 52.393288,4.844117 52.393849,4.844138 52.39428,4.844174 52.394607,4.844233 52.394945,4.844319 52.395304,4.843991 52.395258,4.843688 52.395231,4.843272 52.395141,4.84295 52.395061,4.842514 52.394933,4.84238 52.394915,4.842247 52.394882,4.841907 52.394762,4.841357 52.394542,4.841089 52.394422,4.840666 52.394211,4.837245 52.391623,4.836937 52.391378,4.836537 52.391083,4.836299 52.390925,4.835998 52.390749,4.835712 52.390599,4.835396 52.390449,4.835133 52.390338,4.834931 52.390259,4.834441 52.390091,4.834114 52.389995,4.833897 52.389939,4.833809 52.389916,4.833551 52.389857,4.832573 52.389692,4.831589 52.389544,4.830598 52.389413,4.829602 52.389299,4.828936 52.389232,4.827932 52.389145,4.826925 52.389076,4.819257 52.389038))",27.99835553362933,1643.9584498163679,4031.8135723291116,Low,Medium,Medium,Low,Low,Low,Low AC + Low Pressure (Limited Interest),Medium AC + Low Pressure (Opportunity),Medium AC + Low Pressure (Opportunity),4237,53,280,402,1.2508850601840924,6.60844937455747,9.487845173471795
140,ChIJM0EdpJ0JxkcRC9N89VvnMwQ,"Hotel ""Oosterpark""",15.603976411078335,24.814528685587554,26.34598591410764,Oosterparkbuurt-Zuidoost,Oosterparkbuurt,POINT (4.9229202 52.3592404),"POLYGON((4.917445 52.358044,4.919185 52.355656,4.926691 52.357866,4.926393 52.358288,4.925426 52.359847,4.925295 52.360027,4.917772 52.358142,4.917445 52.358044))",430.4714136929232,19555.708052403657,36581.44159403606,Medium,Medium,Medium,Low,Low,Low,Medium AC + Low Pressure (Opportunity),Medium AC + Low Pressure (Opportunity),Medium AC + Low Pressure (Opportunity),454,23,73,113,5.066079295154185,16.079295154185022,24.88986784140969
141,ChIJM61k1_HGxUcRIxwGqHPGpD4,Singel Hotel Amsterdam,6.550801324600779,22.279562190519204,24.544377703758485,Hemelrijk,Burgwallen-Nieuwe Zijde,POINT (4.8934067 52.377749699999995),"POLYGON((4.892082 52.377032,4.8942 52.376609,4.894422 52.376738,4.894775 52.376916,4.894966 52.37704,4.895104 52.377147,4.895584 52.3776,4.895663 52.377661,4.895748 52.377712,4.89585 52.377757,4.895954 52.377792,4.896895 52.378001,4.897713 52.378678,4.897528 52.378761,4.895468 52.379856,4.895194 52.379624,4.894341 52.37903,4.894004 52.378766,4.893914 52.378696,4.892082 52.377032))",6719.417310749329,57300.341446034094,96419.60669845968,Low,Low,Low,High,High,Medium,Low AC + High Pressure (Critical),Low AC + High Pressure (Critical),Low AC + Medium Pressure (Monitor),1331,87,615,835,6.536438767843726,46.205860255447035,62.73478587528174
142,ChIJMU5LAZMJxkcRafD-0zFsVqk,Hotel Nicolaas Witsen,12.432903230994283,23.551004071585037,27.267007379389486,Den Texbuurt,De Weteringschans,POINT (4.8961112 52.35895),"POLYGON((4.8863 52.36078,4.887389 52.360232,4.887686 52.360074,4.88795 52.359896,4.888175 52.359705,4.888292 52.359585,4.888412 52.359441,4.888644 52.35923,4.888931 52.359019,4.889253 52.358828,4.889405 52.358752,4.889605 52.358667,4.889807 52.358594,4.890008 52.358532,4.890216 52.358479,4.890437 52.358432,4.890655 52.358397,4.89088 52.358369,4.896177 52.358047,4.89639 52.359529,4.896388 52.359683,4.896185 52.359696,4.890777 52.360025,4.89012 52.360071,4.890016 52.36009,4.886983 52.361539,4.886786 52.361331,4.886551 52.360986,4.886442 52.360887,4.8863 52.36078))",60.856547716932475,32511.808638929997,120412.15551170311,Low,Medium,High,Low,Medium,High,Low AC + Low Pressure (Limited Interest),Medium AC + Medium Pressure (Balanced),High AC + High Pressure (Stress),713,1,241,531,0.1402524544179523,33.80084151472651,74.47405329593268
143,ChIJMzqLEIsJxkcRp0BQroIzgGc,Hotel Okura Amsterdam,13.890114815937102,22.794951370272653,28.51386710746872,Lizzy Ansinghbuurt,Nieuwe Pijp,POINT (4.8930096999999995 52.3486159),"POLYGON((4.891135 52.352792,4.891204 52.352577,4.891379 52.352135,4.891395 52.351993,4.891358 52.351484,4.891362 52.351404,4.891579 52.350751,4.891597 52.350614,4.891595 52.350535,4.891281 52.348228,4.895262 52.348013,4.895296 52.348268,4.894641 52.350028,4.894542 52.350439,4.894559 52.350571,4.894747 52.351322,4.894774 52.351429,4.8946 52.351888,4.894912 52.351936,4.894837 52.352628,4.894788 52.352895,4.894556 52.35325,4.891135 52.352792))",103.92588938222877,13989.750534451568,52428.09510497176,Medium,Low,High,Low,Low,Low,Medium AC + Low Pressure (Opportunity),Low AC + Low Pressure (Limited Interest),High AC + Low Pressure (Potential),9268,300,1299,2596,3.2369443245576175,14.015968925334485,28.010358221838583
144,ChIJN6HK0MUJxkcRXy8CY2dylgE,The Times Hotel in Amsterdam,4.761337653494245,22.3222626507259,25.165045427732657,Leliegracht e.o.,Grachtengordel-West,POINT (4.889020899999999 52.3754573),"POLYGON((4.883069 52.373992,4.883385 52.374065,4.885158 52.373998,4.88539 52.373977,4.885558 52.373934,4.885708 52.373881,4.885833 52.373823,4.886299 52.373571,4.886468 52.373506,4.88666 52.373456,4.886906 52.37342,4.888855 52.37326,4.888909 52.37344,4.88926 52.374309,4.889303 52.374462,4.889673 52.37482,4.891181 52.376192,4.891315 52.376324,4.8899 52.376899,4.889543 52.376955,4.886206 52.378089,4.884779 52.37653,4.883155 52.374752,4.883134 52.374679,4.883069 52.373992))",1706.1168119278625,71263.76758208628,113124.82590582689,Low,Low,Low,Medium,High,High,Low AC + Medium Pressure (Monitor),Low AC + High Pressure (Critical),Low AC + High Pressure (Critical),814,65,442,556,7.985257985257984,54.2997542997543,68.3046683046683
145,ChIJN8RMMqgLxkcRknxrSHEle1E,Aparthotel Adagio Amsterdam City South,19.172258441888197,19.593781817777316,23.306397232033934,,,POINT (4.870786799999999 52.3184215),,4.492243600285037,1605.7062983061996,10064.604505837855,Medium,Low,Low,Low,Low,Low,Medium AC + Low Pressure (Opportunity),Low AC + Low Pressure (Limited Interest),Low AC + Low Pressure (Limited Interest),1523,0,31,84,0.0,2.0354563361785947,5.51543007222587
146,ChIJNTs62r8JxkcROh144s-vHTk,Hotel Amstelzicht,21.476597141612704,22.327876486047032,25.84584603899524,Rembrandtplein e.o.,Grachtengordel-Zuid,POINT (4.8969444 52.366944399999994),"POLYGON((4.892818 52.36518,4.895874 52.364754,4.896908 52.364966,4.897537 52.365087,4.901217 52.365779,4.900752 52.366625,4.899284 52.367172,4.898795 52.367263,4.898242 52.36732,4.89725 52.367428,4.897128 52.367428,4.896077 52.367379,4.895268 52.367368,4.895052 52.367331,4.894831 52.367308,4.894323 52.367287,4.894147 52.367289,4.893881 52.36729,4.893807 52.367265,4.893466 52.367042,4.893296 52.366678,4.893155 52.36609,4.893008 52.365641,4.892898 52.365425,4.892818 52.36518))",6111.78117634161,62038.44795263936,136225.46297209887,High,Low,Medium,High,High,High,High AC + High Pressure (Stress),Low AC + High Pressure (Critical),Medium AC + High Pressure (Caution),476,68,225,382,14.285714285714285,47.26890756302521,80.25210084033614
147,ChIJNURoFJUJxkcRhK0DQbVbKwI,Hotel Frank since 1666,21.714134138338775,22.85351262428332,26.238361741454476,Rembrandtplein e.o.,Grachtengordel-Zuid,POINT (4.8961597999999995 52.3650771),"POLYGON((4.892818 52.36518,4.895874 52.364754,4.896908 52.364966,4.897537 52.365087,4.901217 52.365779,4.900752 52.366625,4.899284 52.367172,4.898795 52.367263,4.898242 52.36732,4.89725 52.367428,4.897128 52.367428,4.896077 52.367379,4.895268 52.367368,4.895052 52.367331,4.894831 52.367308,4.894323 52.367287,4.894147 52.367289,4.893881 52.36729,4.893807 52.367265,4.893466 52.367042,4.893296 52.366678,4.893155 52.36609,4.893008 52.365641,4.892898 52.365425,4.892818 52.36518))",5375.273419941895,56517.75787973469,137117.44652743518,High,Low,Medium,Medium,High,High,High AC + Medium Pressure (Manageable),Low AC + High Pressure (Critical),Medium AC + High Pressure (Caution),309,40,161,259,12.944983818770226,52.103559870550164,83.81877022653723
148,ChIJNbfdcZkJxkcRUBi3fs0KCGA,Hyatt Regency Amsterdam,19.618279825500657,27.80684673647776,24.847982546511297,Sarphatistrook,Weesperbuurt/Plantage,POINT (4.9117451 52.361739899999996),"POLYGON((4.903415 52.36153,4.904205 52.359948,4.904634 52.359212,4.905163 52.359348,4.905975 52.359499,4.906171 52.35955,4.906505 52.359664,4.906642 52.359724,4.906922 52.359877,4.907104 52.360005,4.907379 52.36022,4.90751 52.3603,4.907645 52.360371,4.907784 52.360431,4.907974 52.360499,4.908327 52.360591,4.908567 52.360641,4.90881 52.36066,4.909038 52.360651,4.909355 52.360599,4.909644 52.360579,4.90996 52.360587,4.910257 52.360624,4.910565 52.360697,4.910838 52.360796,4.911089 52.360926,4.911205 52.361004,4.91129 52.361075,4.911371 52.361126,4.911492 52.361181,4.911627 52.361222,4.911781 52.361248,4.912851 52.361359,4.914036 52.361496,4.91508 52.361787,4.915781 52.36198,4.916005 52.362028,4.916241 52.362068,4.916415 52.362089,4.91749 52.362131,4.916779 52.363423,4.916566 52.36337,4.916385 52.363351,4.916155 52.363356,4.915976 52.363383,4.915891 52.363404,4.915144 52.363661,4.915112 52.363708,4.914387 52.363945,4.914224 52.363769,4.91078 52.363092,4.905049 52.361987,4.905117 52.361852,4.903415 52.36153))",2361.468234391273,14898.294140218164,67708.79175574193,Medium,High,Low,Medium,Low,Low,Medium AC + Medium Pressure (Balanced),High AC + Low Pressure (Potential),Low AC + Low Pressure (Limited Interest),2755,53,395,954,1.9237749546279492,14.337568058076226,34.62794918330309
149,ChIJO0hQNvMJxkcR4EARJaFExdg,easyHotel Amsterdam City Centre,18.40909222730264,21.82984477287235,28.297735207358865,Lizzy Ansinghbuurt,Nieuwe Pijp,POINT (4.8916618 52.3522896),"POLYGON((4.891135 52.352792,4.891204 52.352577,4.891379 52.352135,4.891395 52.351993,4.891358 52.351484,4.891362 52.351404,4.891579 52.350751,4.891597 52.350614,4.891595 52.350535,4.891281 52.348228,4.895262 52.348013,4.895296 52.348268,4.894641 52.350028,4.894542 52.350439,4.894559 52.350571,4.894747 52.351322,4.894774 52.351429,4.8946 52.351888,4.894912 52.351936,4.894837 52.352628,4.894788 52.352895,4.894556 52.35325,4.891135 52.352792))",3215.6978018966174,18063.65460724661,70420.84021268431,Medium,Low,High,Medium,Low,Low,Medium AC + Medium Pressure (Balanced),Low AC + Low Pressure (Limited Interest),High AC + Low Pressure (Potential),3400,288,711,1457,8.470588235294118,20.91176470588235,42.85294117647059
150,ChIJOTNFq5wLxkcRHNgvRQEM53Q,Joy Hotel Amsterdam,15.461352105747622,23.28555513491204,20.03917763707482,Amstel III deel A/B-Noord,Amstel III/Bullewijk,POINT (4.950296 52.305232999999994),"POLYGON((4.937991 52.310475,4.939838 52.308461,4.940318 52.307977,4.940496 52.307729,4.940716 52.307361,4.940771 52.307252,4.940972 52.306767,4.941054 52.306618,4.941156 52.306468,4.942191 52.305301,4.944159 52.303149,4.944455 52.302775,4.944778 52.302259,4.945144 52.301804,4.947118 52.29965,4.955402 52.302497,4.955332 52.302577,4.95506 52.302809,4.953137 52.304959,4.952491 52.305706,4.952096 52.306078,4.951546 52.306643,4.947751 52.310545,4.947509 52.310809,4.946359 52.312063,4.942527 52.310729,4.941598 52.311684,4.937991 52.310475))",30.865921175245287,5419.7241133585485,33571.483473112974,Medium,Medium,Low,Low,Low,Low,Medium AC + Low Pressure (Opportunity),Medium AC + Low Pressure (Opportunity),Low AC + Low Pressure (Limited Interest),2446,126,300,577,5.151267375306623,12.264922322158627,23.58953393295176
151,ChIJOVV-JhIJxkcRuOOmlPMCO5g,SWEETS hotel Willemsbrug,20.386753774762347,21.037093766233642,25.80536890384828,De Wittenbuurt-Noord,Staatsliedenbuurt,POINT (4.8819292999999995 52.3851048),"POLYGON((4.877053 52.383179,4.877753 52.382756,4.877933 52.382668,4.878885 52.382105,4.878966 52.382042,4.879027 52.381971,4.879067 52.381894,4.879097 52.381796,4.879603 52.381918,4.879638 52.381932,4.879705 52.382,4.87981 52.382068,4.880102 52.382185,4.880333 52.382306,4.880486 52.382412,4.880651 52.382565,4.880761 52.382709,4.881667 52.38418,4.881832 52.384436,4.882351 52.385186,4.882591 52.385462,4.881751 52.385641,4.881243 52.385708,4.879317 52.384598,4.877053 52.383179))",3487.489228745272,18813.96908403223,60930.48539165707,High,Low,Medium,Medium,Low,Low,High AC + Medium Pressure (Manageable),Low AC + Low Pressure (Limited Interest),Medium AC + Low Pressure (Opportunity),39,2,8,10,5.128205128205128,20.51282051282051,25.64102564102564
152,ChIJOXxjYwDjxUcR5C4NndL4Mnc,The Social Hub Amsterdam West 4 star,22.168293028321724,25.524873418571758,24.43693985938841,Lucas/Andreasziekenhuis e.o.,Overtoomse Veld,POINT (4.836433899999999 52.372346199999996),"POLYGON((4.83436 52.370107,4.838315 52.369525,4.838858 52.36945,4.83929 52.369404,4.840095 52.369331,4.840471 52.369308,4.840909 52.369301,4.842162 52.36931,4.842154 52.369583,4.842569 52.369588,4.842563 52.369829,4.842575 52.37003,4.842713 52.370867,4.842798 52.371862,4.842854 52.371879,4.842855 52.371914,4.843028 52.371911,4.843038 52.372215,4.842602 52.372223,4.842137 52.37224,4.841191 52.372274,4.840863 52.3723,4.840604 52.37233,4.835337 52.373153,4.83525 52.372946,4.83528 52.372941,4.834943 52.372134,4.834693 52.371447,4.834548 52.370913,4.834419 52.370378,4.83436 52.370107))",93.03694567779422,419.8658663596992,2936.2382283615625,High,High,Low,Low,Low,Low,High AC + Low Pressure (Potential),High AC + Low Pressure (Potential),Low AC + Low Pressure (Limited Interest),3,0,0,0,0.0,0.0,0.0
153,ChIJOdHsM-UJxkcRx5LSLFXX5Eo,XO HOTEL Inner,19.521356136612905,26.345672823073542,28.91838204201446,Concertgebouwbuurt,Museumkwartier,POINT (4.877575 52.356967),"POLYGON((4.873875 52.358139,4.876249 52.354804,4.878224 52.355332,4.878337 52.355376,4.878443 52.355433,4.879022 52.355816,4.879177 52.355902,4.879341 52.355965,4.879992 52.356138,4.879825 52.356412,4.878568 52.358153,4.877154 52.360101,4.87696 52.360065,4.876673 52.359932,4.87646 52.35985,4.875796 52.359659,4.875975 52.359402,4.875252 52.359213,4.875242 52.359227,4.87508 52.359183,4.875284 52.358901,4.875333 52.358878,4.87532 52.358875,4.875384 52.35878,4.875001 52.358679,4.87515 52.358473,4.873875 52.358139))",7072.660527325549,34304.81362714466,76659.75157594692,Medium,High,High,High,Medium,Medium,Medium AC + High Pressure (Caution),High AC + Medium Pressure (Manageable),High AC + Medium Pressure (Manageable),2683,205,988,1445,7.640700708162505,36.824450242266124,53.85762206485277
154,ChIJP1DVEbsJxkcRvYUTFSIuhNc,Hotel Library Amsterdam,19.49881885067434,24.68121790419674,24.69857166566779,Scheepvaarthuisbuurt,Nieuwmarkt/Lastage,POINT (4.9063229999999995 52.3732219),"POLYGON((4.904283 52.376217,4.903806 52.375415,4.903323 52.375054,4.903132 52.374486,4.903129 52.374341,4.903181 52.374175,4.903448 52.373753,4.903546 52.373648,4.903651 52.373567,4.905856 52.372334,4.90637 52.372076,4.907201 52.372447,4.907869 52.372784,4.909575 52.373968,4.909261 52.374089,4.905176 52.375886,4.904283 52.376217))",87.71791920188562,38050.47278408156,91522.20062489722,Medium,Medium,Low,Low,Medium,Medium,Medium AC + Low Pressure (Opportunity),Medium AC + Medium Pressure (Balanced),Low AC + Medium Pressure (Monitor),1761,28,783,1211,1.5900056785917092,44.4633730834753,68.76774559909143
155,ChIJP4JvN8wJxkcRFa1yS5wdlzI,Amsterdam Prince Island by YAYS,19.58462710062665,22.595646598379663,25.573683196388025,Westelijke eilanden,Haarlemmerbuurt,POINT (4.8883961 52.384062),"POLYGON((4.883929 52.385506,4.884653 52.385199,4.885036 52.385009,4.887781 52.383475,4.88815 52.383279,4.888524 52.3831,4.889387 52.38272,4.890156 52.382364,4.890186 52.382395,4.89075 52.382997,4.890644 52.383246,4.891178 52.387781,4.891067 52.388277,4.891015 52.388441,4.885977 52.38813,4.885751 52.388168,4.8857 52.388002,4.884339 52.38596,4.884078 52.385668,4.883929 52.385506))",3291.963657293208,19524.845913501067,80602.41002028175,Medium,Low,Medium,Medium,Low,Medium,Medium AC + Medium Pressure (Balanced),Low AC + Low Pressure (Limited Interest),Medium AC + Medium Pressure (Balanced),446,30,118,234,6.726457399103139,26.45739910313901,52.46636771300448
156,ChIJPSGADLgJxkcRtVTqbpqRQfk,Damhotel,10.05846658618684,24.371380813557288,25.37992094601368,Nieuwendijk-Noord,Burgwallen-Nieuwe Zijde,POINT (4.8965863 52.3760567),"POLYGON((4.893582 52.376221,4.8951 52.376206,4.895342 52.376181,4.895472 52.376156,4.895622 52.376115,4.895702 52.376036,4.896266 52.375819,4.896473 52.375764,4.89708 52.375505,4.899141 52.376971,4.899692 52.377303,4.898867 52.377741,4.898667 52.378012,4.898562 52.378122,4.898442 52.378227,4.898062 52.378505,4.897931 52.378579,4.897713 52.378678,4.896895 52.378001,4.895954 52.377792,4.89585 52.377757,4.895748 52.377712,4.895663 52.377661,4.895584 52.3776,4.895104 52.377147,4.894966 52.37704,4.894775 52.376916,4.894422 52.376738,4.8942 52.376609,4.893582 52.376221))",10289.672751192238,63474.407663213286,105012.88077618812,Low,Medium,Low,High,High,Medium,Low AC + High Pressure (Critical),Medium AC + High Pressure (Caution),Low AC + Medium Pressure (Monitor),1241,266,723,897,21.434327155519743,58.259468170829976,72.28041901692184
157,ChIJPcEtxHEKxkcRx84qVvhT_uE,Cityden Zuidas,23.544212334991666,18.94357411925169,22.51437967710366,,,POINT (4.8717681 52.3169719),,4.492243600285037,1605.7062983061996,1991.6473715945838,High,Low,Low,Low,Low,Low,High AC + Low Pressure (Potential),Low AC + Low Pressure (Limited Interest),Low AC + Low Pressure (Limited Interest),1609,7,34,47,0.435052827843381,2.113113735239279,2.9210689869484154
158,ChIJPwgIJZ4JxkcRBKd_5ZCcVGc,"Pillows Grand Boutique Hotel Maurits at the Park, an SLH Hotel",31.000622887370987,28.228511561539012,25.270144442471253,Oosterpark,Oosterparkbuurt,POINT (4.9196837 52.362191599999996),"POLYGON((4.91508 52.361787,4.915811 52.360495,4.916146 52.35994,4.917445 52.358044,4.917772 52.358142,4.925295 52.360027,4.924624 52.360936,4.924128 52.361643,4.923984 52.361931,4.923577 52.362782,4.923497 52.362896,4.923405 52.362977,4.922313 52.363759,4.922201 52.363684,4.922067 52.363616,4.921918 52.363561,4.921766 52.363522,4.921485 52.363479,4.921105 52.363432,4.920388 52.363372,4.920213 52.363337,4.920047 52.363289,4.919878 52.363221,4.919719 52.363137,4.919029 52.362554,4.918873 52.362457,4.918707 52.362374,4.918427 52.362267,4.918131 52.362192,4.91781 52.362145,4.91749 52.362131,4.916415 52.362089,4.916241 52.362068,4.916005 52.362028,4.915781 52.36198,4.91508 52.361787))",490.458422408595,16646.452118620837,44284.10601326536,High,High,Low,Low,Low,Low,High AC + Low Pressure (Potential),High AC + Low Pressure (Potential),Low AC + Low Pressure (Limited Interest),459,33,88,150,7.18954248366013,19.172113289760347,32.6797385620915
159,ChIJPzQzNrgJxkcRYBGnA-Ylm0U,Hotel Old Quarter,11.67110114383461,25.328628786290007,24.792374301541276,Kop Zeedijk,Burgwallen-Oude Zijde,POINT (4.8988942 52.375968799999995),"POLYGON((4.89708 52.375505,4.897889 52.37516,4.898001 52.375238,4.899233 52.374789,4.899406 52.374749,4.899667 52.374678,4.900201 52.37449,4.900275 52.374486,4.90048 52.374418,4.900587 52.374402,4.901266 52.374174,4.902273 52.376142,4.903254 52.37659,4.902978 52.37669,4.902452 52.377141,4.90196 52.377244,4.900968 52.377242,4.899692 52.377303,4.899141 52.376971,4.89708 52.375505))",9424.1468508469,57780.90933508743,102498.80787151236,Low,High,Low,High,High,Medium,Low AC + High Pressure (Critical),High AC + High Pressure (Stress),Low AC + Medium Pressure (Monitor),2328,556,1294,1692,23.883161512027492,55.58419243986255,72.68041237113401
160,ChIJQ78EbQ0JxkcRlTWIzW1ltKA,SSGEastern Dockland Apartments Amsterdam,19.405117449978302,25.84879222331512,25.718249504466524,Bedrijvengebied Zeeburgerkade,Oostelijk Havengebied,POINT (4.93295 52.36696),"POLYGON((4.931586 52.366569,4.932096 52.366572,4.932371 52.36655,4.939465 52.366648,4.946146 52.366676,4.949988 52.366706,4.951887 52.367003,4.951878 52.367412,4.94613 52.367362,4.942486 52.367309,4.939478 52.367286,4.934198 52.367244,4.931989 52.367236,4.931586 52.366569))",27.390286685303927,12344.163514772788,26093.936413966996,Medium,High,Medium,Low,Low,Low,Medium AC + Low Pressure (Opportunity),High AC + Low Pressure (Potential),Medium AC + Low Pressure (Opportunity),91,1,14,24,1.098901098901099,15.384615384615385,26.373626373626376
161,ChIJQQnar8YJxkcRvUSlBsi-QTk,W Amsterdam,15.949234298487386,21.272229236498003,25.537171317883754,Spuistraat-Zuid,Burgwallen-Nieuwe Zijde,POINT (4.890005899999999 52.3727871),"POLYGON((4.888855 52.37326,4.888822 52.373147,4.888766 52.373038,4.888509 52.372324,4.888126 52.370301,4.887828 52.368803,4.88784 52.368764,4.887851 52.368726,4.88806 52.368499,4.88854 52.36813,4.889018 52.368517,4.889104 52.368601,4.889189 52.368703,4.889254 52.368804,4.889303 52.368908,4.889353 52.36935,4.88951 52.36971,4.889708 52.370094,4.890062 52.370551,4.8902 52.370688,4.890319 52.370838,4.890595 52.371316,4.890643 52.371422,4.890671 52.37153,4.890679 52.371644,4.890646 52.372251,4.890605 52.372643,4.890573 52.372947,4.890589 52.373174,4.888855 52.37326))",15127.672696376692,74340.58586855231,122382.68535876773,Medium,Low,Medium,High,High,High,Medium AC + High Pressure (Caution),Low AC + High Pressure (Critical),Medium AC + High Pressure (Caution),8186,646,3242,4669,7.891522110921084,39.60420229660396,57.03640361592963
162,ChIJQWzaMpYLxkcRNbma_pnJHkE,Jaz in the City Amsterdam,22.364000293744574,23.475351252339415,21.53800538349583,Hoofdcentrum-Zuidoost,Amstel III/Bullewijk,POINT (4.9388064 52.314370999999994),"POLYGON((4.94021 52.319335,4.939588 52.319121,4.940335 52.318304,4.940328 52.318247,4.940312 52.318204,4.940254 52.318104,4.940128 52.317811,4.939995 52.317472,4.939834 52.317121,4.938045 52.316507,4.938121 52.316384,4.938656 52.315799,4.938741 52.315637,4.938727 52.315093,4.935232 52.31389,4.936355 52.312665,4.936116 52.312582,4.936571 52.31211,4.937991 52.310475,4.941598 52.311684,4.942527 52.310729,4.946359 52.312063,4.943971 52.314672,4.943924 52.31482,4.943948 52.314881,4.94382 52.315024,4.943717 52.315138,4.943616 52.315135,4.942965 52.315758,4.942979 52.315832,4.942951 52.31597,4.941952 52.317458,4.941417 52.31795,4.940913 52.318513,4.940693 52.31854,4.940257 52.319063,4.940354 52.319163,4.94021 52.319335))",10117.161212519872,26101.105355478812,33132.56777942224,High,Medium,Low,High,Medium,Low,High AC + High Pressure (Stress),Medium AC + Medium Pressure (Balanced),Low AC + Low Pressure (Limited Interest),4651,214,1003,1245,4.6011610406364225,21.565254783917435,26.768436895291337
163,ChIJQ_tKzrkJxkcRa2Yg-YSRmA4,Hotel NH Collection Amsterdam Barbizon Palace,13.822601060456394,25.433218707107212,24.360525506493442,Kop Zeedijk,Burgwallen-Oude Zijde,POINT (4.9004774 52.376547099999996),"POLYGON((4.89708 52.375505,4.897889 52.37516,4.898001 52.375238,4.899233 52.374789,4.899406 52.374749,4.899667 52.374678,4.900201 52.37449,4.900275 52.374486,4.90048 52.374418,4.900587 52.374402,4.901266 52.374174,4.902273 52.376142,4.903254 52.37659,4.902978 52.37669,4.902452 52.377141,4.90196 52.377244,4.900968 52.377242,4.899692 52.377303,4.899141 52.376971,4.89708 52.375505))",6582.025982568656,54871.876829468834,98945.25143890808,Medium,High,Low,High,High,Medium,Medium AC + High Pressure (Caution),High AC + High Pressure (Stress),Low AC + Medium Pressure (Monitor),5808,592,2362,3464,10.192837465564738,40.66804407713499,59.641873278236915
164,ChIJR0UpAL0JxkcRoEaQZ-_2ShY,Monet Garden Hotel,15.097382113072392,22.32175020401072,25.253484207159588,Uilenburg,Nieuwmarkt/Lastage,POINT (4.9073163 52.3699155),"POLYGON((4.901121 52.369622,4.902625 52.368986,4.903716 52.368539,4.903968 52.368447,4.908219 52.370071,4.908707 52.370163,4.909154 52.370386,4.90831 52.370851,4.907323 52.371538,4.906674 52.371924,4.90637 52.372076,4.905795 52.371822,4.904813 52.371415,4.902152 52.370282,4.901635 52.369967,4.901121 52.369622))",228.83242887682945,25394.99769774708,89869.62418461875,Medium,Low,Low,Low,Medium,Medium,Medium AC + Low Pressure (Opportunity),Low AC + Medium Pressure (Monitor),Low AC + Medium Pressure (Monitor),2350,64,705,1347,2.723404255319149,30.0,57.319148936170215
165,ChIJR3KHAscJxkcRCkXnHZs-Wjs,Best Western Dam Square Inn,15.542265554185125,22.13940154056699,25.308897408995545,Nieuwe Kerk e.o.,Burgwallen-Nieuwe Zijde,POINT (4.8926077999999995 52.374359299999995),"POLYGON((4.890589 52.373174,4.890573 52.372947,4.890605 52.372643,4.89137 52.372719,4.891752 52.372725,4.892126 52.372742,4.892975 52.372708,4.893011 52.372707,4.893299 52.3732,4.893565 52.373489,4.894364 52.374067,4.896473 52.375764,4.896266 52.375819,4.895702 52.376036,4.895622 52.376115,4.895472 52.376156,4.895342 52.376181,4.8951 52.376206,4.893582 52.376221,4.89245 52.375459,4.892069 52.375192,4.891934 52.375074,4.891756 52.374874,4.891352 52.374452,4.890938 52.373991,4.89088 52.373892,4.89065 52.373392,4.890589 52.373174))",16652.003124486106,74508.56147563449,113199.12021049169,Medium,Low,Low,High,High,High,Medium AC + High Pressure (Caution),Low AC + High Pressure (Critical),Low AC + High Pressure (Critical),906,207,497,615,22.8476821192053,54.856512141280355,67.88079470198676
166,ChIJR9_ZzLkJxkcRpxLgKJkegHY,Hotel Old Nickel,15.078639718299264,25.24473945683817,24.729840224114568,Kop Zeedijk,Burgwallen-Oude Zijde,POINT (4.899674699999999 52.376345699999995),"POLYGON((4.89708 52.375505,4.897889 52.37516,4.898001 52.375238,4.899233 52.374789,4.899406 52.374749,4.899667 52.374678,4.900201 52.37449,4.900275 52.374486,4.90048 52.374418,4.900587 52.374402,4.901266 52.374174,4.902273 52.376142,4.903254 52.37659,4.902978 52.37669,4.902452 52.377141,4.90196 52.377244,4.900968 52.377242,4.899692 52.377303,4.899141 52.376971,4.89708 52.375505))",9586.500740009866,57068.24508030477,100785.23274680699,Medium,High,Low,High,High,Medium,Medium AC + High Pressure (Caution),High AC + High Pressure (Stress),Low AC + Medium Pressure (Monitor),1343,307,742,983,22.85927029039464,55.24944154877141,73.19434102755025
167,ChIJR9g2f8EJxkcRqGKXxXdSric,Hotel NH City Centre Amsterdam,14.071710653539672,21.27755451153565,25.50980301767455,Spuistraat-Zuid,Burgwallen-Nieuwe Zijde,POINT (4.88892 52.36972),"POLYGON((4.888855 52.37326,4.888822 52.373147,4.888766 52.373038,4.888509 52.372324,4.888126 52.370301,4.887828 52.368803,4.88784 52.368764,4.887851 52.368726,4.88806 52.368499,4.88854 52.36813,4.889018 52.368517,4.889104 52.368601,4.889189 52.368703,4.889254 52.368804,4.889303 52.368908,4.889353 52.36935,4.88951 52.36971,4.889708 52.370094,4.890062 52.370551,4.8902 52.370688,4.890319 52.370838,4.890595 52.371316,4.890643 52.371422,4.890671 52.37153,4.890679 52.371644,4.890646 52.372251,4.890605 52.372643,4.890573 52.372947,4.890589 52.373174,4.888855 52.37326))",20493.893931919094,85174.58400482376,135510.36035739735,Medium,Low,Medium,High,High,High,Medium AC + High Pressure (Caution),Low AC + High Pressure (Critical),Medium AC + High Pressure (Caution),4912,548,2933,3986,11.156351791530945,59.71091205211726,81.14820846905538
168,ChIJRXBg7PoJxkcRhNGIep5VIBQ,Conscious Hotel Museum Square,20.036711611161117,24.39659789254477,28.68722496992151,Hondecoeterbuurt,Museumkwartier,POINT (4.8773408 52.3549079),"POLYGON((4.876249 52.354804,4.877931 52.352404,4.877493 52.351472,4.879053 52.351194,4.879105 52.351305,4.879146 52.351362,4.87923 52.351439,4.879337 52.351506,4.882137 52.352685,4.882293 52.352768,4.882459 52.352889,4.882336 52.352944,4.882264 52.352987,4.882146 52.353087,4.88172 52.353691,4.880392 52.355517,4.879992 52.356138,4.879341 52.355965,4.879177 52.355902,4.879022 52.355816,4.878443 52.355433,4.878337 52.355376,4.878224 52.355332,4.876249 52.354804))",6677.472455188291,30400.584607794768,70374.47804637394,High,Medium,High,High,Medium,Low,High AC + High Pressure (Stress),Medium AC + Medium Pressure (Balanced),High AC + Low Pressure (Potential),1093,56,396,595,5.123513266239707,36.230558096980786,54.43732845379689
169,ChIJRbeqH8gJxkcRyKux8UOs-WY,A-Train Hotel,14.88017530087018,22.671952456072482,23.828235299624957,Hemelrijk,Burgwallen-Nieuwe Zijde,POINT (4.8963485 52.3784524),"POLYGON((4.892082 52.377032,4.8942 52.376609,4.894422 52.376738,4.894775 52.376916,4.894966 52.37704,4.895104 52.377147,4.895584 52.3776,4.895663 52.377661,4.895748 52.377712,4.89585 52.377757,4.895954 52.377792,4.896895 52.378001,4.897713 52.378678,4.897528 52.378761,4.895468 52.379856,4.895194 52.379624,4.894341 52.37903,4.894004 52.378766,4.893914 52.378696,4.892082 52.377032))",6819.035301211423,55116.352080249955,94729.1530998191,Medium,Low,Low,High,High,Medium,Medium AC + High Pressure (Caution),Low AC + High Pressure (Critical),Low AC + Medium Pressure (Monitor),1295,81,596,843,6.254826254826256,46.02316602316602,65.0965250965251
170,ChIJRy2BEJUJxkcRMVdwHVMS0r0,Waldorf Astoria Amsterdam,17.71794403111985,22.8447847056516,25.93506594721562,Amstelveldbuurt,Grachtengordel-Zuid,POINT (4.896945 52.364768),"POLYGON((4.895874 52.364754,4.896088 52.36162,4.896345 52.361641,4.896517 52.361667,4.90277 52.362805,4.901557 52.365162,4.901217 52.365779,4.897537 52.365087,4.896908 52.364966,4.895874 52.364754))",4959.08123663871,42909.443786657896,135007.60039467193,Medium,Low,Medium,Medium,Medium,High,Medium AC + Medium Pressure (Balanced),Low AC + Medium Pressure (Monitor),Medium AC + High Pressure (Caution),2762,116,593,1621,4.1998551774076756,21.469949312092687,58.68935553946416
171,ChIJRyW66n0JxkcRT0fgeEGBE-Q,Hotel V Fizeaustraat,18.516235225859795,21.445801735194824,26.17654617483382,Tuindorp Amstelstation,Frankendael,POINT (4.9255584 52.3453606),"POLYGON((4.925571 52.345938,4.925292 52.345929,4.921316 52.345885,4.92077 52.345838,4.920446 52.345796,4.920118 52.345733,4.919545 52.345594,4.919271 52.345237,4.919228 52.345166,4.919168 52.345027,4.91914 52.344864,4.919156 52.3447,4.919403 52.343981,4.919579 52.343664,4.919784 52.343565,4.919908 52.343434,4.920078 52.3433,4.920195 52.343224,4.920449 52.343092,4.920469 52.343051,4.920473 52.342766,4.920613 52.342754,4.920745 52.342722,4.921296 52.342497,4.926073 52.345359,4.925582 52.345665,4.925571 52.345938))",54.333168886696264,1726.7321712437642,15810.260593104204,Medium,Low,Medium,Low,Low,Low,Medium AC + Low Pressure (Opportunity),Low AC + Low Pressure (Limited Interest),Medium AC + Low Pressure (Opportunity),3056,98,186,376,3.2068062827225132,6.0863874345549736,12.30366492146597
172,ChIJS5IrC7gJxkcRE_ZeJo3MgyY,Hotel van Gelder B.V.,9.169897810913637,24.07982854469389,25.380930314991186,Nieuwendijk-Noord,Burgwallen-Nieuwe Zijde,POINT (4.8963399999999995 52.3760538),"POLYGON((4.893582 52.376221,4.8951 52.376206,4.895342 52.376181,4.895472 52.376156,4.895622 52.376115,4.895702 52.376036,4.896266 52.375819,4.896473 52.375764,4.89708 52.375505,4.899141 52.376971,4.899692 52.377303,4.898867 52.377741,4.898667 52.378012,4.898562 52.378122,4.898442 52.378227,4.898062 52.378505,4.897931 52.378579,4.897713 52.378678,4.896895 52.378001,4.895954 52.377792,4.89585 52.377757,4.895748 52.377712,4.895663 52.377661,4.895584 52.3776,4.895104 52.377147,4.894966 52.37704,4.894775 52.376916,4.894422 52.376738,4.8942 52.376609,4.893582 52.376221))",9475.541522775859,64527.21542509455,104608.79745655868,Low,Medium,Low,High,High,Medium,Low AC + High Pressure (Critical),Medium AC + High Pressure (Caution),Low AC + Medium Pressure (Monitor),895,163,507,642,18.212290502793298,56.64804469273743,71.73184357541899
173,ChIJS5gOSscJxkcRSLmd0BSCMqs,RHO Hotel Amsterdam,13.56246946030539,22.517258932400356,25.636047765175284,Nes e.o.,Burgwallen-Oude Zijde,POINT (4.8940586 52.3722569),"POLYGON((4.892975 52.372708,4.892921 52.372564,4.892882 52.372372,4.892842 52.371759,4.892803 52.371494,4.892538 52.370449,4.89247 52.370246,4.892049 52.36921,4.892014 52.369051,4.892392 52.369081,4.893512 52.369177,4.893666 52.369217,4.894263 52.369231,4.894755 52.370762,4.894826 52.370898,4.894959 52.371051,4.895204 52.371299,4.895876 52.37186,4.894821 52.372199,4.893836 52.372536,4.893011 52.372707,4.892975 52.372708))",20333.98169160774,77580.99583401853,118230.2700761936,Medium,Low,Medium,High,High,High,Medium AC + High Pressure (Caution),Low AC + High Pressure (Critical),Medium AC + High Pressure (Caution),3463,892,2120,2722,25.758013283280395,61.218596592549815,78.6023678891135
174,ChIJSR-4i8cJxkcRttWzPePqdd4,Delta Hotel City Center,10.77359061601583,24.263482658605966,25.68499112286471,Nieuwe Kerk e.o.,Burgwallen-Nieuwe Zijde,POINT (4.8958065 52.3757528),"POLYGON((4.890589 52.373174,4.890573 52.372947,4.890605 52.372643,4.89137 52.372719,4.891752 52.372725,4.892126 52.372742,4.892975 52.372708,4.893011 52.372707,4.893299 52.3732,4.893565 52.373489,4.894364 52.374067,4.896473 52.375764,4.896266 52.375819,4.895702 52.376036,4.895622 52.376115,4.895472 52.376156,4.895342 52.376181,4.8951 52.376206,4.893582 52.376221,4.89245 52.375459,4.892069 52.375192,4.891934 52.375074,4.891756 52.374874,4.891352 52.374452,4.890938 52.373991,4.89088 52.373892,4.89065 52.373392,4.890589 52.373174))",9644.759030861152,69569.659869539,104808.83928082003,Low,Medium,Medium,High,High,Medium,Low AC + High Pressure (Critical),Medium AC + High Pressure (Caution),Medium AC + Medium Pressure (Balanced),1310,262,778,978,20.0,59.38931297709924,74.65648854961832
175,ChIJSRZJ8BYJxkcRPqx6e9f2TEc,Mercure Amsterdam North Station,29.16688283307534,24.48678366353901,25.087931328544116,Elzenhagen-Zuid,Elzenhagen,POINT (4.9312606 52.4025004),"POLYGON((4.922311 52.399355,4.92275 52.398675,4.922987 52.398755,4.923492 52.398531,4.923889 52.398404,4.925099 52.398041,4.926287 52.397559,4.926614 52.397437,4.927131 52.397883,4.928015 52.3986,4.932779 52.402293,4.932191 52.402489,4.931596 52.402676,4.928979 52.403561,4.926912 52.404204,4.925069 52.404802,4.924983 52.404341,4.923801 52.402242,4.923103 52.401239,4.922935 52.400812,4.922832 52.400491,4.92272 52.40006,4.922532 52.399568,4.922439 52.399455,4.922311 52.399355))",267.4678506824535,7863.991777668147,8350.9300553637,High,Medium,Low,Low,Low,Low,High AC + Low Pressure (Potential),Medium AC + Low Pressure (Opportunity),Low AC + Low Pressure (Limited Interest),1013,17,62,66,1.678183613030602,6.1204343534057255,6.515301085883514
176,ChIJSYS0ad0JxkcRgwH1hHDHhBk,Hotel de Looier,24.2964854945379,26.333866593796408,26.105174797146365,Elandsgrachtbuurt,Jordaan,POINT (4.8797125999999995 52.368333299999996),"POLYGON((4.876314 52.372314,4.876179 52.371903,4.876207 52.371843,4.878296 52.368852,4.879075 52.367745,4.882209 52.368764,4.88228 52.368767,4.882603 52.368756,4.882614 52.368932,4.883069 52.373992,4.876314 52.372314))",5025.901277202214,55177.46741215808,139861.19399221617,High,High,Medium,Medium,High,High,High AC + Medium Pressure (Manageable),High AC + High Pressure (Stress),Medium AC + High Pressure (Caution),867,54,344,742,6.228373702422145,39.67704728950404,85.58246828143022
177,ChIJSwKdkb8JxkcRUopvIHqSFZg,Tivoli Doelen Amsterdam Hotel,18.272396267157603,23.030197194704755,25.925503163676055,BG-terrein e.o.,Burgwallen-Oude Zijde,POINT (4.89586 52.368359999999996),"POLYGON((4.892392 52.369081,4.892436 52.368964,4.892892 52.368332,4.894147 52.367289,4.894323 52.367287,4.894831 52.367308,4.895052 52.367331,4.895268 52.367368,4.895372 52.367424,4.895474 52.367498,4.895786 52.367811,4.896231 52.368291,4.896366 52.368497,4.898755 52.370995,4.897063 52.371438,4.895876 52.37186,4.895204 52.371299,4.894959 52.371051,4.894826 52.370898,4.894755 52.370762,4.894263 52.369231,4.893666 52.369217,4.893512 52.369177,4.892392 52.369081))",3250.263772405854,66327.84805130734,133629.48440497724,Medium,Low,Medium,Medium,High,High,Medium AC + Medium Pressure (Balanced),Low AC + High Pressure (Critical),Medium AC + High Pressure (Caution),1641,163,753,1224,9.932967702620353,45.88665447897623,74.58866544789763
178,ChIJT1vCvLkOxkcRu-tMgwn-VZo,Amadi Panorama Hotel,23.225358693368637,35.39991974553737,44.43012401541067,Joris Ivenspleinbuurt,IJburg-West,POINT (4.9881611999999995 52.3593306),"POLYGON((4.986417 52.359966,4.988267 52.358939,4.991883 52.357016,4.995003 52.359156,4.996061 52.358619,5.001559 52.362384,4.997863 52.366616,4.986613 52.360073,4.986417 52.359966))",2667.203091596777,2723.631803979609,2757.3182590582687,High,High,High,Medium,Low,Low,High AC + Medium Pressure (Manageable),High AC + Low Pressure (Potential),High AC + Low Pressure (Potential),2288,69,72,90,3.015734265734266,3.146853146853147,3.9335664335664338
179,ChIJTUyp7bkJxkcRULWbTM8-cMw,Mauro Mansion,12.341803723558481,25.478471969820543,24.36615318721059,Kop Zeedijk,Burgwallen-Oude Zijde,POINT (4.9017896 52.375917799999996),"POLYGON((4.89708 52.375505,4.897889 52.37516,4.898001 52.375238,4.899233 52.374789,4.899406 52.374749,4.899667 52.374678,4.900201 52.37449,4.900275 52.374486,4.90048 52.374418,4.900587 52.374402,4.901266 52.374174,4.902273 52.376142,4.903254 52.37659,4.902978 52.37669,4.902452 52.377141,4.90196 52.377244,4.900968 52.377242,4.899692 52.377303,4.899141 52.376971,4.89708 52.375505))",10030.24436770268,52225.14855012881,100485.12563723071,Low,High,Low,High,Medium,Medium,Low AC + High Pressure (Critical),High AC + Medium Pressure (Manageable),Low AC + Medium Pressure (Monitor),165,25,72,104,15.151515151515152,43.63636363636363,63.030303030303024
180,ChIJT_ByMccJxkcRsmdRikWzcwg,Hotel TwentySeven,14.088952929630306,22.102123527098954,25.270880026205557,Nes e.o.,Burgwallen-Oude Zijde,POINT (4.8931290999999995 52.372428199999995),"POLYGON((4.892975 52.372708,4.892921 52.372564,4.892882 52.372372,4.892842 52.371759,4.892803 52.371494,4.892538 52.370449,4.89247 52.370246,4.892049 52.36921,4.892014 52.369051,4.892392 52.369081,4.893512 52.369177,4.893666 52.369217,4.894263 52.369231,4.894755 52.370762,4.894826 52.370898,4.894959 52.371051,4.895204 52.371299,4.895876 52.37186,4.894821 52.372199,4.893836 52.372536,4.893011 52.372707,4.892975 52.372708))",19962.28871347914,75584.58471742585,122303.72219481444,Medium,Low,Low,High,High,High,Medium AC + High Pressure (Caution),Low AC + High Pressure (Critical),Low AC + High Pressure (Critical),1214,147,439,675,12.108731466227347,36.16144975288303,55.601317957166394
181,ChIJTyNq68gJxkcRE16lM68V_5s,"Max Brown Hotel Canal District, part of Sircle Collection",3.332859911981989,22.89714531937804,24.999750472913217,Langestraat e.o.,Grachtengordel-West,POINT (4.8921651 52.3788729),"POLYGON((4.886206 52.378089,4.889543 52.376955,4.8899 52.376899,4.891315 52.376324,4.892082 52.377032,4.893914 52.378696,4.894004 52.378766,4.893684 52.378901,4.893526 52.378945,4.892009 52.379265,4.89172 52.37927,4.890239 52.379599,4.890134 52.379632,4.889848 52.379731,4.888437 52.380522,4.888166 52.380216,4.887129 52.379096,4.886206 52.378089))",6842.6637614427445,52144.96294469111,95334.77257030093,Low,Low,Low,High,Medium,Medium,Low AC + High Pressure (Critical),Low AC + Medium Pressure (Monitor),Low AC + Medium Pressure (Monitor),1496,107,564,813,7.1524064171122985,37.70053475935829,54.344919786096256
182,ChIJU2-ZZL8JxkcRoJgHqjZkF6w,Citadines Apart'hotel Canal Amsterdam,12.132099679244005,24.15645455797729,27.07899605250387,Weteringbuurt,De Weteringschans,POINT (4.8936259 52.3611724),"POLYGON((4.886829 52.361615,4.886983 52.361539,4.890016 52.36009,4.89012 52.360071,4.890777 52.360025,4.896185 52.359696,4.896211 52.359874,4.896181 52.360253,4.896088 52.36162,4.895908 52.361605,4.888099 52.362673,4.888035 52.362693,4.887968 52.362714,4.887875 52.362774,4.887699 52.362558,4.886829 52.361615))",357.87436276928133,46244.243874362764,124670.4226826728,Low,Medium,High,Low,Medium,High,Low AC + Low Pressure (Limited Interest),Medium AC + Medium Pressure (Balanced),High AC + High Pressure (Stress),58,4,32,42,6.896551724137931,55.172413793103445,72.41379310344827
183,ChIJU7U-rpQJxkcR2IsmDXjZIr0,Prinsengracht Hotel Amsterdam,13.795804420412228,24.088945063656695,27.009266474993122,Vijzelstraatbuurt,Grachtengordel-Zuid,POINT (4.8945248 52.3620556),"POLYGON((4.888035 52.362693,4.888099 52.362673,4.895908 52.361605,4.896088 52.36162,4.895874 52.364754,4.892818 52.36518,4.89053 52.365499,4.890058 52.364952,4.888035 52.362693))",2741.192073672093,42374.51822616894,125683.6585539659,Medium,Medium,High,Medium,Medium,High,Medium AC + Medium Pressure (Balanced),Medium AC + Medium Pressure (Balanced),High AC + High Pressure (Stress),1118,27,379,782,2.415026833631485,33.89982110912344,69.94633273703042
184,ChIJU7yBfLgJxkcR_oeghvkpPI8,Hotel Ben,7.852567068635192,24.658997058053707,24.893624572995925,Oude Kerk e.o.,Burgwallen-Oude Zijde,POINT (4.8967896 52.3748544),"POLYGON((4.893011 52.372707,4.893836 52.372536,4.894821 52.372199,4.895876 52.37186,4.896856 52.372674,4.898724 52.374116,4.899014 52.374374,4.899406 52.374749,4.899233 52.374789,4.898001 52.375238,4.897889 52.37516,4.89708 52.375505,4.896473 52.375764,4.894364 52.374067,4.893565 52.373489,4.893299 52.3732,4.893011 52.372707))",17025.26316943485,63658.01255275996,109811.65860878145,Low,Medium,Low,High,High,High,Low AC + High Pressure (Critical),Medium AC + High Pressure (Caution),Low AC + High Pressure (Critical),2020,478,1175,1492,23.66336633663366,58.168316831683164,73.86138613861387
185,ChIJUbbALI4JxkcRQNoIorlNgTY,Hotel Atlantis,14.482032441903028,24.327275302483528,26.928454681576824,Hemonybuurt,Oude Pijp,POINT (4.9024139 52.3553694),"POLYGON((4.899246 52.3581,4.899333 52.357704,4.899795 52.356662,4.901246 52.354828,4.904811 52.355952,4.904997 52.355994,4.906056 52.356169,4.90489 52.358751,4.904634 52.359212,4.904 52.359049,4.901674 52.358595,4.899246 52.3581))",559.8666337773392,20569.33695115935,71239.8619196404,Medium,Medium,High,Low,Low,Medium,Medium AC + Low Pressure (Opportunity),Medium AC + Low Pressure (Opportunity),High AC + Medium Pressure (Manageable),1834,125,394,838,6.815703380588876,21.483097055616142,45.69247546346783
186,ChIJUf8lfZUJxkcR9HdeJ31HK-I,Hotel NH Amsterdam Caransa,21.701255671490493,22.5460974229439,25.92804885516235,Rembrandtplein e.o.,Grachtengordel-Zuid,POINT (4.8972999999999995 52.36625),"POLYGON((4.892818 52.36518,4.895874 52.364754,4.896908 52.364966,4.897537 52.365087,4.901217 52.365779,4.900752 52.366625,4.899284 52.367172,4.898795 52.367263,4.898242 52.36732,4.89725 52.367428,4.897128 52.367428,4.896077 52.367379,4.895268 52.367368,4.895052 52.367331,4.894831 52.367308,4.894323 52.367287,4.894147 52.367289,4.893881 52.36729,4.893807 52.367265,4.893466 52.367042,4.893296 52.366678,4.893155 52.36609,4.893008 52.365641,4.892898 52.365425,4.892818 52.36518))",5854.1634599572435,60572.529079646985,139620.23170531163,High,Low,Medium,High,High,High,High AC + High Pressure (Stress),Low AC + High Pressure (Critical),Medium AC + High Pressure (Caution),1462,212,627,1130,14.500683994528044,42.886456908344734,77.29138166894664
187,ChIJV8tkPMgJxkcR87qMS_wEtQo,Hotel Multatuli,11.319649400270384,22.214944622739683,23.83993832296697,Hemelrijk,Burgwallen-Nieuwe Zijde,POINT (4.895499 52.378856999999996),"POLYGON((4.892082 52.377032,4.8942 52.376609,4.894422 52.376738,4.894775 52.376916,4.894966 52.37704,4.895104 52.377147,4.895584 52.3776,4.895663 52.377661,4.895748 52.377712,4.89585 52.377757,4.895954 52.377792,4.896895 52.378001,4.897713 52.378678,4.897528 52.378761,4.895468 52.379856,4.895194 52.379624,4.894341 52.37903,4.894004 52.378766,4.893914 52.378696,4.892082 52.377032))",6947.296552102176,57546.09148714575,94387.4653839829,Low,Low,Low,High,High,Medium,Low AC + High Pressure (Critical),Low AC + High Pressure (Critical),Low AC + Medium Pressure (Monitor),1220,90,551,750,7.377049180327869,45.16393442622951,61.47540983606557
188,ChIJVWZIVwsKxkcR4vauw0vYxuk,"Holiday Inn Express Amsterdam - South, an IHG Hotel",16.25336585935518,25.226193538831758,26.739635517784805,Buitenveldert-Zuidwest,Buitenveldert-West,POINT (4.867037 52.325753999999996),"POLYGON((4.855948 52.330258,4.855999 52.330079,4.856132 52.329683,4.856201 52.329683,4.856264 52.329502,4.856333 52.329318,4.856376 52.329173,4.856413 52.328963,4.856427 52.328848,4.856455 52.328034,4.856447 52.327808,4.856339 52.321765,4.856574 52.321769,4.856571 52.321565,4.856752 52.321557,4.85676 52.321416,4.857618 52.321431,4.857635 52.321637,4.857646 52.321673,4.857655 52.321692,4.857669 52.321704,4.857688 52.321717,4.857786 52.321732,4.857868 52.321737,4.862619 52.321826,4.869148 52.321935,4.868884 52.327324,4.868863 52.329141,4.861826 52.329131,4.861819 52.330335,4.861193 52.330328,4.860989 52.3303,4.86076 52.33024,4.860636 52.330216,4.860522 52.330203,4.860292 52.330196,4.860037 52.3302,4.859835 52.330214,4.859063 52.330307,4.858703 52.330332,4.856757 52.330327,4.856474 52.330314,4.856193 52.33029,4.855948 52.330258))",1539.6536753823384,2019.0723565203086,14452.299512141642,Medium,High,Medium,Medium,Low,Low,Medium AC + Medium Pressure (Balanced),High AC + Low Pressure (Potential),Medium AC + Low Pressure (Opportunity),2167,74,99,200,3.4148592524227044,4.568527918781726,9.229349330872173
189,ChIJVfCNNLgJxkcRFhJF9ZjJSA0,De Koopermoolen,15.081071690106896,25.275097340745067,24.709928014586886,Kop Zeedijk,Burgwallen-Oude Zijde,POINT (4.8994444 52.376111099999996),"POLYGON((4.89708 52.375505,4.897889 52.37516,4.898001 52.375238,4.899233 52.374789,4.899406 52.374749,4.899667 52.374678,4.900201 52.37449,4.900275 52.374486,4.90048 52.374418,4.900587 52.374402,4.901266 52.374174,4.902273 52.376142,4.903254 52.37659,4.902978 52.37669,4.902452 52.377141,4.90196 52.377244,4.900968 52.377242,4.899692 52.377303,4.899141 52.376971,4.89708 52.375505))",9275.269692484788,57068.24508030477,100533.79926547168,Medium,High,Low,High,High,Medium,Medium AC + High Pressure (Caution),High AC + High Pressure (Stress),Low AC + Medium Pressure (Monitor),843,173,456,621,20.52194543297746,54.092526690391466,73.66548042704626
190,ChIJVfCNNLgJxkcRaoAH0yuzTaM,De Mallemoolen,13.573770804516627,25.337665901607025,24.829645119551095,Kop Zeedijk,Burgwallen-Oude Zijde,POINT (4.8993696 52.3761022),"POLYGON((4.89708 52.375505,4.897889 52.37516,4.898001 52.375238,4.899233 52.374789,4.899406 52.374749,4.899667 52.374678,4.900201 52.37449,4.900275 52.374486,4.90048 52.374418,4.900587 52.374402,4.901266 52.374174,4.902273 52.376142,4.903254 52.37659,4.902978 52.37669,4.902452 52.377141,4.90196 52.377244,4.900968 52.377242,4.899692 52.377303,4.899141 52.376971,4.89708 52.375505))",8839.998629611357,57114.5581318862,101562.39960532806,Medium,High,Low,High,High,Medium,Medium AC + High Pressure (Caution),High AC + High Pressure (Stress),Low AC + Medium Pressure (Monitor),428,63,191,277,14.719626168224298,44.626168224299064,64.7196261682243
191,ChIJVfi2HMgJxkcRYcxaRHoFaeo,Hotel Season Star,11.765608503075278,22.518222532649204,24.45069092281281,Hemelrijk,Burgwallen-Nieuwe Zijde,POINT (4.896234 52.377998299999994),"POLYGON((4.892082 52.377032,4.8942 52.376609,4.894422 52.376738,4.894775 52.376916,4.894966 52.37704,4.895104 52.377147,4.895584 52.3776,4.895663 52.377661,4.895748 52.377712,4.89585 52.377757,4.895954 52.377792,4.896895 52.378001,4.897713 52.378678,4.897528 52.378761,4.895468 52.379856,4.895194 52.379624,4.894341 52.37903,4.894004 52.378766,4.893914 52.378696,4.892082 52.377032))",9628.32001315573,60751.26064791975,102497.61853861755,Low,Low,Low,High,High,Medium,Low AC + High Pressure (Critical),Low AC + High Pressure (Critical),Low AC + Medium Pressure (Monitor),137,35,102,115,25.547445255474454,74.45255474452554,83.94160583941606
192,ChIJW3rldWjixUcRNu0ZuZ5cVK0,XO HOTELS Blue Tower,15.84812700689776,24.840928663083062,25.66429839811529,Bosleeuw,Landlust,POINT (4.8456893999999995 52.379203999999994),"POLYGON((4.844068 52.377904,4.844941 52.377766,4.845079 52.377758,4.845214 52.377772,4.846083 52.37795,4.851623 52.379067,4.85195 52.379141,4.852212 52.379226,4.852376 52.379295,4.852528 52.379373,4.853618 52.380074,4.854604 52.380715,4.854361 52.380836,4.851791 52.382321,4.851323 52.382567,4.850909 52.38276,4.847667 52.384163,4.847597 52.384214,4.847544 52.384272,4.847504 52.384368,4.847483 52.384813,4.84751 52.385165,4.846198 52.385159,4.845564 52.385168,4.845324 52.385156,4.845033 52.385119,4.844813 52.385108,4.84458 52.385103,4.844798 52.381036,4.8448 52.380605,4.844787 52.380415,4.844729 52.379914,4.844673 52.379605,4.844626 52.379417,4.84445 52.378842,4.844068 52.377904))",617.6124540919803,2204.3724716329543,5146.88823110234,Medium,Medium,Medium,Low,Low,Low,Medium AC + Low Pressure (Opportunity),Medium AC + Low Pressure (Opportunity),Medium AC + Low Pressure (Opportunity),5825,141,386,515,2.4206008583690988,6.626609442060086,8.841201716738198
193,ChIJW5hE_L8JxkcRLE-luHQ9u8I,Hotel The Bird,21.20251867083543,22.093838001439806,26.20800870011713,Rembrandtplein e.o.,Grachtengordel-Zuid,POINT (4.8951153 52.3668426),"POLYGON((4.892818 52.36518,4.895874 52.364754,4.896908 52.364966,4.897537 52.365087,4.901217 52.365779,4.900752 52.366625,4.899284 52.367172,4.898795 52.367263,4.898242 52.36732,4.89725 52.367428,4.897128 52.367428,4.896077 52.367379,4.895268 52.367368,4.895052 52.367331,4.894831 52.367308,4.894323 52.367287,4.894147 52.367289,4.893881 52.36729,4.893807 52.367265,4.893466 52.367042,4.893296 52.366678,4.893155 52.36609,4.893008 52.365641,4.892898 52.365425,4.892818 52.36518))",6118.681521679548,72259.10793180946,138273.38781998574,High,Low,Medium,High,High,High,High AC + High Pressure (Stress),Low AC + High Pressure (Critical),Medium AC + High Pressure (Caution),560,92,262,432,16.428571428571427,46.785714285714285,77.14285714285715
194,ChIJW7S7r-YJxkcRbYRIQoVy988,Hotel Abba,26.203018317912846,28.23457884017096,28.293626734716376,WG-terrein,Helmersbuurt,POINT (4.8744273 52.3627694),"POLYGON((4.866713 52.363783,4.868169 52.36168,4.867465 52.36149,4.867916 52.360833,4.86833 52.36093,4.86899 52.361102,4.873627 52.362323,4.875293 52.362751,4.873352 52.36555,4.871984 52.365147,4.871477 52.364988,4.869473 52.364437,4.866713 52.363783))",3601.743079537356,42690.526119607515,87928.958011292,High,High,High,Medium,Medium,Medium,High AC + Medium Pressure (Manageable),High AC + Medium Pressure (Manageable),High AC + Medium Pressure (Manageable),1939,66,728,1031,3.403816400206292,37.545126353790614,53.17173800928313
195,ChIJWREZRkPixUcRs5Mdv7li4Qo,Hotel New Kit,13.253025387451483,25.616297012915062,25.35218815313231,Kolenkitbuurt-Noord,De Kolenkit,POINT (4.8383845999999995 52.3789884),"POLYGON((4.837724 52.37886,4.842127 52.378177,4.844068 52.377904,4.84445 52.378842,4.844626 52.379417,4.844673 52.379605,4.844729 52.379914,4.844787 52.380415,4.8448 52.380605,4.844798 52.381036,4.84458 52.385103,4.843934 52.385089,4.843294 52.385101,4.839837 52.385036,4.839258 52.385018,4.839362 52.384588,4.839418 52.384588,4.839445 52.384431,4.839419 52.384431,4.83946 52.384044,4.839448 52.384042,4.839456 52.383843,4.839446 52.38363,4.839461 52.38363,4.839454 52.383559,4.83944 52.38356,4.839391 52.383167,4.839405 52.383166,4.839297 52.382697,4.839306 52.382696,4.839141 52.382205,4.839131 52.3822,4.839098 52.382121,4.839086 52.382123,4.839038 52.38201,4.838949 52.381798,4.838968 52.381795,4.838923 52.381694,4.838944 52.381691,4.838915 52.381621,4.838896 52.381624,4.838764 52.381309,4.838782 52.381306,4.838694 52.381099,4.838677 52.381102,4.838528 52.38075,4.838546 52.380747,4.838461 52.380542,4.838446 52.380544,4.838296 52.380186,4.838313 52.380183,4.838225 52.379976,4.838208 52.379978,4.838107 52.37972,4.838116 52.379718,4.837874 52.379137,4.837854 52.37914,4.837823 52.379065,4.837811 52.379068,4.837724 52.37886))",55.34330976264869,1899.2098887244417,4521.980759743462,Low,High,Low,Low,Low,Low,Low AC + Low Pressure (Limited Interest),High AC + Low Pressure (Potential),Low AC + Low Pressure (Limited Interest),1167,5,43,88,0.42844901456726653,3.6846615252784916,7.540702656383891
196,ChIJWVAuggnixUcR0U4Lf4LhkWs,Hotel Heye 130,15.108647148880635,27.89369800170408,28.07804751389384,Cremerbuurt-West,Overtoomse Sluis,POINT (4.8640503 52.362253599999995),"POLYGON((4.854865 52.357862,4.855068 52.3578,4.855289 52.357767,4.855516 52.357764,4.855738 52.357791,4.857008 52.358153,4.861995 52.359465,4.863769 52.35989,4.864693 52.360101,4.86554 52.360295,4.865184 52.360899,4.864881 52.361357,4.863784 52.363067,4.857456 52.36155,4.85733 52.361297,4.857186 52.360931,4.857086 52.360711,4.85697 52.360501,4.856832 52.36029,4.856704 52.36012,4.856442 52.359819,4.854865 52.357862))",1200.5324233952745,16954.088033766373,57189.39182152058,Medium,High,High,Medium,Low,Low,Medium AC + Medium Pressure (Balanced),High AC + Low Pressure (Potential),High AC + Low Pressure (Potential),531,24,95,206,4.519774011299435,17.890772128060263,38.79472693032015
197,ChIJWZD3JYkJxkcRHVMSdTs5U5s,Historic Centre Hotel,12.736952739310103,22.58838363523282,25.542301153665697,Nes e.o.,Burgwallen-Oude Zijde,POINT (4.8946476 52.3719976),"POLYGON((4.892975 52.372708,4.892921 52.372564,4.892882 52.372372,4.892842 52.371759,4.892803 52.371494,4.892538 52.370449,4.89247 52.370246,4.892049 52.36921,4.892014 52.369051,4.892392 52.369081,4.893512 52.369177,4.893666 52.369217,4.894263 52.369231,4.894755 52.370762,4.894826 52.370898,4.894959 52.371051,4.895204 52.371299,4.895876 52.37186,4.894821 52.372199,4.893836 52.372536,4.893011 52.372707,4.892975 52.372708))",8709.68711286521,76656.69544482815,115102.3210546511,Low,Low,Medium,High,High,High,Low AC + High Pressure (Critical),Low AC + High Pressure (Critical),Medium AC + High Pressure (Caution),30,6,20,21,20.0,66.66666666666666,70.0
198,ChIJWaLztpMJxkcR75NmWDxDiR8,Golden Mansion Aparthotel,22.46135880604411,23.560603448779478,27.02378275680111,Frederikspleinbuurt,De Weteringschans,POINT (4.897973599999999 52.3589896),"POLYGON((4.896177 52.358047,4.898039 52.357935,4.898259 52.357948,4.898511 52.357973,4.89876 52.358006,4.899006 52.358049,4.899246 52.3581,4.901674 52.358595,4.904 52.359049,4.904634 52.359212,4.904205 52.359948,4.903415 52.36153,4.903351 52.361656,4.901194 52.361227,4.896181 52.360253,4.896211 52.359874,4.896185 52.359696,4.896388 52.359683,4.89639 52.359529,4.896177 52.358047))",69.63723071863176,32228.36792194266,118240.22940305869,High,Medium,High,Low,Medium,High,High AC + Low Pressure (Potential),Medium AC + Medium Pressure (Balanced),High AC + High Pressure (Stress),527,3,162,368,0.5692599620493358,30.740037950664135,69.8292220113852
199,ChIJWcUwLeEJxkcRIuD7naZbLIE,Amadi Park Hotel,28.901119939071286,27.587564367647698,27.758962606752842,WG-terrein,Helmersbuurt,POINT (4.8734972999999995 52.3649598),"POLYGON((4.866713 52.363783,4.868169 52.36168,4.867465 52.36149,4.867916 52.360833,4.86833 52.36093,4.86899 52.361102,4.873627 52.362323,4.875293 52.362751,4.873352 52.36555,4.871984 52.365147,4.871477 52.364988,4.869473 52.364437,4.866713 52.363783))",4916.959326865098,44744.65104423614,104079.92758866414,High,High,High,Medium,Medium,Medium,High AC + Medium Pressure (Manageable),High AC + Medium Pressure (Manageable),High AC + Medium Pressure (Manageable),1075,54,387,666,5.023255813953488,36.0,61.95348837209303
200,ChIJWzmMEJQJxkcRMrsGexICFog,Hotel Prinsenhof,17.775470758561813,23.150548097063155,26.496687041138312,Utrechtsebuurt-Zuid,De Weteringschans,POINT (4.899467 52.3619559),"POLYGON((4.896088 52.36162,4.896181 52.360253,4.901194 52.361227,4.903351 52.361656,4.90277 52.362805,4.896517 52.361667,4.896345 52.361641,4.896088 52.36162))",1460.126897988269,33453.77065175684,123401.15655319848,Medium,Medium,Medium,Medium,Medium,High,Medium AC + Medium Pressure (Balanced),Medium AC + Medium Pressure (Balanced),Medium AC + High Pressure (Caution),498,25,135,331,5.020080321285141,27.10843373493976,66.46586345381526
201,ChIJXTH1ZLgJxkcRrlfkZSiMh7E,XO Hotels City Centre,6.792789113434861,24.990316132890637,24.80283505948598,Oude Kerk e.o.,Burgwallen-Oude Zijde,POINT (4.8970427999999995 52.3750151),"POLYGON((4.893011 52.372707,4.893836 52.372536,4.894821 52.372199,4.895876 52.37186,4.896856 52.372674,4.898724 52.374116,4.899014 52.374374,4.899406 52.374749,4.899233 52.374789,4.898001 52.375238,4.897889 52.37516,4.89708 52.375505,4.896473 52.375764,4.894364 52.374067,4.893565 52.373489,4.893299 52.3732,4.893011 52.372707))",11422.203913829962,60523.73014306857,105644.82097242777,Low,Medium,Low,High,High,Medium,Low AC + High Pressure (Critical),Medium AC + High Pressure (Caution),Low AC + Medium Pressure (Monitor),2771,674,1523,2031,24.323348971490436,54.96210754240346,73.2948394081559
202,ChIJXbkR0ecJxkcRjNiO6uetxl0,Hotel Amsterdam Inn,24.18067821000573,25.600426544984906,27.20114249112332,Leidsebuurt-Zuidwest,De Weteringschans,POINT (4.8807256 52.365220799999996),"POLYGON((4.879225 52.364925,4.879218 52.364778,4.879231 52.364631,4.879264 52.364487,4.879317 52.364344,4.879359 52.364259,4.879421 52.364179,4.879496 52.364109,4.879604 52.364039,4.879781 52.363963,4.880062 52.363888,4.88026 52.363825,4.880543 52.36371,4.880708 52.363627,4.880851 52.363543,4.881121 52.363362,4.881236 52.36327,4.882589 52.363906,4.882979 52.364242,4.88258 52.36452,4.882294 52.364385,4.881799 52.36474,4.881681 52.364682,4.880873 52.365286,4.880719 52.365427,4.8801 52.365211,4.879225 52.364925))",4989.324946554842,52296.69593816806,131752.62950172668,High,High,High,Medium,Medium,High,High AC + Medium Pressure (Manageable),High AC + Medium Pressure (Manageable),High AC + High Pressure (Stress),1427,137,513,1019,9.600560616678345,35.949544498948846,71.40854940434478
203,ChIJXwCP3uUJxkcRU6_j4_A98wI,Owl Hotel,20.676663945173342,27.322961872911396,27.888919283683677,Vondelparkbuurt-Oost,Vondelparkbuurt,POINT (4.878465299999999 52.361706399999996),"POLYGON((4.873627 52.362323,4.873844 52.361993,4.87392 52.361759,4.874062 52.361489,4.874092 52.361405,4.874096 52.361295,4.874067 52.361247,4.873972 52.361169,4.873853 52.361113,4.873936 52.360997,4.874019 52.361019,4.874077 52.360982,4.874158 52.360965,4.874254 52.360931,4.874396 52.360928,4.874606 52.360911,4.87503 52.360785,4.875245 52.360683,4.875316 52.360674,4.875393 52.36068,4.875469 52.360706,4.875532 52.36075,4.875601 52.360819,4.875826 52.36077,4.87587 52.360716,4.876184 52.360807,4.87626 52.360738,4.876497 52.3608,4.876567 52.360698,4.876556 52.360681,4.876594 52.360626,4.876621 52.360618,4.876633 52.360581,4.876953 52.36066,4.876933 52.360689,4.877036 52.360715,4.877021 52.360738,4.876985 52.360736,4.876968 52.36076,4.876916 52.360774,4.876888 52.360767,4.876749 52.360968,4.877197 52.361095,4.877359 52.360863,4.877388 52.360871,4.877454 52.360781,4.878587 52.361093,4.880603 52.361632,4.882099 52.362056,4.881963 52.362119,4.881853 52.362186,4.881748 52.36228,4.881716 52.362323,4.88166 52.362416,4.88162 52.36251,4.881576 52.362765,4.881517 52.362938,4.881413 52.363127,4.881236 52.36327,4.881121 52.363362,4.880851 52.363543,4.880708 52.363627,4.880543 52.36371,4.88026 52.363825,4.880062 52.363888,4.879781 52.363963,4.879604 52.364039,4.879496 52.364109,4.879421 52.364179,4.879359 52.364259,4.879317 52.364344,4.878642 52.364129,4.878712 52.363996,4.878869 52.363804,4.876435 52.363055,4.875293 52.362751,4.873627 52.362323))",652.5262840541577,43986.830400701634,107112.76023680315,High,High,High,Low,Medium,Medium,High AC + Low Pressure (Potential),High AC + Medium Pressure (Manageable),High AC + Medium Pressure (Manageable),1098,25,494,799,2.2768670309653913,44.990892531876135,72.76867030965391
204,ChIJXwH1EGcLxkcR-YYQh4bMNLM,"Holiday Inn Amsterdam - Arena Towers, an IHG Hotel",16.895497896921878,22.319574905152884,21.900640862710098,Amstel III deel A/B-Noord,Amstel III/Bullewijk,POINT (4.941006 52.309577999999995),"POLYGON((4.937991 52.310475,4.939838 52.308461,4.940318 52.307977,4.940496 52.307729,4.940716 52.307361,4.940771 52.307252,4.940972 52.306767,4.941054 52.306618,4.941156 52.306468,4.942191 52.305301,4.944159 52.303149,4.944455 52.302775,4.944778 52.302259,4.945144 52.301804,4.947118 52.29965,4.955402 52.302497,4.955332 52.302577,4.95506 52.302809,4.953137 52.304959,4.952491 52.305706,4.952096 52.306078,4.951546 52.306643,4.947751 52.310545,4.947509 52.310809,4.946359 52.312063,4.942527 52.310729,4.941598 52.311684,4.937991 52.310475))",0.5336293372800505,27924.42246341062,33625.51022309927,Medium,Low,Low,Low,Medium,Low,Medium AC + Low Pressure (Opportunity),Low AC + Medium Pressure (Monitor),Low AC + Low Pressure (Limited Interest),137,1,38,42,0.7299270072992701,27.73722627737226,30.656934306569344
205,ChIJYUvhJjoIxkcRIgfMGCmtoS4,DoubleTree by Hilton Hotel Amsterdam - NDSM Wharf,35.718123885798846,22.048209801716435,22.309585335200413,NDSM terrein,Noordelijke IJ-oevers-West,POINT (4.893825 52.4006571),"POLYGON((4.882703 52.401703,4.883391 52.401197,4.885862 52.399378,4.889776 52.396412,4.89156 52.395113,4.892665 52.395766,4.893171 52.39608,4.893914 52.396561,4.894876 52.397218,4.895574 52.397723,4.896029 52.398066,4.896923 52.398774,4.900195 52.401475,4.894615 52.404145,4.89393 52.404435,4.893513 52.404625,4.893276 52.404929,4.893223 52.405023,4.893172 52.405161,4.89302 52.406368,4.892972 52.40653,4.892884 52.406703,4.892773 52.406853,4.892644 52.406986,4.892548 52.407066,4.89155 52.405657,4.891152 52.40529,4.888595 52.406512,4.888144 52.406145,4.885448 52.404011,4.884036 52.402854,4.882703 52.401703))",863.0676971989255,1189.7732280874854,1918.0204461985418,High,Low,Low,Low,Low,Low,High AC + Low Pressure (Potential),Low AC + Low Pressure (Limited Interest),Low AC + Low Pressure (Limited Interest),2480,213,238,260,8.588709677419356,9.596774193548386,10.483870967741936
206,ChIJYWSQDifjxUcRA6mH-y1sNnw,Dutch Design Hotel Vondelpark,24.788328935870744,28.756346625713743,27.856640170485324,Willemsparkbuurt-Noord,Willemspark,POINT (4.857556799999999 52.3538643),"POLYGON((4.855842 52.354623,4.855495 52.354667,4.855652 52.354129,4.85613 52.352786,4.856323 52.35219,4.856607 52.351522,4.856889 52.351603,4.858341 52.351978,4.859636 52.352281,4.860696 52.352599,4.861586 52.352808,4.862204 52.352979,4.8627 52.353165,4.862841 52.353205,4.863279 52.3532,4.863492 52.353257,4.863714 52.353316,4.863901 52.353429,4.863978 52.353492,4.864069 52.353534,4.865044 52.353717,4.865757 52.353939,4.86634 52.354102,4.866873 52.35421,4.867387 52.354348,4.867535 52.354402,4.867645 52.35446,4.867738 52.354528,4.867813 52.354604,4.867869 52.354691,4.867914 52.354835,4.867906 52.354981,4.867979 52.355269,4.86764 52.355852,4.867588 52.355917,4.8675 52.35598,4.867402 52.356021,4.8673 52.356029,4.867199 52.356017,4.867257 52.355939,4.866563 52.355636,4.866753 52.355564,4.866878 52.355489,4.867003 52.355381,4.867053 52.355313,4.867084 52.355242,4.86709 52.355162,4.867073 52.355051,4.867041 52.354958,4.866952 52.354857,4.86686 52.354794,4.866814 52.354785,4.866761 52.354789,4.866699 52.354822,4.866677 52.354855,4.866638 52.354971,4.866602 52.355023,4.866557 52.355054,4.866465 52.355092,4.866396 52.355109,4.866286 52.355118,4.865901 52.355084,4.865775 52.35508,4.865573 52.355086,4.86525 52.35514,4.865056 52.355203,4.864844 52.355292,4.864553 52.355444,4.864284 52.355553,4.864047 52.355621,4.863579 52.355714,4.862914 52.355743,4.862727 52.355741,4.862437 52.355721,4.86192 52.355652,4.861899 52.355646,4.861903 52.35564,4.861734 52.355605,4.861602 52.355564,4.861333 52.355465,4.861115 52.355359,4.860995 52.355283,4.860598 52.354961,4.860451 52.354851,4.860196 52.354684,4.860058 52.354611,4.859936 52.354558,4.859729 52.354473,4.859316 52.35432,4.85919 52.354265,4.858988 52.354149,4.858802 52.354001,4.858715 52.353868,4.858652 52.353748,4.858629 52.353646,4.858639 52.35357,4.858749 52.35332,4.858809 52.353243,4.858887 52.353164,4.859085 52.353014,4.859181 52.352903,4.859184 52.352819,4.859142 52.352774,4.859152 52.352759,4.859111 52.35275,4.859119 52.352735,4.859083 52.352727,4.859087 52.352721,4.859003 52.352703,4.859017 52.352679,4.858899 52.352657,4.858719 52.352641,4.85847 52.35265,4.858191 52.352725,4.858127 52.352756,4.858095 52.352779,4.858133 52.352807,4.858152 52.352839,4.858148 52.352897,4.85796 52.353155,4.857916 52.353285,4.857909 52.353404,4.857933 52.353471,4.85796 52.3535,4.85816 52.353683,4.858359 52.353782,4.858519 52.353881,4.858563 52.353921,4.858661 52.354065,4.858682 52.354144,4.858674 52.354224,4.858628 52.354321,4.858556 52.354381,4.8583 52.354496,4.857947 52.354568,4.857723 52.354633,4.857572 52.354698,4.857509 52.354749,4.857505 52.354802,4.85754 52.354834,4.857628 52.354858,4.857622 52.354909,4.857502 52.354899,4.857342 52.354874,4.857134 52.354819,4.856569 52.35464,4.856476 52.354623,4.856268 52.354603,4.856144 52.3546,4.856058 52.354601,4.855842 52.354623))",700.9062106013259,8142.136709970946,31851.03250561859,High,High,High,Low,Low,Low,High AC + Low Pressure (Potential),High AC + Low Pressure (Potential),High AC + Low Pressure (Potential),74,3,11,21,4.054054054054054,14.864864864864865,28.37837837837838
207,ChIJYb61gsEJxkcRNlUTTtsxhSk,Adam Suites Hotel,12.93730601159597,20.68869586009732,25.542593817047877,Anjeliersbuurt-Noord,Jordaan,POINT (4.88709 52.3804549),"POLYGON((4.879183 52.377706,4.879359 52.377669,4.887129 52.379096,4.888166 52.380216,4.888437 52.380522,4.88807 52.380728,4.880367 52.379582,4.879183 52.377706))",5641.279175574193,31708.206106451787,94243.60346434248,Low,Low,Medium,High,Medium,Medium,Low AC + High Pressure (Critical),Low AC + Medium Pressure (Monitor),Medium AC + Medium Pressure (Balanced),79,15,33,49,18.9873417721519,41.77215189873418,62.0253164556962
208,ChIJYywUslnixUcRsOW0m48buCs,ID APARTHOTEL,15.793016877286112,25.811065926919476,26.15027356613903,Sloterdijk Stationskwartier,Sloterdijk Nieuw-West,POINT (4.83432 52.38727),"POLYGON((4.819257 52.389038,4.819268 52.387484,4.82891 52.387554,4.831594 52.387412,4.831523 52.38488,4.836014 52.38495,4.839258 52.385018,4.839837 52.385036,4.843294 52.385101,4.843934 52.385089,4.84458 52.385103,4.844813 52.385108,4.844811 52.385146,4.844798 52.385146,4.844732 52.386384,4.844761 52.386922,4.844669 52.388623,4.844665 52.388757,4.844689 52.388756,4.844687 52.38892,4.844662 52.38892,4.844663 52.388899,4.844372 52.3889,4.844336 52.389522,4.844213 52.391808,4.844134 52.393288,4.844117 52.393849,4.844138 52.39428,4.844174 52.394607,4.844233 52.394945,4.844319 52.395304,4.843991 52.395258,4.843688 52.395231,4.843272 52.395141,4.84295 52.395061,4.842514 52.394933,4.84238 52.394915,4.842247 52.394882,4.841907 52.394762,4.841357 52.394542,4.841089 52.394422,4.840666 52.394211,4.837245 52.391623,4.836937 52.391378,4.836537 52.391083,4.836299 52.390925,4.835998 52.390749,4.835712 52.390599,4.835396 52.390449,4.835133 52.390338,4.834931 52.390259,4.834441 52.390091,4.834114 52.389995,4.833897 52.389939,4.833809 52.389916,4.833551 52.389857,4.832573 52.389692,4.831589 52.389544,4.830598 52.389413,4.829602 52.389299,4.828936 52.389232,4.827932 52.389145,4.826925 52.389076,4.819257 52.389038))",747.2015567614976,1790.4070054267388,4054.073288384585,Medium,High,Medium,Low,Low,Low,Medium AC + Low Pressure (Opportunity),High AC + Low Pressure (Potential),Medium AC + Low Pressure (Opportunity),2128,147,183,224,6.907894736842106,8.599624060150376,10.526315789473683
209,ChIJZ-alSO8JxkcRGxKIOclCL5k,Hotel Vossius Vondelpark,14.411001200003684,25.62283951486614,27.613577527056744,P.C. Hooftbuurt,Museumkwartier,POINT (4.8816133 52.3611953),"POLYGON((4.877154 52.360101,4.878568 52.358153,4.883359 52.359432,4.883405 52.35945,4.883482 52.359496,4.883536 52.359554,4.883563 52.359618,4.883561 52.359684,4.883273 52.360145,4.883226 52.36029,4.884275 52.360568,4.884488 52.360643,4.88465 52.360727,4.885386 52.361236,4.884404 52.361727,4.884235 52.361794,4.884046 52.361849,4.883846 52.361888,4.883639 52.36191,4.882635 52.361928,4.882511 52.361938,4.882398 52.361957,4.882324 52.361581,4.882398 52.361478,4.880494 52.360974,4.880378 52.36092,4.877922 52.360277,4.877154 52.360101))",5129.0194595187195,48723.24288768294,112610.4569972044,Medium,High,High,Medium,Medium,High,Medium AC + Medium Pressure (Balanced),High AC + Medium Pressure (Manageable),High AC + High Pressure (Stress),1463,117,693,1083,7.997265892002734,47.368421052631575,74.02597402597402
210,ChIJZ3vrW68JxkcRtTx6GZmMphw,Rooms25,29.795338989335736,23.832785678234515,24.71336145287953,Marine-Etablissement,Oostelijke Eilanden/Kadijken,POINT (4.9141815 52.374657299999996),"POLYGON((4.911158 52.377637,4.910753 52.377683,4.91138 52.374941,4.912723 52.375064,4.913067 52.374523,4.913263 52.374148,4.913413 52.373775,4.91352 52.373396,4.913585 52.373014,4.913608 52.372621,4.913587 52.372237,4.91352 52.371845,4.913413 52.371467,4.914453 52.370907,4.914677 52.371003,4.917663 52.372109,4.920876 52.374103,4.921132 52.3749,4.921411 52.375605,4.921292 52.375623,4.92128 52.375608,4.921262 52.37561,4.921248 52.375576,4.920501 52.375687,4.914512 52.37666,4.914117 52.376716,4.91356 52.376772,4.913303 52.376786,4.912729 52.376797,4.912404 52.37679,4.912121 52.376775,4.912092 52.376786,4.912083 52.376806,4.911981 52.376798,4.911905 52.377099,4.912038 52.377112,4.912086 52.377185,4.911985 52.37758,4.911158 52.377637))",0.5660253247820995,6166.205942005152,43267.494271775475,High,Medium,Low,Low,Low,Low,High AC + Low Pressure (Potential),Medium AC + Low Pressure (Opportunity),Low AC + Low Pressure (Limited Interest),171,0,11,63,0.0,6.432748538011696,36.84210526315789
211,ChIJZZFEmEIJxkcRRahGXbWQZT8,Poppies. Hotel,17.13311000534651,20.05798999114593,24.610355215652355,Buiksloterham-Noord,Noordelijke IJ-oevers-West,POINT (4.9110100999999995 52.3949536),"POLYGON((4.896029 52.398066,4.908563 52.393328,4.909564 52.39295,4.910887 52.392858,4.912738 52.392146,4.912824 52.392244,4.912886 52.392348,4.912923 52.392457,4.912935 52.392568,4.91285 52.393215,4.912807 52.393385,4.912746 52.393553,4.912677 52.393696,4.912592 52.39384,4.911999 52.394708,4.910672 52.396987,4.910606 52.397074,4.910523 52.397154,4.91043 52.397224,4.910317 52.397289,4.910204 52.39734,4.909179 52.397742,4.903092 52.400042,4.900195 52.401475,4.896923 52.398774,4.896029 52.398066))",136.40908841747517,3859.353724716329,10499.282793400207,Medium,Low,Low,Low,Low,Low,Medium AC + Low Pressure (Opportunity),Low AC + Low Pressure (Limited Interest),Low AC + Low Pressure (Limited Interest),17,2,3,4,11.76470588235294,17.647058823529413,23.52941176470588
212,ChIJZcNA52gMxkcR-dNB9a9jljc,Hotel Campanile Amsterdam,20.37015474960523,23.44926383034249,21.807794511697843,Gaasperpark,Nellestein,POINT (4.985986 52.311121),"POLYGON((4.98353 52.312153,4.987688 52.307601,4.986349 52.307171,4.986544 52.307013,4.986748 52.306629,4.986797 52.306575,4.986873 52.306517,4.987167 52.306365,4.987377 52.306287,4.987533 52.306252,4.98768 52.306239,4.988352 52.306222,4.989665 52.306226,4.9904 52.306251,4.991421 52.306323,4.991492 52.306316,4.99176 52.306264,4.992634 52.306143,4.992766 52.30614,4.993044 52.306157,4.993122 52.306171,4.993197 52.306193,4.993281 52.30623,4.993337 52.306267,4.993422 52.306342,4.993788 52.30643,4.993876 52.306485,4.994058 52.306673,4.994003 52.306883,4.994078 52.307059,4.994121 52.307313,4.994096 52.307381,4.993974 52.307545,4.993951 52.307647,4.993979 52.307748,4.994105 52.307919,4.994709 52.308221,4.995097 52.308442,4.995241 52.308509,4.995578 52.30865,4.99636 52.30894,4.99653 52.308964,4.996704 52.308963,4.997503 52.308858,4.997628 52.308656,4.997693 52.308594,4.997789 52.308533,4.9983 52.308268,4.998436 52.308209,4.998626 52.308157,4.998748 52.308139,4.998873 52.308132,4.998998 52.308134,4.999105 52.308145,4.999274 52.308175,4.999414 52.308208,4.99955 52.308249,4.999954 52.30841,5.000204 52.308493,5.000428 52.308552,5.00066 52.3086,5.001023 52.308711,5.001354 52.308773,5.001461 52.30881,5.001533 52.308844,5.001598 52.308884,5.001669 52.308945,5.001979 52.309289,5.001566 52.309738,5.001516 52.309826,5.001494 52.309917,5.001504 52.309978,5.00048 52.31038,4.999988 52.310394,4.999905 52.310412,4.998975 52.310916,4.997916 52.311482,4.997027 52.311967,4.996306 52.312351,4.996119 52.312444,4.996164 52.312483,4.996195 52.312517,4.996211 52.312548,4.996248 52.312667,4.996264 52.312708,4.996288 52.312737,4.996323 52.31277,4.996543 52.312959,4.9972 52.313498,4.997944 52.313941,4.998082 52.314036,4.997863 52.31398,4.997589 52.314154,4.997495 52.314219,4.997459 52.314247,4.997301 52.314197,4.997285 52.314213,4.997195 52.314295,4.997133 52.314386,4.997094 52.314457,4.997094 52.31448,4.997119 52.314645,4.997122 52.3147,4.997116 52.314759,4.997104 52.314809,4.997093 52.314827,4.997075 52.314848,4.997094 52.315072,4.997107 52.315275,4.997115 52.315436,4.99713 52.315626,4.997139 52.315781,4.99715 52.315906,4.997175 52.316037,4.997231 52.316219,4.997264 52.31632,4.997315 52.316441,4.997345 52.316516,4.997365 52.316591,4.997372 52.316673,4.997364 52.316767,4.997328 52.316908,4.997267 52.317065,4.997183 52.317256,4.997105 52.317394,4.997023 52.317518,4.996899 52.317644,4.995464 52.316896,4.995054 52.316692,4.994226 52.316291,4.993175 52.315802,4.992108 52.315328,4.991137 52.314915,4.990088 52.314488,4.989131 52.314115,4.988234 52.31378,4.987328 52.313455,4.98353 52.312153))",4.790933508743058,3031.8701967878087,7058.63838184509,High,Medium,Low,Low,Low,Low,High AC + Low Pressure (Potential),Medium AC + Low Pressure (Opportunity),Low AC + Low Pressure (Limited Interest),1949,14,252,275,0.7183170856849667,12.9297075423294,14.109799897383274
213,ChIJZw8oHLkJxkcRRl6ko152hB8,Hotel & bar Royal taste Amsterdam,5.634372602539506,24.101610143435046,24.129522604237742,Burgwallen-Oost,Burgwallen-Oude Zijde,POINT (4.8992388 52.3735248),"POLYGON((4.895876 52.37186,4.897063 52.371438,4.898755 52.370995,4.899295 52.371577,4.899857 52.372224,4.899667 52.372276,4.899686 52.372341,4.900099 52.37291,4.900166 52.372968,4.900247 52.373008,4.900369 52.373035,4.900551 52.373044,4.900708 52.373018,4.900936 52.373494,4.901266 52.374174,4.900587 52.374402,4.90048 52.374418,4.900275 52.374486,4.900201 52.37449,4.899667 52.374678,4.899406 52.374749,4.899014 52.374374,4.898724 52.374116,4.896856 52.372674,4.895876 52.37186))",14877.000164446637,63246.666995559935,110019.97999232581,Low,Medium,Low,High,High,High,Low AC + High Pressure (Critical),Medium AC + High Pressure (Caution),Low AC + High Pressure (Critical),821,274,489,631,33.37393422655298,59.561510353227774,76.85749086479903
214,ChIJZwHsk5wLxkcR53kR2GqPKUs,Ozo Hotels Arena Amsterdam,5.997434354029087,22.89781472159179,21.34497755974099,Amstel III deel A/B-Noord,Amstel III/Bullewijk,POINT (4.9477334 52.3047867),"POLYGON((4.937991 52.310475,4.939838 52.308461,4.940318 52.307977,4.940496 52.307729,4.940716 52.307361,4.940771 52.307252,4.940972 52.306767,4.941054 52.306618,4.941156 52.306468,4.942191 52.305301,4.944159 52.303149,4.944455 52.302775,4.944778 52.302259,4.945144 52.301804,4.947118 52.29965,4.955402 52.302497,4.955332 52.302577,4.95506 52.302809,4.953137 52.304959,4.952491 52.305706,4.952096 52.306078,4.951546 52.306643,4.947751 52.310545,4.947509 52.310809,4.946359 52.312063,4.942527 52.310729,4.941598 52.311684,4.937991 52.310475))",3.176560872663483,5033.018746916626,33531.5474428548,Low,Low,Low,Low,Low,Low,Low AC + Low Pressure (Limited Interest),Low AC + Low Pressure (Limited Interest),Low AC + Low Pressure (Limited Interest),3390,1,324,812,0.029498525073746312,9.557522123893806,23.952802359882007
215,ChIJZyc7C7oJxkcRSPqsBgyVa0k,DoubleTree by Hilton Amsterdam Centraal Station,20.716517456794882,26.063364643107427,23.917033197329253,Oosterdokseiland,Nieuwmarkt/Lastage,POINT (4.905465899999999 52.376675999999996),"POLYGON((4.903254 52.37659,4.904283 52.376217,4.905176 52.375886,4.909261 52.374089,4.909575 52.373968,4.910917 52.374899,4.91138 52.374941,4.910753 52.377683,4.911158 52.377637,4.910594 52.379914,4.908685 52.379857,4.907622 52.379885,4.906531 52.38002,4.90641 52.380041,4.904287 52.377933,4.903546 52.377173,4.903254 52.37659))",3096.303952200844,34837.94765115387,82306.8670723017,High,High,Low,Medium,Medium,Medium,High AC + Medium Pressure (Manageable),High AC + Medium Pressure (Manageable),Low AC + Medium Pressure (Monitor),20281,298,4897,9490,1.4693555544598393,24.145752181845076,46.79256446920763
216,ChIJ_5j_RccJxkcRtPh7den4sB8,Anantara Grand Hotel Krasnapolsky Amsterdam,14.205457564747515,22.51914862288417,25.632239835731614,Oude Kerk e.o.,Burgwallen-Oude Zijde,POINT (4.8942603 52.372664799999995),"POLYGON((4.893011 52.372707,4.893836 52.372536,4.894821 52.372199,4.895876 52.37186,4.896856 52.372674,4.898724 52.374116,4.899014 52.374374,4.899406 52.374749,4.899233 52.374789,4.898001 52.375238,4.897889 52.37516,4.89708 52.375505,4.896473 52.375764,4.894364 52.374067,4.893565 52.373489,4.893299 52.3732,4.893011 52.372707))",21180.65504577098,78103.48604944361,118635.01874691661,Medium,Low,Medium,High,High,High,Medium AC + High Pressure (Caution),Low AC + High Pressure (Critical),Medium AC + High Pressure (Caution),12727,2906,6633,8620,22.833346428852046,52.11754537597234,67.73002278620255
217,ChIJ_5wpOcAJxkcRlvwfJKbTPVI,Hotel des Arts,20.17963397267319,22.09479829475825,26.370518081430877,Kalverdriehoek,Burgwallen-Nieuwe Zijde,POINT (4.8925617 52.3679129),"POLYGON((4.88854 52.36813,4.889641 52.367285,4.8901 52.36714,4.89116 52.36697,4.891744 52.366916,4.892749 52.366901,4.893152 52.366908,4.89329 52.366943,4.893357 52.36697,4.893466 52.367042,4.893807 52.367265,4.893881 52.36729,4.894147 52.367289,4.892892 52.368332,4.892436 52.368964,4.892392 52.369081,4.892014 52.369051,4.8914 52.369011,4.891215 52.368992,4.891142 52.368983,4.890967 52.368916,4.890469 52.368833,4.890219 52.368863,4.889755 52.368785,4.889189 52.368703,4.889104 52.368601,4.889018 52.368517,4.88854 52.36813))",8319.725648193828,78327.06753275229,140983.0476347092,High,Low,Medium,High,High,High,High AC + High Pressure (Stress),Low AC + High Pressure (Critical),Medium AC + High Pressure (Caution),993,93,501,729,9.365558912386707,50.453172205438065,73.41389728096676
218,ChIJ_6ifJu8JxkcRsFEYEqQUJ84,Hotel Cornelisz,14.048785795103072,25.19761210987635,27.448725346012537,P.C. Hooftbuurt,Museumkwartier,POINT (4.8829709 52.360997499999996),"POLYGON((4.877154 52.360101,4.878568 52.358153,4.883359 52.359432,4.883405 52.35945,4.883482 52.359496,4.883536 52.359554,4.883563 52.359618,4.883561 52.359684,4.883273 52.360145,4.883226 52.36029,4.884275 52.360568,4.884488 52.360643,4.88465 52.360727,4.885386 52.361236,4.884404 52.361727,4.884235 52.361794,4.884046 52.361849,4.883846 52.361888,4.883639 52.36191,4.882635 52.361928,4.882511 52.361938,4.882398 52.361957,4.882324 52.361581,4.882398 52.361478,4.880494 52.360974,4.880378 52.36092,4.877922 52.360277,4.877154 52.360101))",8385.937455462368,47755.810338211915,111829.38809406347,Medium,High,High,High,Medium,High,Medium AC + High Pressure (Caution),High AC + Medium Pressure (Manageable),High AC + High Pressure (Stress),1722,236,799,1265,13.704994192799072,46.39953542392567,73.46109175377468
219,ChIJ_8t07voJxkcRly4uObAghqY,The Concert Hotel,12.360240256941262,23.66588188699156,28.75644319749021,Hondecoeterbuurt,Museumkwartier,POINT (4.8770669 52.3548742),"POLYGON((4.876249 52.354804,4.877931 52.352404,4.877493 52.351472,4.879053 52.351194,4.879105 52.351305,4.879146 52.351362,4.87923 52.351439,4.879337 52.351506,4.882137 52.352685,4.882293 52.352768,4.882459 52.352889,4.882336 52.352944,4.882264 52.352987,4.882146 52.353087,4.88172 52.353691,4.880392 52.355517,4.879992 52.356138,4.879341 52.355965,4.879177 52.355902,4.879022 52.355816,4.878443 52.355433,4.878337 52.355376,4.878224 52.355332,4.876249 52.354804))",46.09779093350874,24025.405032067094,64262.490160609545,Low,Medium,High,Low,Medium,Low,Low AC + Low Pressure (Limited Interest),Medium AC + Medium Pressure (Balanced),High AC + Low Pressure (Potential),842,9,250,393,1.0688836104513064,29.69121140142518,46.67458432304038
220,ChIJ_Tl2ZbgJxkcRKCqGZWlQAXk,The Frisco Inn,8.74016586716741,24.90385769814915,25.043492053409068,Oude Kerk e.o.,Burgwallen-Oude Zijde,POINT (4.897253 52.375127),"POLYGON((4.893011 52.372707,4.893836 52.372536,4.894821 52.372199,4.895876 52.37186,4.896856 52.372674,4.898724 52.374116,4.899014 52.374374,4.899406 52.374749,4.899233 52.374789,4.898001 52.375238,4.897889 52.37516,4.89708 52.375505,4.896473 52.375764,4.894364 52.374067,4.893565 52.373489,4.893299 52.3732,4.893011 52.372707))",12027.972921120429,62173.633174368246,104945.92287452721,Low,Medium,Low,High,High,Medium,Low AC + High Pressure (Critical),Medium AC + High Pressure (Caution),Low AC + Medium Pressure (Monitor),1055,211,507,699,20.0,48.056872037914694,66.25592417061611
221,ChIJ_Twj2UIJxkcRPiUFQT2536c,SWEETS hotel Nieuwe Amstelbrug,18.143735267796544,25.018667787959366,26.15897802698917,Willibrordusbuurt,Nieuwe Pijp,POINT (4.9054657 52.3557595),"POLYGON((4.901246 52.354828,4.901626 52.354327,4.901999 52.353916,4.902547 52.353258,4.902665 52.353067,4.902823 52.352776,4.903033 52.352171,4.904176 52.352373,4.905214 52.352607,4.908364 52.35339,4.906552 52.355385,4.906056 52.356169,4.904997 52.355994,4.904811 52.355952,4.901246 52.354828))",529.6291180178698,20224.804089239708,62540.26421093021,Medium,Medium,Medium,Low,Low,Low,Medium AC + Low Pressure (Opportunity),Medium AC + Low Pressure (Opportunity),Medium AC + Low Pressure (Opportunity),32,2,7,18,6.25,21.875,56.25
222,ChIJ__-EFcgJxkcRy8PAX6szShc,Ciao Papa Hotel Amsterdam Central Station,8.876110777478512,22.182090637763693,24.2798352798433,Hemelrijk,Burgwallen-Nieuwe Zijde,POINT (4.8952412999999995 52.378642299999996),"POLYGON((4.892082 52.377032,4.8942 52.376609,4.894422 52.376738,4.894775 52.376916,4.894966 52.37704,4.895104 52.377147,4.895584 52.3776,4.895663 52.377661,4.895748 52.377712,4.89585 52.377757,4.895954 52.377792,4.896895 52.378001,4.897713 52.378678,4.897528 52.378761,4.895468 52.379856,4.895194 52.379624,4.894341 52.37903,4.894004 52.378766,4.893914 52.378696,4.892082 52.377032))",9047.068300169927,62598.55215699172,96726.34917502603,Low,Low,Low,High,High,Medium,Low AC + High Pressure (Critical),Low AC + High Pressure (Critical),Low AC + Medium Pressure (Monitor),170,27,80,108,15.88235294117647,47.05882352941176,63.52941176470588
223,ChIJ___iUrgJxkcRv-EtjgQSKWs,Facade Hotel Amsterdam,9.086236835902701,24.74345589671354,24.251444903264595,Kop Zeedijk,Burgwallen-Oude Zijde,POINT (4.8992382999999995 52.3750013),"POLYGON((4.89708 52.375505,4.897889 52.37516,4.898001 52.375238,4.899233 52.374789,4.899406 52.374749,4.899667 52.374678,4.900201 52.37449,4.900275 52.374486,4.90048 52.374418,4.900587 52.374402,4.901266 52.374174,4.902273 52.376142,4.903254 52.37659,4.902978 52.37669,4.902452 52.377141,4.90196 52.377244,4.900968 52.377242,4.899692 52.377303,4.899141 52.376971,4.89708 52.375505))",14865.158910266951,57720.94880228033,106800.35635586252,Low,Medium,Low,High,High,Medium,Low AC + High Pressure (Critical),Medium AC + High Pressure (Caution),Low AC + Medium Pressure (Monitor),1038,223,566,747,21.483622350674374,54.52793834296724,71.96531791907515
224,ChIJ_bBss3YJxkcRFejJ1Asz9dM,The Manor Amsterdam,23.93723071714976,21.709730192078393,25.820617429212383,Dapperbuurt-Zuid,Dapperbuurt,POINT (4.9263607 52.359145299999994),"POLYGON((4.923984 52.361931,4.924128 52.361643,4.924624 52.360936,4.925295 52.360027,4.925426 52.359847,4.926393 52.358288,4.926691 52.357866,4.927168 52.358022,4.927592 52.358188,4.927995 52.358375,4.928463 52.358633,4.928868 52.358902,4.929276 52.35921,4.929602 52.359489,4.929892 52.359785,4.930101 52.360042,4.93028 52.360308,4.930517 52.360739,4.930866 52.361447,4.930975 52.361732,4.931058 52.36202,4.931102 52.362238,4.931138 52.36253,4.931408 52.363218,4.931353 52.363216,4.93132 52.363222,4.931283 52.363246,4.931274 52.363277,4.931241 52.363273,4.931228 52.363382,4.930343 52.363286,4.923984 52.361931))",2156.0003837088198,16643.619580112918,32473.676423833796,High,Low,Medium,Medium,Low,Low,High AC + Medium Pressure (Manageable),Low AC + Low Pressure (Limited Interest),Medium AC + Low Pressure (Opportunity),4236,258,791,1048,6.090651558073654,18.673276676109538,24.740321057601513
225,ChIJ_dZhWgUKxkcRpOz1cKJp-vs,Crowne Plaza Amsterdam - South,16.05988707469764,30.238013868227178,28.37708593912683,Zuidas-Zuid,Zuidas,POINT (4.8745579 52.335791),"POLYGON((4.868686 52.33811,4.868831 52.334993,4.876905 52.335006,4.878113 52.335035,4.878652 52.335088,4.87711 52.336993,4.87702 52.337123,4.87694 52.337256,4.876808 52.337527,4.876715 52.337804,4.87666 52.338086,4.876645 52.338368,4.875216 52.338367,4.873434 52.338339,4.872006 52.33828,4.868686 52.33811))",2884.051526612947,12696.03151893877,17839.94074439511,Medium,High,High,Medium,Low,Low,Medium AC + Medium Pressure (Balanced),High AC + Low Pressure (Potential),High AC + Low Pressure (Potential),3534,339,552,716,9.592529711375212,15.619694397283531,20.260328239954724
226,ChIJa0OrQxYJxkcRWDpKwuAzcEU,Hotel Budget Dam,9.415732638422377,23.195080222307,25.249536997563954,Nieuwendijk-Noord,Burgwallen-Nieuwe Zijde,POINT (4.896555 52.376298299999995),"POLYGON((4.893582 52.376221,4.8951 52.376206,4.895342 52.376181,4.895472 52.376156,4.895622 52.376115,4.895702 52.376036,4.896266 52.375819,4.896473 52.375764,4.89708 52.375505,4.899141 52.376971,4.899692 52.377303,4.898867 52.377741,4.898667 52.378012,4.898562 52.378122,4.898442 52.378227,4.898062 52.378505,4.897931 52.378579,4.897713 52.378678,4.896895 52.378001,4.895954 52.377792,4.89585 52.377757,4.895748 52.377712,4.895663 52.377661,4.895584 52.3776,4.895104 52.377147,4.894966 52.37704,4.894775 52.376916,4.894422 52.376738,4.8942 52.376609,4.893582 52.376221))",12502.824261360522,63201.83264813901,102954.36468782547,Low,Medium,Low,High,High,Medium,Low AC + High Pressure (Critical),Medium AC + High Pressure (Caution),Low AC + Medium Pressure (Monitor),4,2,4,4,50.0,100.0,100.0
227,ChIJaSsruJMJxkcRNvKs6Ouw4L4,Hotel V Frederiksplein,23.101859210854435,23.773614378397397,27.034078654837668,Frederikspleinbuurt,De Weteringschans,POINT (4.8979957999999995 52.359217),"POLYGON((4.896177 52.358047,4.898039 52.357935,4.898259 52.357948,4.898511 52.357973,4.89876 52.358006,4.899006 52.358049,4.899246 52.3581,4.901674 52.358595,4.904 52.359049,4.904634 52.359212,4.904205 52.359948,4.903415 52.36153,4.903351 52.361656,4.901194 52.361227,4.896181 52.360253,4.896211 52.359874,4.896185 52.359696,4.896388 52.359683,4.89639 52.359529,4.896177 52.358047))",1134.6666118511207,31676.988543550946,119413.01375870196,High,Medium,High,Medium,Medium,High,High AC + Medium Pressure (Manageable),Medium AC + Medium Pressure (Balanced),High AC + High Pressure (Stress),1485,24,445,1013,1.6161616161616161,29.96632996632997,68.21548821548822
228,ChIJaX3gUscJxkcRWn80_DiR2ZU,Hotel Damsquare,12.924198553912323,22.66725439645228,25.635580797746954,Nes e.o.,Burgwallen-Oude Zijde,POINT (4.894868 52.372088),"POLYGON((4.892975 52.372708,4.892921 52.372564,4.892882 52.372372,4.892842 52.371759,4.892803 52.371494,4.892538 52.370449,4.89247 52.370246,4.892049 52.36921,4.892014 52.369051,4.892392 52.369081,4.893512 52.369177,4.893666 52.369217,4.894263 52.369231,4.894755 52.370762,4.894826 52.370898,4.894959 52.371051,4.895204 52.371299,4.895876 52.37186,4.894821 52.372199,4.893836 52.372536,4.893011 52.372707,4.892975 52.372708))",8707.713205064956,74569.75327522885,116600.88779257797,Low,Low,Medium,High,High,High,Low AC + High Pressure (Critical),Low AC + High Pressure (Critical),Medium AC + High Pressure (Caution),808,165,500,654,20.42079207920792,61.88118811881188,80.94059405940595
229,ChIJae_oUnQJxkcRJvJFD3V8kzk,Amsterdam Tropen Hotel,22.231816376534866,25.94688704229315,26.301302515471285,Oosterpark,Oosterparkbuurt,POINT (4.9225655999999995 52.361739899999996),"POLYGON((4.91508 52.361787,4.915811 52.360495,4.916146 52.35994,4.917445 52.358044,4.917772 52.358142,4.925295 52.360027,4.924624 52.360936,4.924128 52.361643,4.923984 52.361931,4.923577 52.362782,4.923497 52.362896,4.923405 52.362977,4.922313 52.363759,4.922201 52.363684,4.922067 52.363616,4.921918 52.363561,4.921766 52.363522,4.921485 52.363479,4.921105 52.363432,4.920388 52.363372,4.920213 52.363337,4.920047 52.363289,4.919878 52.363221,4.919719 52.363137,4.919029 52.362554,4.918873 52.362457,4.918707 52.362374,4.918427 52.362267,4.918131 52.362192,4.91781 52.362145,4.91749 52.362131,4.916415 52.362089,4.916241 52.362068,4.916005 52.362028,4.915781 52.36198,4.91508 52.361787))",662.8687715836211,17098.309214493227,36186.43879844323,High,High,Medium,Low,Low,Low,High AC + Low Pressure (Potential),High AC + Low Pressure (Potential),Medium AC + Low Pressure (Opportunity),1637,128,320,431,7.8191814294441055,19.547953573610265,26.328649969456325
230,ChIJafu3xOcJxkcRhEGl7R8otkM,Backstage Hotel,23.188266891709006,25.459488256127948,27.167711497261106,Marnixbuurt-Zuid,Jordaan,POINT (4.8802714 52.3654984),"POLYGON((4.876809 52.368503,4.877088 52.368108,4.877199 52.367898,4.877265 52.367702,4.877319 52.367301,4.877349 52.367183,4.877431 52.366953,4.877518 52.366772,4.877726 52.366588,4.877889 52.366466,4.878137 52.36631,4.878397 52.366173,4.878534 52.366081,4.878701 52.365947,4.878817 52.365834,4.87896 52.365663,4.87907 52.365501,4.879136 52.365382,4.879186 52.365261,4.879219 52.365126,4.879232 52.364988,4.879225 52.364925,4.8801 52.365211,4.880719 52.365427,4.880913 52.365493,4.880867 52.365538,4.880491 52.366061,4.880247 52.366345,4.880024 52.366646,4.879889 52.36661,4.879075 52.367745,4.878296 52.368852,4.877616 52.368712,4.876809 52.368503))",5357.405635038096,57954.43271391766,141851.52425587896,High,High,High,Medium,High,High,High AC + Medium Pressure (Manageable),High AC + High Pressure (Stress),High AC + High Pressure (Stress),925,102,448,744,11.027027027027026,48.432432432432435,80.43243243243244
231,ChIJb0NyabQJxkcRj7YvPpi-AMA,"Sir Adam Hotel, part of Sircle Collection",16.51484321767263,23.015057222040213,24.667015055985893,Overhoeks,Noordelijke IJ-oevers-West,POINT (4.9020945 52.383862199999996),"POLYGON((4.90606 52.388904,4.903145 52.388384,4.902004 52.390694,4.901463 52.390641,4.901446 52.390683,4.901275 52.390665,4.898627 52.390359,4.898623 52.390371,4.894676 52.389941,4.895083 52.388692,4.895661 52.386923,4.895878 52.386362,4.896247 52.385649,4.896764 52.384887,4.897312 52.384271,4.897916 52.383676,4.898665 52.383044,4.898773 52.38297,4.89948 52.382486,4.90006 52.382155,4.906006 52.38484,4.906175 52.384928,4.906328 52.385025,4.906507 52.385167,4.906621 52.385283,4.906716 52.385405,4.907141 52.38607,4.907192 52.38619,4.907213 52.386272,4.907224 52.386355,4.90722 52.386479,4.907193 52.386602,4.907161 52.386683,4.906072 52.388863,4.90606 52.388904))",4122.330208847228,4875.970783314147,10713.25237077235,Medium,Low,Low,Medium,Low,Low,Medium AC + Medium Pressure (Balanced),Low AC + Low Pressure (Limited Interest),Low AC + Low Pressure (Limited Interest),2708,328,343,357,12.112259970457902,12.666174298375186,13.183161004431316
232,ChIJb5M3VL4JxkcRxOG2zeMqOBo,Rembrandtplein Hotel,8.563201792901703,24.185203878993185,25.9936125845691,Zuiderkerkbuurt,Nieuwmarkt/Lastage,POINT (4.8986108999999995 52.368980799999996),"POLYGON((4.895268 52.367368,4.896077 52.367379,4.897128 52.367428,4.89725 52.367428,4.898242 52.36732,4.898704 52.367838,4.898985 52.368033,4.900086 52.369039,4.900176 52.369076,4.900306 52.369179,4.900642 52.369295,4.900947 52.369524,4.901011 52.369548,4.901121 52.369622,4.900908 52.369712,4.900785 52.369877,4.90069 52.370119,4.900435 52.371851,4.900439 52.371992,4.900467 52.372089,4.899857 52.372224,4.899295 52.371577,4.898755 52.370995,4.896366 52.368497,4.896231 52.368291,4.895786 52.367811,4.895474 52.367498,4.895372 52.367424,4.895268 52.367368))",2609.366441922929,59419.53001151126,125696.32642657457,Low,Medium,Medium,Medium,High,High,Low AC + Medium Pressure (Monitor),Medium AC + High Pressure (Caution),Medium AC + High Pressure (Caution),904,70,485,720,7.7433628318584065,53.650442477876105,79.64601769911505
233,ChIJbT3pr7gJxkcRwiwNfxJeulk,The Bulldog Hotel Amsterdam,9.554473364464302,23.853226798003536,25.32859260879434,Oude Kerk e.o.,Burgwallen-Oude Zijde,POINT (4.896211399999999 52.37256),"POLYGON((4.893011 52.372707,4.893836 52.372536,4.894821 52.372199,4.895876 52.37186,4.896856 52.372674,4.898724 52.374116,4.899014 52.374374,4.899406 52.374749,4.899233 52.374789,4.898001 52.375238,4.897889 52.37516,4.89708 52.375505,4.896473 52.375764,4.894364 52.374067,4.893565 52.373489,4.893299 52.3732,4.893011 52.372707))",9348.878473935207,70837.30948857096,111190.33300444005,Low,Medium,Low,High,High,High,Low AC + High Pressure (Critical),Medium AC + High Pressure (Caution),Low AC + High Pressure (Critical),14625,3077,8581,11316,21.03931623931624,58.67350427350427,77.37435897435897
234,ChIJbeLDaSIKxkcR4uMOfG8J_cw,Hotel nhow Amsterdam RAI,20.240478704149638,27.10657436964123,28.25448061367986,RAI,Zuidas,POINT (4.891906 52.338955),"POLYGON((4.884628 52.338116,4.885176 52.338026,4.88581 52.337899,4.886073 52.337839,4.886628 52.337689,4.887577 52.33738,4.887889 52.337258,4.888299 52.337079,4.890135 52.336176,4.890237 52.336287,4.890297 52.336339,4.891636 52.337321,4.891774 52.337454,4.891886 52.337619,4.891931 52.337773,4.892289 52.340845,4.892389 52.341701,4.892415 52.341836,4.892421 52.341985,4.892407 52.342154,4.892351 52.342298,4.892301 52.342379,4.89223 52.34246,4.890982 52.343748,4.890893 52.343851,4.890778 52.344026,4.890681 52.344247,4.885743 52.344506,4.885726 52.344377,4.885405 52.342006,4.885297 52.341233,4.88507 52.341242,4.884628 52.338116))",1132.4905991339144,3844.048950282299,25774.492572493557,High,High,High,Medium,Low,Low,High AC + Medium Pressure (Manageable),High AC + Low Pressure (Potential),High AC + Low Pressure (Potential),3471,83,408,585,2.3912417170844136,11.754537597234227,16.853932584269664
235,ChIJbfDB-3kJxkcR9bVfPC0S2Dk,Tribe Amsterdam City,30.092790709104023,24.561159929196698,25.103471238912046,Elzenhagen-Zuid,Elzenhagen,POINT (4.931148299999999 52.4025232),"POLYGON((4.922311 52.399355,4.92275 52.398675,4.922987 52.398755,4.923492 52.398531,4.923889 52.398404,4.925099 52.398041,4.926287 52.397559,4.926614 52.397437,4.927131 52.397883,4.928015 52.3986,4.932779 52.402293,4.932191 52.402489,4.931596 52.402676,4.928979 52.403561,4.926912 52.404204,4.925069 52.404802,4.924983 52.404341,4.923801 52.402242,4.923103 52.401239,4.922935 52.400812,4.922832 52.400491,4.92272 52.40006,4.922532 52.399568,4.922439 52.399455,4.922311 52.399355))",255.10634215863612,7863.991777668147,8364.704105684372,High,Medium,Low,Low,Low,Low,High AC + Low Pressure (Potential),Medium AC + Low Pressure (Opportunity),Low AC + Low Pressure (Limited Interest),1657,24,99,106,1.448400724200362,5.974652987326494,6.397103198551599
236,ChIJbytTo6IJxkcRF7yqtrPwanY,Hotel Hortus,16.021399863520834,23.681682266836525,25.43694771436476,Plantage,Weesperbuurt/Plantage,POINT (4.9091857 52.3667472),"POLYGON((4.906116 52.366765,4.906323 52.366618,4.90722 52.366413,4.90736 52.366375,4.907553 52.366307,4.907733 52.366227,4.907931 52.366112,4.908099 52.365987,4.908245 52.365698,4.908877 52.365816,4.91055 52.365256,4.91126 52.365003,4.913342 52.364287,4.914387 52.363945,4.915112 52.363708,4.915144 52.363661,4.915891 52.363404,4.915976 52.363383,4.916155 52.363356,4.916385 52.363351,4.916566 52.36337,4.916779 52.363423,4.918457 52.363884,4.919635 52.364364,4.920365 52.364701,4.920552 52.36482,4.921268 52.365276,4.921623 52.365575,4.921243 52.366102,4.910685 52.3697,4.910038 52.369315,4.909685 52.369068,4.907105 52.367342,4.906546 52.366984,4.90637 52.366888,4.906116 52.366765))",329.3434193937397,22137.165159239157,89691.19903524639,Medium,Medium,Low,Low,Low,Medium,Medium AC + Low Pressure (Opportunity),Medium AC + Low Pressure (Opportunity),Low AC + Medium Pressure (Monitor),1033,33,252,595,3.1945788964181996,24.394966118102616,57.599225556631175
237,ChIJbzEWY6IJxkcRvd9l07dvELU,Quentin Zoo Hotel,12.477296221277024,26.099623515618152,25.100203925101017,Plantage,Weesperbuurt/Plantage,POINT (4.9114059999999995 52.3667452),"POLYGON((4.906116 52.366765,4.906323 52.366618,4.90722 52.366413,4.90736 52.366375,4.907553 52.366307,4.907733 52.366227,4.907931 52.366112,4.908099 52.365987,4.908245 52.365698,4.908877 52.365816,4.91055 52.365256,4.91126 52.365003,4.913342 52.364287,4.914387 52.363945,4.915112 52.363708,4.915144 52.363661,4.915891 52.363404,4.915976 52.363383,4.916155 52.363356,4.916385 52.363351,4.916566 52.36337,4.916779 52.363423,4.918457 52.363884,4.919635 52.364364,4.920365 52.364701,4.920552 52.36482,4.921268 52.365276,4.921623 52.365575,4.921243 52.366102,4.910685 52.3697,4.910038 52.369315,4.909685 52.369068,4.907105 52.367342,4.906546 52.366984,4.90637 52.366888,4.906116 52.366765))",1024.572712821356,16275.560872663485,91562.64605602148,Low,High,Low,Low,Low,Medium,Low AC + Low Pressure (Limited Interest),High AC + Low Pressure (Potential),Low AC + Medium Pressure (Monitor),600,51,149,331,8.5,24.833333333333332,55.166666666666664
238,ChIJbzrRyEsIxkcRyvOHuH7Ss1g,YOTEL Amsterdam,55.53779437096462,19.51378216801579,25.008269593119998,Buiksloterham-Zuid,Noordelijke IJ-oevers-West,POINT (4.9029986 52.3918387),"POLYGON((4.89156 52.395113,4.892008 52.394787,4.892659 52.394207,4.893215 52.393564,4.893661 52.392824,4.893986 52.392053,4.894676 52.389941,4.898623 52.390371,4.898627 52.390359,4.901275 52.390665,4.901446 52.390683,4.901463 52.390641,4.902004 52.390694,4.903145 52.388384,4.90606 52.388904,4.905959 52.389235,4.905901 52.389528,4.905886 52.389823,4.905914 52.390117,4.905984 52.390409,4.906097 52.390696,4.906251 52.390976,4.906445 52.391246,4.906678 52.391504,4.907433 52.39219,4.908563 52.393328,4.896029 52.398066,4.895574 52.397723,4.894876 52.397218,4.893914 52.396561,4.893171 52.39608,4.892665 52.395766,4.89156 52.395113))",463.2505070437976,7540.471742586196,10337.18204242723,High,Low,Low,Low,Low,Low,High AC + Low Pressure (Potential),Low AC + Low Pressure (Limited Interest),Low AC + Low Pressure (Limited Interest),2070,21,219,315,1.0144927536231882,10.579710144927535,15.217391304347828
239,ChIJc5m3HMgJxkcR1YESPlYumD0,Ph Hotel De Entree Amsterdam Bv,11.765608503075278,22.518222532649204,24.45069092281281,Hemelrijk,Burgwallen-Nieuwe Zijde,POINT (4.8962205 52.3780035),"POLYGON((4.892082 52.377032,4.8942 52.376609,4.894422 52.376738,4.894775 52.376916,4.894966 52.37704,4.895104 52.377147,4.895584 52.3776,4.895663 52.377661,4.895748 52.377712,4.89585 52.377757,4.895954 52.377792,4.896895 52.378001,4.897713 52.378678,4.897528 52.378761,4.895468 52.379856,4.895194 52.379624,4.894341 52.37903,4.894004 52.378766,4.893914 52.378696,4.892082 52.377032))",9628.32001315573,60751.26064791975,102497.61853861755,Low,Low,Low,High,High,Medium,Low AC + High Pressure (Critical),Low AC + High Pressure (Critical),Low AC + Medium Pressure (Monitor),130,12,46,70,9.230769230769232,35.38461538461539,53.84615384615385
240,ChIJcXOQ1-AJxkcRYXU9gnANTGc,Grand Hotel Downtown Amsterdam,28.5774385561659,27.454135426344763,27.666040676883124,WG-terrein,Helmersbuurt,POINT (4.8733267 52.3652349),"POLYGON((4.866713 52.363783,4.868169 52.36168,4.867465 52.36149,4.867916 52.360833,4.86833 52.36093,4.86899 52.361102,4.873627 52.362323,4.875293 52.362751,4.873352 52.36555,4.871984 52.365147,4.871477 52.364988,4.869473 52.364437,4.866713 52.363783))",3474.1370388642213,43370.507317875345,102022.93197390779,High,High,High,Medium,Medium,Medium,High AC + Medium Pressure (Manageable),High AC + Medium Pressure (Manageable),High AC + Medium Pressure (Manageable),1295,62,474,836,4.787644787644788,36.602316602316606,64.55598455598455
241,ChIJcYOcYgfixUcRPZVOycRBMN0,Apple Inn Hotel,14.958652039344353,29.166533021785607,28.60323084901492,Valeriusbuurt-Oost,Willemspark,POINT (4.8657056999999995 52.353751499999994),"POLYGON((4.863492 52.353257,4.864574 52.351727,4.865342 52.351928,4.866079 52.350898,4.87039 52.352044,4.870566 52.352072,4.870409 52.35254,4.870076 52.353005,4.869945 52.353088,4.869795 52.353183,4.869043 52.354164,4.868916 52.354367,4.868163 52.355321,4.867979 52.355269,4.867906 52.354981,4.867914 52.354835,4.867869 52.354691,4.867813 52.354604,4.867738 52.354528,4.867645 52.35446,4.867535 52.354402,4.867387 52.354348,4.866873 52.35421,4.86634 52.354102,4.865757 52.353939,4.865044 52.353717,4.864069 52.353534,4.863978 52.353492,4.863901 52.353429,4.863714 52.353316,4.863492 52.353257))",95.00805788521623,9178.216466589924,50048.5109905169,Medium,High,High,Low,Low,Low,Medium AC + Low Pressure (Opportunity),High AC + Low Pressure (Potential),High AC + Low Pressure (Potential),1003,7,134,393,0.6979062811565304,13.359920239282152,39.18245264207378
242,ChIJd58vDYUJxkcROi91FSo3Wz0,Pestana Amsterdam Riverside,22.325038859491425,25.80648307298199,27.213576777655906,Willibrordusbuurt,Nieuwe Pijp,POINT (4.9071055 52.353393999999994),"POLYGON((4.901246 52.354828,4.901626 52.354327,4.901999 52.353916,4.902547 52.353258,4.902665 52.353067,4.902823 52.352776,4.903033 52.352171,4.904176 52.352373,4.905214 52.352607,4.908364 52.35339,4.906552 52.355385,4.906056 52.356169,4.904997 52.355994,4.904811 52.355952,4.901246 52.354828))",1500.851669133366,15826.16132215096,45431.42125746861,High,High,High,Medium,Low,Low,High AC + Medium Pressure (Manageable),High AC + Low Pressure (Potential),High AC + Low Pressure (Potential),2365,47,350,717,1.9873150105708246,14.799154334038056,30.31712473572939
243,ChIJdQjy2QbixUcRttmN6ZokN_M,Aadam Wilhelmina Hotel,13.759535346410493,27.67712973656519,29.064445507320748,Valeriusbuurt-West,Willemspark,POINT (4.861807 52.3527042),"POLYGON((4.856607 52.351522,4.856757 52.351263,4.857413 52.349831,4.860918 52.350766,4.861583 52.349728,4.865303 52.350694,4.866079 52.350898,4.865342 52.351928,4.864574 52.351727,4.863492 52.353257,4.863279 52.3532,4.862841 52.353205,4.8627 52.353165,4.862204 52.352979,4.861586 52.352808,4.860696 52.352599,4.859636 52.352281,4.858341 52.351978,4.856889 52.351603,4.856607 52.351522))",376.4525571452063,9883.262950172668,38507.6953900126,Medium,High,High,Low,Low,Low,Medium AC + Low Pressure (Opportunity),High AC + Low Pressure (Potential),High AC + Low Pressure (Potential),649,5,69,195,0.7704160246533128,10.631741140215716,30.0462249614792
244,ChIJd_OCz8cJxkcRuDm1vW7Mm2k,WestCord City Centre Hotel Amsterdam,7.714498197123529,22.469229989777446,25.01694437855803,Spuistraat-Noord,Burgwallen-Nieuwe Zijde,POINT (4.893757 52.3765734),"POLYGON((4.888855 52.37326,4.890589 52.373174,4.89065 52.373392,4.89088 52.373892,4.890938 52.373991,4.891352 52.374452,4.891756 52.374874,4.891934 52.375074,4.892069 52.375192,4.89245 52.375459,4.893582 52.376221,4.8942 52.376609,4.892082 52.377032,4.891315 52.376324,4.891181 52.376192,4.889673 52.37482,4.889303 52.374462,4.88926 52.374309,4.888909 52.37344,4.888855 52.37326))",9665.350216521405,65802.08068848326,108716.73885874033,Low,Low,Low,High,High,Medium,Low AC + High Pressure (Critical),Low AC + High Pressure (Critical),Low AC + Medium Pressure (Monitor),2604,240,1374,1764,9.216589861751153,52.764976958525345,67.74193548387096
245,ChIJdb7CfLgJxkcRcdw3bBJvV4g,Travel Hotel Amsterdam,8.400503727685573,24.625900454853955,24.841527115221638,Oude Kerk e.o.,Burgwallen-Oude Zijde,POINT (4.8968565 52.374766),"POLYGON((4.893011 52.372707,4.893836 52.372536,4.894821 52.372199,4.895876 52.37186,4.896856 52.372674,4.898724 52.374116,4.899014 52.374374,4.899406 52.374749,4.899233 52.374789,4.898001 52.375238,4.897889 52.37516,4.89708 52.375505,4.896473 52.375764,4.894364 52.374067,4.893565 52.373489,4.893299 52.3732,4.893011 52.372707))",17690.46763142027,64286.74236693526,109846.24677958668,Low,Medium,Low,High,High,High,Low AC + High Pressure (Critical),Medium AC + High Pressure (Caution),Low AC + High Pressure (Critical),1361,385,861,1041,28.288023512123438,63.262307127112415,76.48787656135194
246,ChIJdbUywL8JxkcRAESeA4oWikU,Amsterdam House Hotel,20.24241331770108,23.048746060209062,25.966957100075533,Zuiderkerkbuurt,Nieuwmarkt/Lastage,POINT (4.8964511 52.3677855),"POLYGON((4.895268 52.367368,4.896077 52.367379,4.897128 52.367428,4.89725 52.367428,4.898242 52.36732,4.898704 52.367838,4.898985 52.368033,4.900086 52.369039,4.900176 52.369076,4.900306 52.369179,4.900642 52.369295,4.900947 52.369524,4.901011 52.369548,4.901121 52.369622,4.900908 52.369712,4.900785 52.369877,4.90069 52.370119,4.900435 52.371851,4.900439 52.371992,4.900467 52.372089,4.899857 52.372224,4.899295 52.371577,4.898755 52.370995,4.896366 52.368497,4.896231 52.368291,4.895786 52.367811,4.895474 52.367498,4.895372 52.367424,4.895268 52.367368))",3272.418352244696,62916.637285534176,132127.9770871019,High,Medium,Medium,Medium,High,High,High AC + Medium Pressure (Manageable),Medium AC + High Pressure (Caution),Medium AC + High Pressure (Caution),711,66,396,572,9.282700421940929,55.69620253164557,80.45007032348805
247,ChIJdzfu_84JxkcRSVHjW6PP_2A,Il Fiore,13.552762495756873,20.53675856272081,25.471631644308257,Anjeliersbuurt-Noord,Jordaan,POINT (4.8870586 52.3804008),"POLYGON((4.879183 52.377706,4.879359 52.377669,4.887129 52.379096,4.888166 52.380216,4.888437 52.380522,4.88807 52.380728,4.880367 52.379582,4.879183 52.377706))",5356.095982020501,31478.180946116318,94185.0279559283,Medium,Low,Low,Medium,Medium,Medium,Medium AC + Medium Pressure (Balanced),Low AC + Medium Pressure (Monitor),Low AC + Medium Pressure (Monitor),1603,77,281,627,4.8034934497816595,17.52963194011229,39.11416094822208
248,ChIJe3oxktMLxkcRU1_gZsP0cYQ,Ruby Emma Hotel & Bar,27.42014857009239,18.90639156716408,27.960531428077402,Amstelkwartier-Noord,Omval/Overamstel,POINT (4.9210623 52.3383204),"POLYGON((4.911799 52.33946,4.915213 52.334666,4.919551 52.335801,4.919362 52.336043,4.920197 52.336274,4.920289 52.336431,4.919495 52.336699,4.920262 52.337616,4.922171 52.338297,4.922012 52.338464,4.920873 52.340176,4.919978 52.341634,4.919584 52.342322,4.919458 52.342578,4.914969 52.341862,4.914868 52.341601,4.914681 52.34134,4.914375 52.340939,4.914047 52.340578,4.913602 52.340278,4.913194 52.340035,4.912624 52.339734,4.912015 52.339516,4.911799 52.33946))",22.489722085183345,195.80337663761406,3748.885928849421,High,Low,High,Low,Low,Low,High AC + Low Pressure (Potential),Low AC + Low Pressure (Limited Interest),High AC + Low Pressure (Potential),3824,6,30,97,0.15690376569037656,0.7845188284518828,2.536610878661088
249,ChIJe7jfCMUJxkcRHcGN2FwaoxY,Hotel Sebastians,5.9307860016094525,22.470358419581732,25.451926984173323,Langestraat e.o.,Grachtengordel-West,POINT (4.890007499999999 52.3791012),"POLYGON((4.886206 52.378089,4.889543 52.376955,4.8899 52.376899,4.891315 52.376324,4.892082 52.377032,4.893914 52.378696,4.894004 52.378766,4.893684 52.378901,4.893526 52.378945,4.892009 52.379265,4.89172 52.37927,4.890239 52.379599,4.890134 52.379632,4.889848 52.379731,4.888437 52.380522,4.888166 52.380216,4.887129 52.379096,4.886206 52.378089))",4500.711231705312,47184.901880173216,98985.67587567834,Low,Low,Low,Medium,Medium,Medium,Low AC + Medium Pressure (Monitor),Low AC + Medium Pressure (Monitor),Low AC + Medium Pressure (Monitor),1051,94,454,673,8.943862987630828,43.19695528068506,64.03425309229306
250,ChIJed4tCcUJxkcR1hjiXTClYTw,The Toren,7.712634088435013,23.71959248994179,25.085134680316855,Leliegracht e.o.,Grachtengordel-West,POINT (4.8859642 52.3758754),"POLYGON((4.883069 52.373992,4.883385 52.374065,4.885158 52.373998,4.88539 52.373977,4.885558 52.373934,4.885708 52.373881,4.885833 52.373823,4.886299 52.373571,4.886468 52.373506,4.88666 52.373456,4.886906 52.37342,4.888855 52.37326,4.888909 52.37344,4.88926 52.374309,4.889303 52.374462,4.889673 52.37482,4.891181 52.376192,4.891315 52.376324,4.8899 52.376899,4.889543 52.376955,4.886206 52.378089,4.884779 52.37653,4.883155 52.374752,4.883134 52.374679,4.883069 52.373992))",5006.721098503535,64825.649838294135,116355.53593159019,Low,Medium,Low,Medium,High,High,Low AC + Medium Pressure (Monitor),Medium AC + High Pressure (Caution),Low AC + High Pressure (Critical),1129,119,512,723,10.54030115146147,45.34986713906112,64.03897254207263
251,ChIJedtfqpYJxkcRt9dvycWFk2g,House of Freddy,21.62696976080021,22.854976858195737,26.513649066521477,Utrechtsebuurt-Zuid,De Weteringschans,POINT (4.9002115 52.3612446),"POLYGON((4.896088 52.36162,4.896181 52.360253,4.901194 52.361227,4.903351 52.361656,4.90277 52.362805,4.896517 52.361667,4.896345 52.361641,4.896088 52.36162))",1115.9349887628127,26582.237132050646,114103.109192567,High,Low,Medium,Low,Medium,High,High AC + Low Pressure (Potential),Low AC + Medium Pressure (Monitor),Medium AC + High Pressure (Caution),312,4,72,209,1.282051282051282,23.076923076923077,66.98717948717949
252,ChIJexX30ecJxkcRTiP1T7f21wQ,Weber Hotel,25.48345824637553,25.38563866534037,27.172478155928886,Leidsebuurt-Zuidwest,De Weteringschans,POINT (4.8802743 52.3648862),"POLYGON((4.879225 52.364925,4.879218 52.364778,4.879231 52.364631,4.879264 52.364487,4.879317 52.364344,4.879359 52.364259,4.879421 52.364179,4.879496 52.364109,4.879604 52.364039,4.879781 52.363963,4.880062 52.363888,4.88026 52.363825,4.880543 52.36371,4.880708 52.363627,4.880851 52.363543,4.881121 52.363362,4.881236 52.36327,4.882589 52.363906,4.882979 52.364242,4.88258 52.36452,4.882294 52.364385,4.881799 52.36474,4.881681 52.364682,4.880873 52.365286,4.880719 52.365427,4.8801 52.365211,4.879225 52.364925))",4989.010524584772,52507.941402181656,131860.87693909992,High,High,High,Medium,Medium,High,High AC + Medium Pressure (Manageable),High AC + Medium Pressure (Manageable),High AC + High Pressure (Stress),814,65,280,605,7.985257985257984,34.3980343980344,74.32432432432432
253,ChIJf-ETabkJxkcRnjwYhBCoeos,Studioboom,9.665375446965028,24.2850008807065,24.2235197600007,Nieuwmarkt,Nieuwmarkt/Lastage,POINT (4.901288999999999 52.373256999999995),"POLYGON((4.900936 52.373494,4.900708 52.373018,4.900551 52.373044,4.900369 52.373035,4.900247 52.373008,4.900166 52.372968,4.900099 52.37291,4.899686 52.372341,4.899667 52.372276,4.899857 52.372224,4.900467 52.372089,4.900439 52.371992,4.900435 52.371851,4.90069 52.370119,4.900785 52.369877,4.900908 52.369712,4.901121 52.369622,4.901635 52.369967,4.902152 52.370282,4.904813 52.371415,4.904238 52.371761,4.901354 52.37337,4.900936 52.373494))",11295.700926382722,60985.35317656087,108764.24162692539,Low,Medium,Low,High,High,Medium,Low AC + High Pressure (Critical),Medium AC + High Pressure (Caution),Low AC + Medium Pressure (Monitor),34,7,18,23,20.588235294117645,52.94117647058824,67.64705882352942
254,ChIJf57M6r8JxkcRe_-cjM0JzfY,Hotel Nes Amsterdam,20.33500968297687,23.04314265663424,25.950504863426943,Zuiderkerkbuurt,Nieuwmarkt/Lastage,POINT (4.8962870999999994 52.3679488),"POLYGON((4.895268 52.367368,4.896077 52.367379,4.897128 52.367428,4.89725 52.367428,4.898242 52.36732,4.898704 52.367838,4.898985 52.368033,4.900086 52.369039,4.900176 52.369076,4.900306 52.369179,4.900642 52.369295,4.900947 52.369524,4.901011 52.369548,4.901121 52.369622,4.900908 52.369712,4.900785 52.369877,4.90069 52.370119,4.900435 52.371851,4.900439 52.371992,4.900467 52.372089,4.899857 52.372224,4.899295 52.371577,4.898755 52.370995,4.896366 52.368497,4.896231 52.368291,4.895786 52.367811,4.895474 52.367498,4.895372 52.367424,4.895268 52.367368))",3242.364304116647,62915.82645398235,132127.9770871019,High,Medium,Medium,Medium,High,High,High AC + Medium Pressure (Manageable),Medium AC + High Pressure (Caution),Medium AC + High Pressure (Caution),1137,137,649,940,12.049252418645558,57.080035180299035,82.67370272647318
255,ChIJfQr69MQJxkcRkDnL5HEY5X8,Nadia Hotel,9.65216498012099,23.966306390841265,25.28642669783614,Felix Meritisbuurt,Grachtengordel-West,POINT (4.8855932 52.3737566),"POLYGON((4.882614 52.368932,4.884411 52.368862,4.886623 52.368792,4.887279 52.368762,4.887679 52.368756,4.88784 52.368764,4.887828 52.368803,4.888126 52.370301,4.888509 52.372324,4.888766 52.373038,4.888822 52.373147,4.888855 52.37326,4.886906 52.37342,4.88666 52.373456,4.886468 52.373506,4.886299 52.373571,4.885833 52.373823,4.885708 52.373881,4.885558 52.373934,4.88539 52.373977,4.885158 52.373998,4.883385 52.374065,4.883069 52.373992,4.882614 52.368932))",4924.90692320342,62448.213670997095,120380.11730526776,Low,Medium,Low,Medium,High,High,Low AC + Medium Pressure (Monitor),Medium AC + High Pressure (Caution),Low AC + High Pressure (Critical),2341,175,1124,1677,7.4754378470739,48.01366937206322,71.63605296881674
256,ChIJfRmS3DcJxkcR1HiuJVvsbQE,Jan Luyken Amsterdam,9.99017777366174,25.286029323504522,27.51246852702173,P.C. Hooftbuurt,Museumkwartier,POINT (4.8811608 52.359857399999996),"POLYGON((4.877154 52.360101,4.878568 52.358153,4.883359 52.359432,4.883405 52.35945,4.883482 52.359496,4.883536 52.359554,4.883563 52.359618,4.883561 52.359684,4.883273 52.360145,4.883226 52.36029,4.884275 52.360568,4.884488 52.360643,4.88465 52.360727,4.885386 52.361236,4.884404 52.361727,4.884235 52.361794,4.884046 52.361849,4.883846 52.361888,4.883639 52.36191,4.882635 52.361928,4.882511 52.361938,4.882398 52.361957,4.882324 52.361581,4.882398 52.361478,4.880494 52.360974,4.880378 52.36092,4.877922 52.360277,4.877154 52.360101))",6149.2798881762865,44284.957901660906,105169.99901332016,Low,High,High,High,Medium,Medium,Low AC + High Pressure (Critical),High AC + Medium Pressure (Manageable),High AC + Medium Pressure (Manageable),1098,155,548,735,14.116575591985429,49.90892531876138,66.93989071038251
257,ChIJfS3dEe0JxkcRJdk1FRs-1WA,Blossoms City Hotel,15.88031831827143,23.57584673347808,27.793163166607172,Frans Halsbuurt,Oude Pijp,POINT (4.8905527 52.3579502),"POLYGON((4.886724 52.358732,4.886603 52.357267,4.886582 52.356853,4.886698 52.355295,4.889074 52.355163,4.890417 52.355436,4.890464 52.355579,4.890843 52.357948,4.89088 52.358369,4.890655 52.358397,4.890437 52.358432,4.890216 52.358479,4.890008 52.358532,4.889807 52.358594,4.889605 52.358667,4.889405 52.358752,4.889253 52.358828,4.888931 52.359019,4.888644 52.35923,4.888412 52.359441,4.888292 52.359585,4.888175 52.359705,4.88795 52.359896,4.887686 52.360074,4.887389 52.360232,4.886964 52.359925,4.886795 52.359601,4.886724 52.358732))",5099.351751356684,46334.51285424546,106884.14712492462,Medium,Medium,High,Medium,Medium,Medium,Medium AC + Medium Pressure (Balanced),Medium AC + Medium Pressure (Balanced),High AC + Medium Pressure (Manageable),795,50,279,473,6.289308176100629,35.094339622641506,59.496855345911946
258,ChIJfxFQBJQJxkcRMuO35g8DUHg,Hotel Dwars Amsterdam,18.46190370252096,22.928835250663056,26.535969575918255,Utrechtsebuurt-Zuid,De Weteringschans,POINT (4.899627 52.361674),"POLYGON((4.896088 52.36162,4.896181 52.360253,4.901194 52.361227,4.903351 52.361656,4.90277 52.362805,4.896517 52.361667,4.896345 52.361641,4.896088 52.36162))",1225.6710519103215,32026.72964972866,121791.00559118565,Medium,Low,Medium,Medium,Medium,High,Medium AC + Medium Pressure (Balanced),Low AC + Medium Pressure (Monitor),Medium AC + High Pressure (Caution),329,18,108,250,5.47112462006079,32.82674772036474,75.98784194528876
259,ChIJg1D4lsQJxkcRJUQLm1-19hE,ibis Styles Amsterdam Amstel,24.487928457543433,23.978695963083513,26.542855653467797,Hemonybuurt,Oude Pijp,POINT (4.900541 52.357585799999995),"POLYGON((4.899246 52.3581,4.899333 52.357704,4.899795 52.356662,4.901246 52.354828,4.904811 52.355952,4.904997 52.355994,4.906056 52.356169,4.90489 52.358751,4.904634 52.359212,4.904 52.359049,4.901674 52.358595,4.899246 52.3581))",2909.274187359535,27383.23861207038,84885.6082881105,High,Medium,Medium,Medium,Medium,Medium,High AC + Medium Pressure (Manageable),Medium AC + Medium Pressure (Balanced),Medium AC + Medium Pressure (Balanced),345,10,72,193,2.898550724637681,20.869565217391305,55.94202898550724
260,ChIJg7ICg5cJxkcRCIT2umWTRe0,Zoku Amsterdam,12.459719293831228,24.707013074854874,25.452762422599424,Weesperbuurt,Weesperbuurt/Plantage,POINT (4.906733099999999 52.363792499999995),"POLYGON((4.901217 52.365779,4.901557 52.365162,4.90277 52.362805,4.903351 52.361656,4.903415 52.36153,4.905117 52.361852,4.905049 52.361987,4.91078 52.363092,4.914224 52.363769,4.914387 52.363945,4.913342 52.364287,4.91126 52.365003,4.91055 52.365256,4.908877 52.365816,4.908245 52.365698,4.908099 52.365987,4.907931 52.366112,4.907733 52.366227,4.907553 52.366307,4.90736 52.366375,4.90722 52.366413,4.906323 52.366618,4.906116 52.366765,4.906035 52.366726,4.905631 52.366613,4.901835 52.36589,4.901217 52.365779))",213.7811763416104,24275.39971495916,104977.64709751685,Low,Medium,Low,Low,Medium,Medium,Low AC + Low Pressure (Limited Interest),Medium AC + Medium Pressure (Balanced),Low AC + Medium Pressure (Monitor),8910,88,1405,4374,0.9876543209876543,15.768799102132435,49.09090909090909
261,ChIJg8bf-sIJxkcRsvcYZBHfZ14,The Dylan Amsterdam,10.276972905330242,22.66107436325092,25.908194945287544,Felix Meritisbuurt,Grachtengordel-West,POINT (4.8842114 52.369358999999996),"POLYGON((4.882614 52.368932,4.884411 52.368862,4.886623 52.368792,4.887279 52.368762,4.887679 52.368756,4.88784 52.368764,4.887828 52.368803,4.888126 52.370301,4.888509 52.372324,4.888766 52.373038,4.888822 52.373147,4.888855 52.37326,4.886906 52.37342,4.88666 52.373456,4.886468 52.373506,4.886299 52.373571,4.885833 52.373823,4.885708 52.373881,4.885558 52.373934,4.88539 52.373977,4.885158 52.373998,4.883385 52.374065,4.883069 52.373992,4.882614 52.368932))",7671.573096530176,67993.88801184016,137281.1982130132,Low,Low,Medium,High,High,High,Low AC + High Pressure (Critical),Low AC + High Pressure (Critical),Medium AC + High Pressure (Caution),2164,179,815,1370,8.271719038817006,37.66173752310536,63.30868761552681
262,ChIJg9G09_oJxkcR9tRhifCCPfA,De Ware Jacob Boutique Hotel,15.313492246019289,23.289862959684594,28.559300827617033,Hondecoeterbuurt,Museumkwartier,POINT (4.876926399999999 52.354096399999996),"POLYGON((4.876249 52.354804,4.877931 52.352404,4.877493 52.351472,4.879053 52.351194,4.879105 52.351305,4.879146 52.351362,4.87923 52.351439,4.879337 52.351506,4.882137 52.352685,4.882293 52.352768,4.882459 52.352889,4.882336 52.352944,4.882264 52.352987,4.882146 52.353087,4.88172 52.353691,4.880392 52.355517,4.879992 52.356138,4.879341 52.355965,4.879177 52.355902,4.879022 52.355816,4.878443 52.355433,4.878337 52.355376,4.878224 52.355332,4.876249 52.354804))",349.5938168064463,25814.768294688372,68193.74264101298,Medium,Medium,High,Low,Medium,Low,Medium AC + Low Pressure (Opportunity),Medium AC + Medium Pressure (Balanced),High AC + Low Pressure (Potential),163,6,50,84,3.6809815950920246,30.67484662576687,51.533742331288344
263,ChIJg9ZQX8YJxkcRsirq571fdx8,Hotel Tamara,12.044067922630122,22.187290635368225,25.524230118711394,Spuistraat-Noord,Burgwallen-Nieuwe Zijde,POINT (4.891432399999999 52.374868799999994),"POLYGON((4.888855 52.37326,4.890589 52.373174,4.89065 52.373392,4.89088 52.373892,4.890938 52.373991,4.891352 52.374452,4.891756 52.374874,4.891934 52.375074,4.892069 52.375192,4.89245 52.375459,4.893582 52.376221,4.8942 52.376609,4.892082 52.377032,4.891315 52.376324,4.891181 52.376192,4.889673 52.37482,4.889303 52.374462,4.88926 52.374309,4.888909 52.37344,4.888855 52.37326))",15757.790494984378,73866.85769884339,112578.21767253193,Low,Low,Medium,High,High,High,Low AC + High Pressure (Critical),Low AC + High Pressure (Critical),Medium AC + High Pressure (Caution),432,63,248,327,14.583333333333334,57.407407407407405,75.69444444444444
264,ChIJgYCiu5kLxkcRPQIZ1Wezozs,"Holiday Inn Express Amsterdam - Arena Towers, an IHG Hotel",16.84004941589114,22.372040046711174,21.875744019283022,Amstel III deel A/B-Noord,Amstel III/Bullewijk,POINT (4.94102 52.309601),"POLYGON((4.937991 52.310475,4.939838 52.308461,4.940318 52.307977,4.940496 52.307729,4.940716 52.307361,4.940771 52.307252,4.940972 52.306767,4.941054 52.306618,4.941156 52.306468,4.942191 52.305301,4.944159 52.303149,4.944455 52.302775,4.944778 52.302259,4.945144 52.301804,4.947118 52.29965,4.955402 52.302497,4.955332 52.302577,4.95506 52.302809,4.953137 52.304959,4.952491 52.305706,4.952096 52.306078,4.951546 52.306643,4.947751 52.310545,4.947509 52.310809,4.946359 52.312063,4.942527 52.310729,4.941598 52.311684,4.937991 52.310475))",0.5336293372800505,27924.42246341062,33625.51022309927,Medium,Low,Low,Low,Medium,Low,Medium AC + Low Pressure (Opportunity),Low AC + Medium Pressure (Monitor),Low AC + Low Pressure (Limited Interest),8212,2,2015,2198,0.024354603019970774,24.537262542620557,26.765708718947884
265,ChIJgcwage8JxkcRB7M88hwsn70,Hotel Van Gogh,8.663422765412179,26.11133602337492,28.333259123666505,P.C. Hooftbuurt,Museumkwartier,POINT (4.880069499999999 52.3592489),"POLYGON((4.877154 52.360101,4.878568 52.358153,4.883359 52.359432,4.883405 52.35945,4.883482 52.359496,4.883536 52.359554,4.883563 52.359618,4.883561 52.359684,4.883273 52.360145,4.883226 52.36029,4.884275 52.360568,4.884488 52.360643,4.88465 52.360727,4.885386 52.361236,4.884404 52.361727,4.884235 52.361794,4.884046 52.361849,4.883846 52.361888,4.883639 52.36191,4.882635 52.361928,4.882511 52.361938,4.882398 52.361957,4.882324 52.361581,4.882398 52.361478,4.880494 52.360974,4.880378 52.36092,4.877922 52.360277,4.877154 52.360101))",12346.3362933728,44844.02483144219,88448.00707120539,Low,High,High,High,Medium,Medium,Low AC + High Pressure (Critical),High AC + Medium Pressure (Manageable),High AC + Medium Pressure (Manageable),2561,419,1244,1603,16.36079656384225,48.57477547832878,62.59273721202655
266,ChIJgdC4UtsJxkcRvz8jkC_kpD0,Hotel Mercier,13.045748239996374,24.484536964839727,24.93850926518502,Elandsgrachtbuurt,Jordaan,POINT (4.8821837 52.3731217),"POLYGON((4.876314 52.372314,4.876179 52.371903,4.876207 52.371843,4.878296 52.368852,4.879075 52.367745,4.882209 52.368764,4.88228 52.368767,4.882603 52.368756,4.882614 52.368932,4.883069 52.373992,4.876314 52.372314))",5226.579838842295,55173.45206380529,121827.24475141149,Low,Medium,Low,Medium,High,High,Low AC + Medium Pressure (Monitor),Medium AC + High Pressure (Caution),Low AC + High Pressure (Critical),1246,127,474,799,10.192616372391655,38.04173354735153,64.12520064205457
267,ChIJgft5wecJxkcRHkCsWo-OyuI,Hotel de Paris,25.15579313360873,25.73671808826688,26.82843320131339,Marnixbuurt-Zuid,Jordaan,POINT (4.8797505999999995 52.365746699999995),"POLYGON((4.876809 52.368503,4.877088 52.368108,4.877199 52.367898,4.877265 52.367702,4.877319 52.367301,4.877349 52.367183,4.877431 52.366953,4.877518 52.366772,4.877726 52.366588,4.877889 52.366466,4.878137 52.36631,4.878397 52.366173,4.878534 52.366081,4.878701 52.365947,4.878817 52.365834,4.87896 52.365663,4.87907 52.365501,4.879136 52.365382,4.879186 52.365261,4.879219 52.365126,4.879232 52.364988,4.879225 52.364925,4.8801 52.365211,4.880719 52.365427,4.880913 52.365493,4.880867 52.365538,4.880491 52.366061,4.880247 52.366345,4.880024 52.366646,4.879889 52.36661,4.879075 52.367745,4.878296 52.368852,4.877616 52.368712,4.876809 52.368503))",2256.6328454749764,54236.77087101901,133085.6582250726,High,High,Medium,Medium,Medium,High,High AC + Medium Pressure (Manageable),High AC + Medium Pressure (Manageable),Medium AC + High Pressure (Caution),785,43,352,653,5.477707006369427,44.840764331210195,83.18471337579618
268,ChIJgzFaC7gJxkcRMFokH50MNNU,Orange Tulip Hotel,9.190154630514167,24.114407687541235,25.36172837507802,Nieuwendijk-Noord,Burgwallen-Nieuwe Zijde,POINT (4.8965055 52.3761094),"POLYGON((4.893582 52.376221,4.8951 52.376206,4.895342 52.376181,4.895472 52.376156,4.895622 52.376115,4.895702 52.376036,4.896266 52.375819,4.896473 52.375764,4.89708 52.375505,4.899141 52.376971,4.899692 52.377303,4.898867 52.377741,4.898667 52.378012,4.898562 52.378122,4.898442 52.378227,4.898062 52.378505,4.897931 52.378579,4.897713 52.378678,4.896895 52.378001,4.895954 52.377792,4.89585 52.377757,4.895748 52.377712,4.895663 52.377661,4.895584 52.3776,4.895104 52.377147,4.894966 52.37704,4.894775 52.376916,4.894422 52.376738,4.8942 52.376609,4.893582 52.376221))",9448.372362001863,64303.99490215425,104316.33464890643,Low,Medium,Low,High,High,Medium,Low AC + High Pressure (Critical),Medium AC + High Pressure (Caution),Low AC + Medium Pressure (Monitor),227,39,133,173,17.180616740088105,58.590308370044056,76.2114537444934
269,ChIJh5PbRsEJxkcRtfcmPngIu_U,Nova Hotel,19.226542170849434,21.85019471269678,25.683394858527485,Spuistraat-Zuid,Burgwallen-Nieuwe Zijde,POINT (4.8900118 52.371207999999996),"POLYGON((4.888855 52.37326,4.888822 52.373147,4.888766 52.373038,4.888509 52.372324,4.888126 52.370301,4.887828 52.368803,4.88784 52.368764,4.887851 52.368726,4.88806 52.368499,4.88854 52.36813,4.889018 52.368517,4.889104 52.368601,4.889189 52.368703,4.889254 52.368804,4.889303 52.368908,4.889353 52.36935,4.88951 52.36971,4.889708 52.370094,4.890062 52.370551,4.8902 52.370688,4.890319 52.370838,4.890595 52.371316,4.890643 52.371422,4.890671 52.37153,4.890679 52.371644,4.890646 52.372251,4.890605 52.372643,4.890573 52.372947,4.890589 52.373174,4.888855 52.37326))",15905.362330757003,81792.86043962068,128286.90144164884,Medium,Low,Medium,High,High,High,Medium AC + High Pressure (Caution),Low AC + High Pressure (Critical),Medium AC + High Pressure (Caution),2048,247,1217,1626,12.060546875,59.423828125,79.39453125
270,ChIJh5o5LeEJxkcRKZspwSUZSNE,Hotel Mosaic,28.524376462782776,27.523448784311483,27.664175519481677,WG-terrein,Helmersbuurt,POINT (4.8733686 52.36517),"POLYGON((4.866713 52.363783,4.868169 52.36168,4.867465 52.36149,4.867916 52.360833,4.86833 52.36093,4.86899 52.361102,4.873627 52.362323,4.875293 52.362751,4.873352 52.36555,4.871984 52.365147,4.871477 52.364988,4.869473 52.364437,4.866713 52.363783))",3474.1370388642213,43334.6057665954,101690.84673573425,High,High,High,Medium,Medium,Medium,High AC + Medium Pressure (Manageable),High AC + Medium Pressure (Manageable),High AC + Medium Pressure (Manageable),1270,58,463,828,4.566929133858268,36.45669291338582,65.19685039370079
271,ChIJh5sG0ecJxkcRBNdP2z2Wv_o,Hotel Leidsegracht,23.47774798430778,25.26029434139457,27.2300617707588,Leidsebuurt-Zuidwest,De Weteringschans,POINT (4.8804205 52.3651184),"POLYGON((4.879225 52.364925,4.879218 52.364778,4.879231 52.364631,4.879264 52.364487,4.879317 52.364344,4.879359 52.364259,4.879421 52.364179,4.879496 52.364109,4.879604 52.364039,4.879781 52.363963,4.880062 52.363888,4.88026 52.363825,4.880543 52.36371,4.880708 52.363627,4.880851 52.363543,4.881121 52.363362,4.881236 52.36327,4.882589 52.363906,4.882979 52.364242,4.88258 52.36452,4.882294 52.364385,4.881799 52.36474,4.881681 52.364682,4.880873 52.365286,4.880719 52.365427,4.8801 52.365211,4.879225 52.364925))",5488.7533300444,59391.11352299512,137591.979608617,High,High,High,Medium,High,High,High AC + Medium Pressure (Manageable),High AC + High Pressure (Stress),High AC + High Pressure (Stress),347,42,137,260,12.103746397694524,39.481268011527376,74.92795389048992
272,ChIJhRCxdcgJxkcRh8CJXVuOrEY,Renaissance Amsterdam Hotel,9.821935977251217,21.928971252696122,24.771043723174774,Hemelrijk,Burgwallen-Nieuwe Zijde,POINT (4.894681299999999 52.377711399999995),"POLYGON((4.892082 52.377032,4.8942 52.376609,4.894422 52.376738,4.894775 52.376916,4.894966 52.37704,4.895104 52.377147,4.895584 52.3776,4.895663 52.377661,4.895748 52.377712,4.89585 52.377757,4.895954 52.377792,4.896895 52.378001,4.897713 52.378678,4.897528 52.378761,4.895468 52.379856,4.895194 52.379624,4.894341 52.37903,4.894004 52.378766,4.893914 52.378696,4.892082 52.377032))",8835.404483911636,63593.82727621553,103606.57046538398,Low,Low,Low,High,High,Medium,Low AC + High Pressure (Critical),Low AC + High Pressure (Critical),Low AC + Medium Pressure (Monitor),6528,488,2760,3746,7.4754901960784315,42.279411764705884,57.38357843137255
273,ChIJhV0wqucJxkcRk9z5peSM_0k,Jupiter Hotel,31.410204003687735,27.63468446268226,27.412959220271116,Helmersbuurt-Oost,Helmersbuurt,POINT (4.8777928 52.365001199999995),"POLYGON((4.873352 52.36555,4.875293 52.362751,4.876435 52.363055,4.878869 52.363804,4.878712 52.363996,4.878642 52.364129,4.879317 52.364344,4.879264 52.364487,4.879231 52.364631,4.879218 52.364778,4.879225 52.364925,4.879232 52.364988,4.879219 52.365126,4.879186 52.365261,4.879136 52.365382,4.87907 52.365501,4.87896 52.365663,4.878817 52.365834,4.878701 52.365947,4.878534 52.366081,4.878397 52.366173,4.878137 52.36631,4.877889 52.366466,4.877726 52.366588,4.877518 52.366772,4.873352 52.36555))",1076.815929397577,45968.255550074,108640.55709039082,High,High,High,Low,Medium,Medium,High AC + Low Pressure (Potential),High AC + Medium Pressure (Manageable),High AC + Medium Pressure (Manageable),730,18,269,497,2.4657534246575343,36.84931506849315,68.08219178082192
274,ChIJhX5FGgDjxUcRv2Kk8PJWidg,Hotel Fogo Amsterdam,25.733057508891605,27.600249964297902,26.19792961957112,Bedrijvenpark Lutkemeer,Lutkemeer/Ookmeer,POINT (4.7729615 52.3561121),"POLYGON((4.758482 52.371096,4.758448 52.370961,4.75799 52.369243,4.75649 52.363902,4.75548 52.360395,4.755103 52.359038,4.754908 52.358387,4.754844 52.357911,4.754947 52.357222,4.75511 52.356835,4.755321 52.35654,4.75569 52.356153,4.756113 52.355833,4.756659 52.355523,4.757337 52.355206,4.758087 52.354919,4.762129 52.353343,4.767399 52.351272,4.767555 52.351434,4.768773 52.35261,4.770086 52.353929,4.770282 52.354081,4.770461 52.354195,4.77066 52.354299,4.770859 52.354388,4.771097 52.354474,4.771376 52.354553,4.771959 52.354676,4.772244 52.354752,4.772489 52.354827,4.772744 52.354922,4.773167 52.355124,4.773482 52.355303,4.773775 52.355495,4.774044 52.3557,4.775174 52.356656,4.775676 52.357128,4.7759 52.357282,4.776028 52.357331,4.776102 52.357349,4.776256 52.357369,4.776491 52.357371,4.777285 52.357227,4.777455 52.357201,4.777576 52.357195,4.777727 52.357212,4.777878 52.357244,4.778013 52.357288,4.778124 52.357339,4.778289 52.357433,4.778491 52.357568,4.778606 52.357654,4.778795 52.35782,4.780832 52.359739,4.781658 52.360511,4.780371 52.361028,4.780276 52.361805,4.780259 52.362215,4.780556 52.362912,4.780444 52.36379,4.778849 52.365461,4.778794 52.365495,4.778614 52.365562,4.778454 52.365598,4.776224 52.365815,4.775329 52.36618,4.774992 52.366273,4.774789 52.36631,4.774598 52.366334,4.774367 52.366349,4.772545 52.366427,4.772272 52.366399,4.771946 52.366382,4.771752 52.36638,4.771454 52.36639,4.770984 52.366433,4.770457 52.366389,4.77015 52.366379,4.769835 52.366381,4.769662 52.366388,4.769214 52.366425,4.768693 52.366505,4.767992 52.366537,4.762535 52.369087,4.762336 52.369436,4.762252 52.369519,4.762122 52.3696,4.758482 52.371096))",178.20226936359154,641.3977415995176,2549.3912185495806,High,High,Medium,Low,Low,Low,High AC + Low Pressure (Potential),High AC + Low Pressure (Potential),Medium AC + Low Pressure (Opportunity),128,7,13,19,5.46875,10.15625,14.84375
275,ChIJhd_mnOgJxkcRqy0WT8GY2Lg,Clayton Hotel Amsterdam American,24.29544340711621,25.27248642320714,27.577761539981637,Leidsebuurt-Zuidwest,De Weteringschans,POINT (4.8809267 52.3637466),"POLYGON((4.879225 52.364925,4.879218 52.364778,4.879231 52.364631,4.879264 52.364487,4.879317 52.364344,4.879359 52.364259,4.879421 52.364179,4.879496 52.364109,4.879604 52.364039,4.879781 52.363963,4.880062 52.363888,4.88026 52.363825,4.880543 52.36371,4.880708 52.363627,4.880851 52.363543,4.881121 52.363362,4.881236 52.36327,4.882589 52.363906,4.882979 52.364242,4.88258 52.36452,4.882294 52.364385,4.881799 52.36474,4.881681 52.364682,4.880873 52.365286,4.880719 52.365427,4.8801 52.365211,4.879225 52.364925))",6685.53324562846,55821.16335032615,125804.20758647152,High,High,High,High,High,High,High AC + High Pressure (Stress),High AC + High Pressure (Stress),High AC + High Pressure (Stress),9714,1223,3626,6553,12.590076178711138,37.32756845789582,67.45933703932468
276,ChIJhfOaePYJxkcRTIfAiN7a-RE,Apollo Hotel,34.51704601645819,23.196996588545748,28.34135272244885,Diepenbrockbuurt,Apollobuurt,POINT (4.8852967 52.3485454),"POLYGON((4.876878 52.346897,4.876584 52.34495,4.876601 52.344619,4.878404 52.344679,4.878588 52.344685,4.880173 52.345485,4.881258 52.346019,4.881314 52.345974,4.881316 52.345964,4.881333 52.345961,4.881399 52.345912,4.881053 52.345739,4.881076 52.345722,4.88108 52.345672,4.881101 52.345642,4.881141 52.345624,4.881214 52.345617,4.881261 52.345583,4.881362 52.345635,4.88141 52.345599,4.881487 52.345638,4.881668 52.345498,4.881659 52.345434,4.881613 52.345433,4.881585 52.345414,4.881568 52.345287,4.881579 52.345269,4.881894 52.345026,4.881931 52.345018,4.882256 52.345003,4.882439 52.345092,4.882581 52.344984,4.882432 52.344904,4.882416 52.344888,4.882394 52.344798,4.882361 52.344779,4.882447 52.344695,4.882543 52.344628,4.882792 52.3445,4.882946 52.344435,4.883037 52.344402,4.883211 52.344365,4.883543 52.344342,4.883606 52.344517,4.883763 52.344486,4.884021 52.344449,4.884448 52.344408,4.884728 52.344394,4.885726 52.344377,4.885743 52.344506,4.886281 52.348474,4.884782 52.349557,4.87965 52.347002,4.876878 52.346897))",35.48944800745491,9797.454091980484,50593.582305541844,High,Medium,High,Low,Low,Low,High AC + Low Pressure (Potential),Medium AC + Low Pressure (Opportunity),High AC + Low Pressure (Potential),4831,138,605,1733,2.8565514386255435,12.52328710411923,35.872490167667145
277,ChIJhfOaePYJxkcRWWJAZeXdlp4,Leonardo Hotel Amsterdam Rembrandtpark,13.191155835378185,26.15761177081196,23.959745249061086,Rembrandtpark-Noord,Overtoomse Veld,POINT (4.8440078 52.3681227),"POLYGON((4.842569 52.369588,4.842154 52.369583,4.842162 52.36931,4.842315 52.364144,4.849188 52.364225,4.850498 52.36424,4.850466 52.365157,4.850453 52.365216,4.850386 52.365376,4.850323 52.365366,4.849705 52.366706,4.848678 52.368932,4.848708 52.368959,4.848359 52.369716,4.847746 52.369612,4.84763 52.369865,4.847021 52.369772,4.846618 52.369718,4.846188 52.369673,4.845721 52.36964,4.845222 52.369621,4.842569 52.369588))",34.38595625719454,2908.7608945897055,5211.493504357834,Low,High,Low,Low,Low,Low,Low AC + Low Pressure (Limited Interest),High AC + Low Pressure (Potential),Low AC + Low Pressure (Limited Interest),9781,243,643,814,2.484408547183315,6.5739699417237505,8.322257437889787
278,ChIJi4DTm_kJxkcRLCPupE5PjaI,Apollofirst Boutique Hotel Amsterdam,20.73430460405376,22.12576864368966,28.928389072671983,Minervabuurt-Noord,Apollobuurt,POINT (4.8754927 52.3503797),"POLYGON((4.866777 52.350394,4.867401 52.348677,4.877248 52.349051,4.877319 52.349146,4.87738 52.349207,4.878541 52.350265,4.878663 52.350402,4.878733 52.350532,4.877364 52.350776,4.877178 52.350788,4.866777 52.350394))",1602.597215370279,11533.092747903305,54556.856712163564,High,Low,High,Medium,Low,Low,High AC + Medium Pressure (Manageable),Low AC + Low Pressure (Limited Interest),High AC + Low Pressure (Potential),1322,27,129,465,2.042360060514372,9.757942511346444,35.17397881996974
279,ChIJi6P-MZcLxkcRqZzNKOmf4NQ,easyHotel Amsterdam Arena Boulevard,6.838599034636665,21.068129651480536,21.680341651401214,Hoofdcentrum-Zuidoost,Amstel III/Bullewijk,POINT (4.944742199999999 52.313185399999995),"POLYGON((4.94021 52.319335,4.939588 52.319121,4.940335 52.318304,4.940328 52.318247,4.940312 52.318204,4.940254 52.318104,4.940128 52.317811,4.939995 52.317472,4.939834 52.317121,4.938045 52.316507,4.938121 52.316384,4.938656 52.315799,4.938741 52.315637,4.938727 52.315093,4.935232 52.31389,4.936355 52.312665,4.936116 52.312582,4.936571 52.31211,4.937991 52.310475,4.941598 52.311684,4.942527 52.310729,4.946359 52.312063,4.943971 52.314672,4.943924 52.31482,4.943948 52.314881,4.94382 52.315024,4.943717 52.315138,4.943616 52.315135,4.942965 52.315758,4.942979 52.315832,4.942951 52.31597,4.941952 52.317458,4.941417 52.31795,4.940913 52.318513,4.940693 52.31854,4.940257 52.319063,4.940354 52.319163,4.94021 52.319335))",15623.231102340622,32946.81006413419,33295.94151181275,Low,Low,Low,High,Medium,Low,Low AC + High Pressure (Critical),Low AC + Medium Pressure (Monitor),Low AC + Low Pressure (Limited Interest),3742,619,1154,1183,16.541956173169428,30.839123463388564,31.614110101549976
280,ChIJiRko-NELxkcRcrjr7i5AuQc,Postillion Hotel Amsterdam,45.18042373703046,19.52821845527797,26.43146791226639,Amstelkwartier-Zuid,Omval/Overamstel,POINT (4.9218148 52.3334657),"POLYGON((4.915213 52.334666,4.917053 52.332084,4.917487 52.331538,4.918094 52.331718,4.919244 52.332065,4.919598 52.33217,4.920376 52.332362,4.921683 52.332764,4.922559 52.333087,4.922447 52.333219,4.922621 52.333331,4.922801 52.333462,4.922889 52.333532,4.922989 52.333617,4.923092 52.333715,4.923166 52.33379,4.923299 52.333942,4.923416 52.334092,4.923521 52.33426,4.923602 52.334418,4.923686 52.334634,4.923736 52.334814,4.92376 52.334958,4.923777 52.335271,4.923774 52.335446,4.924574 52.335406,4.924809 52.335387,4.924949 52.335386,4.922171 52.338297,4.920262 52.337616,4.919495 52.336699,4.920289 52.336431,4.920197 52.336274,4.919362 52.336043,4.919551 52.335801,4.915213 52.334666))",27.996217727347474,111.70750424820476,1131.6320232417909,High,Low,Medium,Low,Low,Low,High AC + Low Pressure (Potential),Low AC + Low Pressure (Limited Interest),Medium AC + Low Pressure (Opportunity),3473,0,15,45,0.0,0.4319032536711776,1.295709761013533
281,ChIJiUVfWL8JxkcRMZQ0SV_FQ6Y,Hotel Sofitel Legend the Grand Amsterdam,7.610448837635815,23.243992260206177,25.311282900611477,BG-terrein e.o.,Burgwallen-Oude Zijde,POINT (4.8955845 52.3709309),"POLYGON((4.892392 52.369081,4.892436 52.368964,4.892892 52.368332,4.894147 52.367289,4.894323 52.367287,4.894831 52.367308,4.895052 52.367331,4.895268 52.367368,4.895372 52.367424,4.895474 52.367498,4.895786 52.367811,4.896231 52.368291,4.896366 52.368497,4.898755 52.370995,4.897063 52.371438,4.895876 52.37186,4.895204 52.371299,4.894959 52.371051,4.894826 52.370898,4.894755 52.370762,4.894263 52.369231,4.893666 52.369217,4.893512 52.369177,4.892392 52.369081))",4787.105684372088,67363.0311900455,116870.27731184564,Low,Medium,Low,Medium,High,High,Low AC + Medium Pressure (Monitor),Medium AC + High Pressure (Caution),Low AC + High Pressure (Critical),5416,372,2093,3290,6.868537666174299,38.64475627769572,60.745937961595274
282,ChIJi_jdoDwJxkcRiuOrdbodMBE,Bob W Oosterpark,20.361744769843337,23.09673660339875,26.39081096150573,Don Bosco,Frankendael,POINT (4.9285033 52.354948699999994),"POLYGON((4.921619 52.352331,4.921867 52.352124,4.922277 52.351814,4.925053 52.350092,4.92517 52.350208,4.928144 52.352004,4.92837 52.352148,4.928736 52.352417,4.929061 52.352704,4.92964 52.353175,4.93056 52.353745,4.929679 52.35431,4.928549 52.355058,4.928232 52.355337,4.926929 52.354726,4.921619 52.352331))",3207.168886696267,14003.841363810774,30099.85287507537,High,Medium,Medium,Medium,Low,Low,High AC + Medium Pressure (Manageable),Medium AC + Low Pressure (Opportunity),Medium AC + Low Pressure (Opportunity),78,9,18,20,11.538461538461538,23.076923076923077,25.64102564102564
283,ChIJidnjAvIJxkcRmPlm8mE0oNQ,Avani Museum Quarter Amsterdam Hotel,14.403144894253897,23.51322878208329,27.944984550001116,Johannes Vermeerbuurt,Museumkwartier,POINT (4.8863199999999996 52.355709999999995),"POLYGON((4.879992 52.356138,4.880392 52.355517,4.88172 52.353691,4.882819 52.353894,4.884277 52.354189,4.88438 52.354255,4.886282 52.354593,4.886476 52.354615,4.886759 52.354622,4.886698 52.355295,4.886582 52.356853,4.886603 52.357267,4.886724 52.358732,4.884799 52.358982,4.88438 52.357843,4.883893 52.357929,4.883511 52.358024,4.882649 52.356925,4.881374 52.356096,4.880609 52.356231,4.880507 52.356241,4.880422 52.356239,4.880338 52.356227,4.879992 52.356138))",638.1779860768513,39301.158745820314,83388.38485994628,Medium,Medium,High,Low,Medium,Medium,Medium AC + Low Pressure (Opportunity),Medium AC + Medium Pressure (Balanced),High AC + Medium Pressure (Manageable),2913,183,1105,1570,6.282183316168897,37.9334019910745,53.896326810847924
284,ChIJj4-70uUJxkcRxaypMv4QYyM,Quentin England Hotel,15.380338204268615,27.311977864659596,28.546432671730937,Vondelparkbuurt-Oost,Vondelparkbuurt,POINT (4.8770373 52.3615121),"POLYGON((4.873627 52.362323,4.873844 52.361993,4.87392 52.361759,4.874062 52.361489,4.874092 52.361405,4.874096 52.361295,4.874067 52.361247,4.873972 52.361169,4.873853 52.361113,4.873936 52.360997,4.874019 52.361019,4.874077 52.360982,4.874158 52.360965,4.874254 52.360931,4.874396 52.360928,4.874606 52.360911,4.87503 52.360785,4.875245 52.360683,4.875316 52.360674,4.875393 52.36068,4.875469 52.360706,4.875532 52.36075,4.875601 52.360819,4.875826 52.36077,4.87587 52.360716,4.876184 52.360807,4.87626 52.360738,4.876497 52.3608,4.876567 52.360698,4.876556 52.360681,4.876594 52.360626,4.876621 52.360618,4.876633 52.360581,4.876953 52.36066,4.876933 52.360689,4.877036 52.360715,4.877021 52.360738,4.876985 52.360736,4.876968 52.36076,4.876916 52.360774,4.876888 52.360767,4.876749 52.360968,4.877197 52.361095,4.877359 52.360863,4.877388 52.360871,4.877454 52.360781,4.878587 52.361093,4.880603 52.361632,4.882099 52.362056,4.881963 52.362119,4.881853 52.362186,4.881748 52.36228,4.881716 52.362323,4.88166 52.362416,4.88162 52.36251,4.881576 52.362765,4.881517 52.362938,4.881413 52.363127,4.881236 52.36327,4.881121 52.363362,4.880851 52.363543,4.880708 52.363627,4.880543 52.36371,4.88026 52.363825,4.880062 52.363888,4.879781 52.363963,4.879604 52.364039,4.879496 52.364109,4.879421 52.364179,4.879359 52.364259,4.879317 52.364344,4.878642 52.364129,4.878712 52.363996,4.878869 52.363804,4.876435 52.363055,4.875293 52.362751,4.873627 52.362323))",981.7601819876116,39670.45474976703,86756.26371759031,Medium,High,High,Low,Medium,Medium,Medium AC + Low Pressure (Opportunity),High AC + Medium Pressure (Manageable),High AC + Medium Pressure (Manageable),989,13,409,556,1.314459049544995,41.354903943377145,56.21840242669363
285,ChIJjUtJj8cJxkcRliknQxN45kA,Hotel The Exchange,11.486322551511579,24.575418680401423,25.41024691649245,Nieuwe Kerk e.o.,Burgwallen-Nieuwe Zijde,POINT (4.8956919999999995 52.375377),"POLYGON((4.890589 52.373174,4.890573 52.372947,4.890605 52.372643,4.89137 52.372719,4.891752 52.372725,4.892126 52.372742,4.892975 52.372708,4.893011 52.372707,4.893299 52.3732,4.893565 52.373489,4.894364 52.374067,4.896473 52.375764,4.896266 52.375819,4.895702 52.376036,4.895622 52.376115,4.895472 52.376156,4.895342 52.376181,4.8951 52.376206,4.893582 52.376221,4.89245 52.375459,4.892069 52.375192,4.891934 52.375074,4.891756 52.374874,4.891352 52.374452,4.890938 52.373991,4.89088 52.373892,4.89065 52.373392,4.890589 52.373174))",9508.702461218001,68549.11270076194,107292.07772844378,Low,Medium,Low,High,High,Medium,Low AC + High Pressure (Critical),Medium AC + High Pressure (Caution),Low AC + Medium Pressure (Monitor),1814,351,1111,1377,19.349503858875412,61.24586549062845,75.909592061742
286,ChIJjWy-SOIJxkcRISloyI_3hKs,Maison ELLE Amsterdam,8.198020551763516,29.277075412099236,28.48073249218056,Vondelparkbuurt-Midden,Vondelparkbuurt,POINT (4.8694865 52.360805199999994),"POLYGON((4.864693 52.360101,4.864935 52.359682,4.865263 52.359201,4.865452 52.359009,4.865486 52.359014,4.865524 52.358862,4.86554 52.358854,4.865801 52.358822,4.865909 52.358936,4.86591 52.35912,4.866881 52.359352,4.868152 52.359643,4.868646 52.359769,4.869959 52.360124,4.870061 52.359983,4.871247 52.360284,4.871303 52.360202,4.871476 52.360248,4.871277 52.360541,4.871391 52.360569,4.871541 52.360356,4.871846 52.360351,4.871916 52.360361,4.872181 52.360409,4.872455 52.360476,4.873017 52.360646,4.873291 52.360751,4.873521 52.360738,4.873608 52.360752,4.873728 52.360785,4.873789 52.360808,4.873829 52.360855,4.873857 52.360977,4.873936 52.360997,4.873853 52.361113,4.873972 52.361169,4.874067 52.361247,4.874096 52.361295,4.874092 52.361405,4.874062 52.361489,4.87392 52.361759,4.873844 52.361993,4.873627 52.362323,4.86899 52.361102,4.86833 52.36093,4.867916 52.360833,4.86554 52.360295,4.864693 52.360101))",346.9740174313435,30252.767965795094,71093.39500082223,Low,High,High,Low,Medium,Medium,Low AC + Low Pressure (Limited Interest),High AC + Medium Pressure (Manageable),High AC + Medium Pressure (Manageable),14,0,3,8,0.0,21.428571428571427,57.14285714285714
287,ChIJjXkvNCIKxkcRObyJK4Dy9Rw,Motel One Amsterdam,16.267599917315547,27.271315632744752,28.307047206815568,Kop Zuidas,Scheldebuurt,POINT (4.892576099999999 52.338486599999996),"POLYGON((4.890135 52.336176,4.891559 52.335481,4.891907 52.335292,4.892464 52.334967,4.892579 52.334883,4.892663 52.33479,4.892715 52.3347,4.892746 52.33458,4.899142 52.338168,4.894155 52.338402,4.894431 52.340751,4.892289 52.340845,4.891931 52.337773,4.891886 52.337619,4.891774 52.337454,4.891636 52.337321,4.890297 52.336339,4.890237 52.336287,4.890135 52.336176))",1132.4905991339144,3827.1892780792627,25292.336457819434,Medium,High,High,Medium,Low,Low,Medium AC + Medium Pressure (Balanced),High AC + Low Pressure (Potential),High AC + Low Pressure (Potential),5511,86,602,835,1.5605153329704227,10.92360733079296,15.151515151515152
288,ChIJjZupQuYJxkcRh7fta25paxA,Hotel van de Vijsel,36.643454439968345,26.238620726085095,27.726785453449253,Vondelparkbuurt-Oost,Vondelparkbuurt,POINT (4.8781736 52.3633806),"POLYGON((4.873627 52.362323,4.873844 52.361993,4.87392 52.361759,4.874062 52.361489,4.874092 52.361405,4.874096 52.361295,4.874067 52.361247,4.873972 52.361169,4.873853 52.361113,4.873936 52.360997,4.874019 52.361019,4.874077 52.360982,4.874158 52.360965,4.874254 52.360931,4.874396 52.360928,4.874606 52.360911,4.87503 52.360785,4.875245 52.360683,4.875316 52.360674,4.875393 52.36068,4.875469 52.360706,4.875532 52.36075,4.875601 52.360819,4.875826 52.36077,4.87587 52.360716,4.876184 52.360807,4.87626 52.360738,4.876497 52.3608,4.876567 52.360698,4.876556 52.360681,4.876594 52.360626,4.876621 52.360618,4.876633 52.360581,4.876953 52.36066,4.876933 52.360689,4.877036 52.360715,4.877021 52.360738,4.876985 52.360736,4.876968 52.36076,4.876916 52.360774,4.876888 52.360767,4.876749 52.360968,4.877197 52.361095,4.877359 52.360863,4.877388 52.360871,4.877454 52.360781,4.878587 52.361093,4.880603 52.361632,4.882099 52.362056,4.881963 52.362119,4.881853 52.362186,4.881748 52.36228,4.881716 52.362323,4.88166 52.362416,4.88162 52.36251,4.881576 52.362765,4.881517 52.362938,4.881413 52.363127,4.881236 52.36327,4.881121 52.363362,4.880851 52.363543,4.880708 52.363627,4.880543 52.36371,4.88026 52.363825,4.880062 52.363888,4.879781 52.363963,4.879604 52.364039,4.879496 52.364109,4.879421 52.364179,4.879359 52.364259,4.879317 52.364344,4.878642 52.364129,4.878712 52.363996,4.878869 52.363804,4.876435 52.363055,4.875293 52.362751,4.873627 52.362323))",3569.8313325659146,47692.10721920736,109511.68864770047,High,High,High,Medium,Medium,Medium,High AC + Medium Pressure (Manageable),High AC + Medium Pressure (Manageable),High AC + Medium Pressure (Manageable),1723,82,773,1246,4.759141033081834,44.86360998258851,72.31572838073129
289,ChIJjxo2dpgJxkcRAHaKUapNJe0,Allure Garden Apartments,11.618368846162124,24.920031097965705,25.2706716652432,Plantage,Weesperbuurt/Plantage,POINT (4.9099504 52.3659768),"POLYGON((4.906116 52.366765,4.906323 52.366618,4.90722 52.366413,4.90736 52.366375,4.907553 52.366307,4.907733 52.366227,4.907931 52.366112,4.908099 52.365987,4.908245 52.365698,4.908877 52.365816,4.91055 52.365256,4.91126 52.365003,4.913342 52.364287,4.914387 52.363945,4.915112 52.363708,4.915144 52.363661,4.915891 52.363404,4.915976 52.363383,4.916155 52.363356,4.916385 52.363351,4.916566 52.36337,4.916779 52.363423,4.918457 52.363884,4.919635 52.364364,4.920365 52.364701,4.920552 52.36482,4.921268 52.365276,4.921623 52.365575,4.921243 52.366102,4.910685 52.3697,4.910038 52.369315,4.909685 52.369068,4.907105 52.367342,4.906546 52.366984,4.90637 52.366888,4.906116 52.366765))",882.7047634709203,18210.829139944086,93198.5028230006,Low,Medium,Low,Low,Low,Medium,Low AC + Low Pressure (Limited Interest),Medium AC + Low Pressure (Opportunity),Low AC + Medium Pressure (Monitor),453,45,145,276,9.933774834437086,32.00883002207506,60.9271523178808
290,ChIJk101poQJxkcRpZN1Mb3_3hw,The Social Hub Amsterdam City,26.150112821316995,24.528668851134896,25.78085116604023,Parooldriehoek,Weesperzijde,POINT (4.9137024 52.3546943),"POLYGON((4.91133 52.355636,4.913598 52.351803,4.913707 52.351686,4.913849 52.351582,4.91472 52.351092,4.91463 52.351326,4.914644 52.351329,4.914654 52.351354,4.914597 52.351565,4.914562 52.351831,4.914564 52.352153,4.914593 52.352374,4.914651 52.352616,4.914728 52.352833,4.914943 52.353275,4.915113 52.353515,4.915204 52.353626,4.915462 52.353904,4.915614 52.354035,4.915899 52.354252,4.915754 52.354322,4.914594 52.35488,4.914309 52.355155,4.913871 52.355206,4.913681 52.355237,4.913494 52.355273,4.913128 52.355361,4.912951 52.355413,4.91261 52.355534,4.912291 52.355673,4.912022 52.355806,4.91133 52.355636))",356.49169544482805,11991.7622101628,36721.89738529846,High,Medium,Medium,Low,Low,Low,High AC + Low Pressure (Potential),Medium AC + Low Pressure (Opportunity),Medium AC + Low Pressure (Opportunity),10146,292,1168,2450,2.877981470530258,11.511925882121032,24.14744726986004
291,ChIJk2Y3ZwMJxkcRkMfesX71U2g,Weber Hotel 117,23.95967446736822,25.169758534602693,27.21866193479397,Leidsebuurt-Zuidwest,De Weteringschans,POINT (4.8805043 52.3651428),"POLYGON((4.879225 52.364925,4.879218 52.364778,4.879231 52.364631,4.879264 52.364487,4.879317 52.364344,4.879359 52.364259,4.879421 52.364179,4.879496 52.364109,4.879604 52.364039,4.879781 52.363963,4.880062 52.363888,4.88026 52.363825,4.880543 52.36371,4.880708 52.363627,4.880851 52.363543,4.881121 52.363362,4.881236 52.36327,4.882589 52.363906,4.882979 52.364242,4.88258 52.36452,4.882294 52.364385,4.881799 52.36474,4.881681 52.364682,4.880873 52.365286,4.880719 52.365427,4.8801 52.365211,4.879225 52.364925))",5482.625390560763,53224.50528970015,137448.28235487585,High,High,High,Medium,Medium,High,High AC + Medium Pressure (Manageable),High AC + Medium Pressure (Manageable),High AC + High Pressure (Stress),35,2,20,29,5.714285714285714,57.14285714285714,82.85714285714286
292,ChIJk4Dqu-oJxkcR9tGqYaPMX3c,The Albus,19.513710527386827,22.4314858191035,26.39952022512896,Rembrandtplein e.o.,Grachtengordel-Zuid,POINT (4.893365 52.3657845),"POLYGON((4.892818 52.36518,4.895874 52.364754,4.896908 52.364966,4.897537 52.365087,4.901217 52.365779,4.900752 52.366625,4.899284 52.367172,4.898795 52.367263,4.898242 52.36732,4.89725 52.367428,4.897128 52.367428,4.896077 52.367379,4.895268 52.367368,4.895052 52.367331,4.894831 52.367308,4.894323 52.367287,4.894147 52.367289,4.893881 52.36729,4.893807 52.367265,4.893466 52.367042,4.893296 52.366678,4.893155 52.36609,4.893008 52.365641,4.892898 52.365425,4.892818 52.36518))",7260.953735679438,75811.03623307569,140336.64205448664,Medium,Low,Medium,High,High,High,Medium AC + High Pressure (Caution),Low AC + High Pressure (Critical),Medium AC + High Pressure (Caution),1687,216,932,1365,12.803793716656786,55.24599881446355,80.91286307053942
293,ChIJk8fjEWALxkcRvcAfXF2Ker0,PREMIER SUITES Amsterdam,21.084050313957075,30.193382065237586,28.395461641040615,VU-kwartier,Zuidas,POINT (4.8679763 52.3375007),"POLYGON((4.857425 52.333609,4.857448 52.332297,4.861817 52.332305,4.861817 52.332078,4.868846 52.332102,4.868831 52.334993,4.868686 52.33811,4.866927 52.338029,4.866697 52.33801,4.86601 52.337973,4.86461 52.337913,4.863263 52.337846,4.862669 52.337809,4.862388 52.33778,4.862262 52.337755,4.86208 52.3377,4.861975 52.337656,4.86174 52.33754,4.861628 52.337474,4.86132 52.337268,4.861213 52.337207,4.861029 52.337075,4.860953 52.337033,4.860766 52.336942,4.860605 52.336881,4.860473 52.336846,4.86031 52.336831,4.859989 52.336826,4.859848 52.336833,4.859137 52.336909,4.858585 52.336946,4.858214 52.336994,4.857599 52.336999,4.857565 52.335384,4.85742 52.334274,4.857425 52.333609))",351.24464178040887,3924.5520473606307,19910.488242065447,High,High,High,Low,Low,Low,High AC + Low Pressure (Potential),High AC + Low Pressure (Potential),High AC + Low Pressure (Potential),367,17,60,89,4.632152588555858,16.348773841961854,24.250681198910083
294,ChIJkQyWuxEKxkcRoc54h_ZVKW4,Element Amsterdam,16.924780018850054,27.7589670069769,28.397572216618805,Gelderlandpleinbuurt,Buitenveldert-West,POINT (4.8775461 52.3316679),"POLYGON((4.868863 52.329141,4.875988 52.329157,4.875987 52.329234,4.877267 52.32924,4.877266 52.329331,4.878678 52.329333,4.878678 52.329384,4.879478 52.329385,4.879447 52.331674,4.879456 52.333125,4.87946 52.333613,4.87945 52.333715,4.879401 52.333931,4.879357 52.334057,4.87924 52.334305,4.879167 52.334426,4.878652 52.335088,4.878113 52.335035,4.876905 52.335006,4.868831 52.334993,4.868846 52.332102,4.868863 52.329141))",8709.106999945185,12318.994792523157,15924.901277202212,Medium,High,High,High,Low,Low,Medium AC + High Pressure (Caution),High AC + Low Pressure (Potential),High AC + Low Pressure (Potential),2616,282,414,490,10.77981651376147,15.825688073394495,18.730886850152906
295,ChIJkSHN4sgJxkcRcDq2lE1M1-M,Quentin Arrive Hotel,3.278495629434615,22.459242837644915,24.818625591755,Haarlemmerbuurt-Oost,Haarlemmerbuurt,POINT (4.8926403 52.379989099999996),"POLYGON((4.888437 52.380522,4.889848 52.379731,4.890134 52.379632,4.890239 52.379599,4.89172 52.37927,4.892009 52.379265,4.893526 52.378945,4.893684 52.378901,4.894004 52.378766,4.894341 52.37903,4.895194 52.379624,4.895468 52.379856,4.895807 52.380144,4.894849 52.380524,4.894862 52.380537,4.894709 52.380583,4.894726 52.3806,4.894508 52.380683,4.894487 52.380663,4.891898 52.381608,4.891499 52.381763,4.890642 52.382161,4.890637 52.382179,4.890186 52.382395,4.890156 52.382364,4.889908 52.382132,4.888437 52.380522))",9658.314147892343,50559.22485336841,95362.61497560708,Low,Low,Low,High,Medium,Medium,Low AC + High Pressure (Critical),Low AC + Medium Pressure (Monitor),Low AC + Medium Pressure (Monitor),948,151,453,609,15.928270042194093,47.78481012658228,64.24050632911393
296,ChIJkUSQa5QJxkcRXpsOUulpljc,The Townhouse Hotel,17.892145404840033,22.999333375971126,26.50636327303255,Utrechtsebuurt-Zuid,De Weteringschans,POINT (4.8996457 52.3620144),"POLYGON((4.896088 52.36162,4.896181 52.360253,4.901194 52.361227,4.903351 52.361656,4.90277 52.362805,4.896517 52.361667,4.896345 52.361641,4.896088 52.36162))",1458.5926108644408,32482.01178534232,123125.43189168448,Medium,Low,Medium,Medium,Medium,High,Medium AC + Medium Pressure (Balanced),Low AC + Medium Pressure (Monitor),Medium AC + High Pressure (Caution),141,7,46,106,4.964539007092199,32.62411347517731,75.177304964539
297,ChIJkUSQa5QJxkcRl34RnotElKE,ITC Hotel,13.868754769366248,23.356990379088543,26.415184261559233,Amstelveldbuurt,Grachtengordel-Zuid,POINT (4.8984667 52.362249899999995),"POLYGON((4.895874 52.364754,4.896088 52.36162,4.896345 52.361641,4.896517 52.361667,4.90277 52.362805,4.901557 52.365162,4.901217 52.365779,4.897537 52.365087,4.896908 52.364966,4.895874 52.364754))",1252.6235268322093,38870.34440607356,124155.90242832867,Medium,Medium,Medium,Medium,Medium,High,Medium AC + Medium Pressure (Balanced),Medium AC + Medium Pressure (Balanced),Medium AC + High Pressure (Caution),1174,55,415,865,4.6848381601362865,35.34923339011925,73.67972742759795
298,ChIJkW2m-7cJxkcRYPl0YLvVRrk,art'otel amsterdam,13.283990726565406,23.07952891150982,24.49524979840327,Nieuwendijk-Noord,Burgwallen-Nieuwe Zijde,POINT (4.8971599999999995 52.37764),"POLYGON((4.893582 52.376221,4.8951 52.376206,4.895342 52.376181,4.895472 52.376156,4.895622 52.376115,4.895702 52.376036,4.896266 52.375819,4.896473 52.375764,4.89708 52.375505,4.899141 52.376971,4.899692 52.377303,4.898867 52.377741,4.898667 52.378012,4.898562 52.378122,4.898442 52.378227,4.898062 52.378505,4.897931 52.378579,4.897713 52.378678,4.896895 52.378001,4.895954 52.377792,4.89585 52.377757,4.895748 52.377712,4.895663 52.377661,4.895584 52.3776,4.895104 52.377147,4.894966 52.37704,4.894775 52.376916,4.894422 52.376738,4.8942 52.376609,4.893582 52.376221))",10583.988488735406,56918.698075974346,99493.20451680096,Medium,Medium,Low,High,High,Medium,Medium AC + High Pressure (Caution),Medium AC + High Pressure (Caution),Low AC + Medium Pressure (Monitor),3548,241,1249,1892,6.792559188275085,35.20293122886133,53.325817361894025
299,ChIJkx5CZPkJxkcR-F4MXXZOV7s,Bilderberg Garden Hotel,22.516781026643457,22.734639410346094,28.850419645775176,Hiltonbuurt,Apollobuurt,POINT (4.8741211 52.3512438),"POLYGON((4.865303 52.350694,4.865494 52.350424,4.865614 52.350451,4.86574 52.350469,4.866564 52.350533,4.866725 52.350539,4.866777 52.350394,4.877178 52.350788,4.877364 52.350776,4.878733 52.350532,4.879053 52.351194,4.877493 52.351472,4.873547 52.352175,4.873 52.352214,4.871924 52.352218,4.87086 52.352119,4.870566 52.352072,4.87039 52.352044,4.866079 52.350898,4.865303 52.350694))",80.37384202159731,11695.849366880446,54949.44976155237,High,Low,High,Low,Low,Low,High AC + Low Pressure (Potential),Low AC + Low Pressure (Limited Interest),High AC + Low Pressure (Potential),2266,5,241,835,0.22065313327449249,10.635481023830538,36.84907325684025
300,ChIJl2OshscJxkcRFODrHMjyXyo,Hotel Damrak Inn,12.360320763265456,23.720635857253757,25.46633010721519,Nieuwe Kerk e.o.,Burgwallen-Nieuwe Zijde,POINT (4.8953469 52.3751147),"POLYGON((4.890589 52.373174,4.890573 52.372947,4.890605 52.372643,4.89137 52.372719,4.891752 52.372725,4.892126 52.372742,4.892975 52.372708,4.893011 52.372707,4.893299 52.3732,4.893565 52.373489,4.894364 52.374067,4.896473 52.375764,4.896266 52.375819,4.895702 52.376036,4.895622 52.376115,4.895472 52.376156,4.895342 52.376181,4.8951 52.376206,4.893582 52.376221,4.89245 52.375459,4.892069 52.375192,4.891934 52.375074,4.891756 52.374874,4.891352 52.374452,4.890938 52.373991,4.89088 52.373892,4.89065 52.373392,4.890589 52.373174))",10636.95066600888,71198.37269089514,110120.46916625554,Low,Medium,Low,High,High,High,Low AC + High Pressure (Critical),Medium AC + High Pressure (Caution),Low AC + High Pressure (Critical),918,220,578,703,23.965141612200437,62.96296296296296,76.57952069716775
301,ChIJlSy8aO8JxkcR8j_uD1uV3mY,Boutique Hotel Maxime,10.365718069145725,25.247207616014183,27.452281554531094,P.C. Hooftbuurt,Museumkwartier,POINT (4.881395899999999 52.3603179),"POLYGON((4.877154 52.360101,4.878568 52.358153,4.883359 52.359432,4.883405 52.35945,4.883482 52.359496,4.883536 52.359554,4.883563 52.359618,4.883561 52.359684,4.883273 52.360145,4.883226 52.36029,4.884275 52.360568,4.884488 52.360643,4.88465 52.360727,4.885386 52.361236,4.884404 52.361727,4.884235 52.361794,4.884046 52.361849,4.883846 52.361888,4.883639 52.36191,4.882635 52.361928,4.882511 52.361938,4.882398 52.361957,4.882324 52.361581,4.882398 52.361478,4.880494 52.360974,4.880378 52.36092,4.877922 52.360277,4.877154 52.360101))",6179.908512854246,44363.252535218984,105198.95231047524,Low,High,High,High,Medium,Medium,Low AC + High Pressure (Critical),High AC + Medium Pressure (Manageable),High AC + Medium Pressure (Manageable),182,10,71,110,5.4945054945054945,39.010989010989015,60.43956043956044
302,ChIJlTOFZsQJxkcR5ctp42h7GPU,Hotel La Belle Vue,9.739294008927526,23.68857113471872,25.516778727853563,Felix Meritisbuurt,Grachtengordel-West,POINT (4.886013 52.3735351),"POLYGON((4.882614 52.368932,4.884411 52.368862,4.886623 52.368792,4.887279 52.368762,4.887679 52.368756,4.88784 52.368764,4.887828 52.368803,4.888126 52.370301,4.888509 52.372324,4.888766 52.373038,4.888822 52.373147,4.888855 52.37326,4.886906 52.37342,4.88666 52.373456,4.886468 52.373506,4.886299 52.373571,4.885833 52.373823,4.885708 52.373881,4.885558 52.373934,4.88539 52.373977,4.885158 52.373998,4.883385 52.374065,4.883069 52.373992,4.882614 52.368932))",4844.1977744888445,62291.36079592172,118909.49339472674,Low,Medium,Medium,Medium,High,High,Low AC + Medium Pressure (Monitor),Medium AC + High Pressure (Caution),Medium AC + High Pressure (Caution),993,64,510,757,6.445115810674723,51.3595166163142,76.23363544813697
303,ChIJlavM7LkJxkcRoBELDXmPMlY,Hotel MAI Amsterdam,12.633953798282699,25.495617579930503,24.35382135283414,Kop Zeedijk,Burgwallen-Oude Zijde,POINT (4.901445799999999 52.3754438),"POLYGON((4.89708 52.375505,4.897889 52.37516,4.898001 52.375238,4.899233 52.374789,4.899406 52.374749,4.899667 52.374678,4.900201 52.37449,4.900275 52.374486,4.90048 52.374418,4.900587 52.374402,4.901266 52.374174,4.902273 52.376142,4.903254 52.37659,4.902978 52.37669,4.902452 52.377141,4.90196 52.377244,4.900968 52.377242,4.899692 52.377303,4.899141 52.376971,4.89708 52.375505))",10449.534835279284,52965.71561694897,101816.03267006522,Low,High,Low,High,Medium,Medium,Low AC + High Pressure (Critical),High AC + Medium Pressure (Manageable),Low AC + Medium Pressure (Monitor),1355,230,592,865,16.974169741697416,43.69003690036901,63.837638376383765
304,ChIJlywwW5UJxkcR5gjz_bO5BKU,Hotel Atlanta,21.20181034513258,22.432883420710294,26.10139097255455,Rembrandtplein e.o.,Grachtengordel-Zuid,POINT (4.8955022 52.365966),"POLYGON((4.892818 52.36518,4.895874 52.364754,4.896908 52.364966,4.897537 52.365087,4.901217 52.365779,4.900752 52.366625,4.899284 52.367172,4.898795 52.367263,4.898242 52.36732,4.89725 52.367428,4.897128 52.367428,4.896077 52.367379,4.895268 52.367368,4.895052 52.367331,4.894831 52.367308,4.894323 52.367287,4.894147 52.367289,4.893881 52.36729,4.893807 52.367265,4.893466 52.367042,4.893296 52.366678,4.893155 52.36609,4.893008 52.365641,4.892898 52.365425,4.892818 52.36518))",6389.759524201063,66673.16247327742,135852.8147782711,High,Low,Medium,High,High,High,High AC + High Pressure (Stress),Low AC + High Pressure (Critical),Medium AC + High Pressure (Caution),1044,152,554,871,14.559386973180077,53.06513409961686,83.42911877394637
305,ChIJm5DjYcEJxkcRRKDp-mkHuQA,Hotel Hoksbergen,17.151678119599424,21.865699352679226,25.69822599519238,Spuistraat-Zuid,Burgwallen-Nieuwe Zijde,POINT (4.8886221 52.3706648),"POLYGON((4.888855 52.37326,4.888822 52.373147,4.888766 52.373038,4.888509 52.372324,4.888126 52.370301,4.887828 52.368803,4.88784 52.368764,4.887851 52.368726,4.88806 52.368499,4.88854 52.36813,4.889018 52.368517,4.889104 52.368601,4.889189 52.368703,4.889254 52.368804,4.889303 52.368908,4.889353 52.36935,4.88951 52.36971,4.889708 52.370094,4.890062 52.370551,4.8902 52.370688,4.890319 52.370838,4.890595 52.371316,4.890643 52.371422,4.890671 52.37153,4.890679 52.371644,4.890646 52.372251,4.890605 52.372643,4.890573 52.372947,4.890589 52.373174,4.888855 52.37326))",13097.520089897494,76362.8676752727,125577.72668968918,Medium,Low,Medium,High,High,High,Medium AC + High Pressure (Caution),Low AC + High Pressure (Critical),Medium AC + High Pressure (Caution),428,32,251,354,7.476635514018691,58.64485981308412,82.71028037383178
306,ChIJm80Kf-UJxkcRpy-L323SDA0,Hotel Fita,9.254232513132253,25.971305690886748,28.322534932597886,P.C. Hooftbuurt,Museumkwartier,POINT (4.8797217 52.3592228),"POLYGON((4.877154 52.360101,4.878568 52.358153,4.883359 52.359432,4.883405 52.35945,4.883482 52.359496,4.883536 52.359554,4.883563 52.359618,4.883561 52.359684,4.883273 52.360145,4.883226 52.36029,4.884275 52.360568,4.884488 52.360643,4.88465 52.360727,4.885386 52.361236,4.884404 52.361727,4.884235 52.361794,4.884046 52.361849,4.883846 52.361888,4.883639 52.36191,4.882635 52.361928,4.882511 52.361938,4.882398 52.361957,4.882324 52.361581,4.882398 52.361478,4.880494 52.360974,4.880378 52.36092,4.877922 52.360277,4.877154 52.360101))",12511.090116757112,44865.736446856325,88548.29852546181,Low,High,High,High,Medium,Medium,Low AC + High Pressure (Critical),High AC + Medium Pressure (Manageable),High AC + Medium Pressure (Manageable),473,75,223,300,15.856236786469344,47.14587737843552,63.424947145877375
307,ChIJmQreiOMJxkcR8WKMmgZ5Auc,citizenM Amstel Amsterdam hotel,21.71217704231239,26.105051626999643,25.794144265205,Sarphatistrook,Weesperbuurt/Plantage,POINT (4.906267 52.3610835),"POLYGON((4.903415 52.36153,4.904205 52.359948,4.904634 52.359212,4.905163 52.359348,4.905975 52.359499,4.906171 52.35955,4.906505 52.359664,4.906642 52.359724,4.906922 52.359877,4.907104 52.360005,4.907379 52.36022,4.90751 52.3603,4.907645 52.360371,4.907784 52.360431,4.907974 52.360499,4.908327 52.360591,4.908567 52.360641,4.90881 52.36066,4.909038 52.360651,4.909355 52.360599,4.909644 52.360579,4.90996 52.360587,4.910257 52.360624,4.910565 52.360697,4.910838 52.360796,4.911089 52.360926,4.911205 52.361004,4.91129 52.361075,4.911371 52.361126,4.911492 52.361181,4.911627 52.361222,4.911781 52.361248,4.912851 52.361359,4.914036 52.361496,4.91508 52.361787,4.915781 52.36198,4.916005 52.362028,4.916241 52.362068,4.916415 52.362089,4.91749 52.362131,4.916779 52.363423,4.916566 52.36337,4.916385 52.363351,4.916155 52.363356,4.915976 52.363383,4.915891 52.363404,4.915144 52.363661,4.915112 52.363708,4.914387 52.363945,4.914224 52.363769,4.91078 52.363092,4.905049 52.361987,4.905117 52.361852,4.903415 52.36153))",38.880228032670026,22063.126678726083,91332.24157210984,High,High,Medium,Low,Low,Medium,High AC + Low Pressure (Potential),High AC + Low Pressure (Potential),Medium AC + Medium Pressure (Balanced),1013,11,169,544,1.085883514313919,16.683119447186577,53.701875616979265
308,ChIJmUTxWAoJxkcRda5qs7-VcMM,YAYS Amsterdam Maritime by Numa,19.368978744271573,25.849746018607668,25.21061607845737,Oostenburg,Oostelijke Eilanden/Kadijken,POINT (4.9236964 52.368339199999994),"POLYGON((4.9202 52.368751,4.922299 52.368051,4.923761 52.367555,4.92402 52.367491,4.924297 52.367443,4.925362 52.368096,4.925797 52.368374,4.925872 52.368331,4.926129 52.368489,4.926052 52.368538,4.926542 52.36885,4.928833 52.370259,4.92981 52.37082,4.931974 52.372156,4.931749 52.37235,4.931432 52.372586,4.931178 52.372751,4.93088 52.37292,4.930551 52.373077,4.930191 52.373225,4.929855 52.373345,4.929403 52.373475,4.928551 52.373681,4.927907 52.373853,4.927864 52.373761,4.923741 52.371176,4.922496 52.370224,4.92128 52.369463,4.921064 52.369546,4.920706 52.369309,4.9202 52.368751))",1305.2301156608007,9248.141862632241,30715.810064134184,Medium,High,Low,Medium,Low,Low,Medium AC + Medium Pressure (Balanced),High AC + Low Pressure (Potential),Low AC + Low Pressure (Limited Interest),1156,63,164,317,5.449826989619377,14.186851211072666,27.422145328719722
309,ChIJm_8gu-QJxkcRMv8yEDHtovU,Hotel Atlas Vondelpark,18.961256643242468,27.142871690298648,29.011037030855448,Cornelis Schuytbuurt,Museumkwartier,POINT (4.873892199999999 52.357786999999995),"POLYGON((4.867135 52.356104,4.867199 52.356017,4.8673 52.356029,4.867402 52.356021,4.8675 52.35598,4.867588 52.355917,4.86764 52.355852,4.867979 52.355269,4.868163 52.355321,4.868916 52.354367,4.869043 52.354164,4.869795 52.353183,4.869945 52.353088,4.870223 52.353201,4.876249 52.354804,4.873875 52.358139,4.87369 52.358089,4.873326 52.357963,4.873128 52.357917,4.872738 52.357856,4.872532 52.357806,4.87234 52.35773,4.872225 52.357649,4.872071 52.357676,4.872005 52.357717,4.871692 52.357633,4.871707 52.357599,4.871705 52.357575,4.871625 52.357489,4.871572 52.357493,4.871428 52.357487,4.871246 52.357456,4.870988 52.357377,4.870593 52.357232,4.870342 52.357163,4.870254 52.357252,4.869965 52.35715,4.870026 52.357086,4.869746 52.35703,4.86932 52.35692,4.869049 52.356826,4.868742 52.35669,4.868392 52.356553,4.868204 52.356501,4.867866 52.356424,4.86779 52.356431,4.867756 52.356448,4.867736 52.35647,4.867566 52.356433,4.867552 52.356381,4.867498 52.35634,4.867194 52.356266,4.867135 52.356104))",563.2042427232363,35985.33103108041,80382.95762758318,Medium,High,High,Low,Medium,Medium,Medium AC + Low Pressure (Opportunity),High AC + Medium Pressure (Manageable),High AC + Medium Pressure (Manageable),833,31,339,451,3.721488595438175,40.69627851140456,54.14165666266506
310,ChIJmfRw7vAJxkcRFHtEDKAaP7U,The Muse Amsterdam - Boutique Hotel,21.99326465148831,23.539084401015568,28.044096879393138,Hondecoeterbuurt,Museumkwartier,POINT (4.880992 52.353142),"POLYGON((4.876249 52.354804,4.877931 52.352404,4.877493 52.351472,4.879053 52.351194,4.879105 52.351305,4.879146 52.351362,4.87923 52.351439,4.879337 52.351506,4.882137 52.352685,4.882293 52.352768,4.882459 52.352889,4.882336 52.352944,4.882264 52.352987,4.882146 52.353087,4.88172 52.353691,4.880392 52.355517,4.879992 52.356138,4.879341 52.355965,4.879177 52.355902,4.879022 52.355816,4.878443 52.355433,4.878337 52.355376,4.878224 52.355332,4.876249 52.354804))",701.2412980321219,29356.521843994957,63783.97478484898,High,Medium,High,Low,Medium,Low,High AC + Low Pressure (Potential),Medium AC + Medium Pressure (Balanced),High AC + Low Pressure (Potential),908,47,306,478,5.176211453744493,33.70044052863436,52.6431718061674
311,ChIJmymiwnAJxkcRge_LYdC5vQg,Amigo Hotel,22.012924606146672,22.001738297410725,26.041755742678934,Oostpoort,Dapperbuurt,POINT (4.9276393999999994 52.3565968),"POLYGON((4.926691 52.357866,4.926948 52.35747,4.927375 52.356696,4.927825 52.355965,4.928203 52.355368,4.928232 52.355337,4.929878 52.356067,4.933244 52.356815,4.936627 52.357529,4.937021 52.35758,4.937147 52.357691,4.937432 52.35774,4.937307 52.357792,4.937322 52.357806,4.937263 52.357845,4.936754 52.358059,4.935998 52.358401,4.935342 52.358704,4.935168 52.358799,4.935052 52.358788,4.935018 52.358767,4.93486 52.358839,4.934889 52.358869,4.934878 52.358894,4.934286 52.359241,4.934171 52.359316,4.933912 52.359497,4.933765 52.359621,4.933562 52.359767,4.933343 52.359945,4.93297 52.360303,4.932823 52.360481,4.932733 52.360566,4.932501 52.36083,4.932389 52.360852,4.93234 52.360921,4.932314 52.360914,4.93212 52.361198,4.932029 52.361346,4.932046 52.361346,4.932031 52.361372,4.932039 52.3614,4.932084 52.361428,4.932073 52.361461,4.931874 52.361764,4.931727 52.362119,4.931704 52.362144,4.93166 52.362249,4.931477 52.362798,4.931472 52.362887,4.931408 52.363218,4.931138 52.36253,4.931102 52.362238,4.931058 52.36202,4.930975 52.361732,4.930866 52.361447,4.930517 52.360739,4.93028 52.360308,4.930101 52.360042,4.929892 52.359785,4.929602 52.359489,4.929276 52.35921,4.928868 52.358902,4.928463 52.358633,4.927995 52.358375,4.927592 52.358188,4.927168 52.358022,4.926691 52.357866))",3450.9424436770264,12501.416598147232,32019.85287507537,High,Low,Medium,Medium,Low,Low,High AC + Medium Pressure (Manageable),Low AC + Low Pressure (Limited Interest),Medium AC + Low Pressure (Opportunity),2352,235,452,584,9.991496598639456,19.217687074829932,24.829931972789115
312,ChIJn37GsscJxkcRhWExbZMC1KA,INK Hotel Amsterdam,11.236066661266053,22.647121637876115,25.365460537740418,Nieuwe Kerk e.o.,Burgwallen-Nieuwe Zijde,POINT (4.8930435 52.3754828),"POLYGON((4.890589 52.373174,4.890573 52.372947,4.890605 52.372643,4.89137 52.372719,4.891752 52.372725,4.892126 52.372742,4.892975 52.372708,4.893011 52.372707,4.893299 52.3732,4.893565 52.373489,4.894364 52.374067,4.896473 52.375764,4.896266 52.375819,4.895702 52.376036,4.895622 52.376115,4.895472 52.376156,4.895342 52.376181,4.8951 52.376206,4.893582 52.376221,4.89245 52.375459,4.892069 52.375192,4.891934 52.375074,4.891756 52.374874,4.891352 52.374452,4.890938 52.373991,4.89088 52.373892,4.89065 52.373392,4.890589 52.373174))",6817.97100257633,71072.38381845091,110567.50430302034,Low,Low,Low,High,High,High,Low AC + High Pressure (Critical),Low AC + High Pressure (Critical),Low AC + High Pressure (Critical),3613,375,1693,2292,10.379186271796291,46.85856628840299,63.43758649321893
313,ChIJn9d9tEgJxkcR0JTc0pnSSlQ,Hotel Jesse,14.505255995398134,22.059783105137175,25.60646788744773,Spuistraat-Noord,Burgwallen-Nieuwe Zijde,POINT (4.8910621 52.374522299999995),"POLYGON((4.888855 52.37326,4.890589 52.373174,4.89065 52.373392,4.89088 52.373892,4.890938 52.373991,4.891352 52.374452,4.891756 52.374874,4.891934 52.375074,4.892069 52.375192,4.89245 52.375459,4.893582 52.376221,4.8942 52.376609,4.892082 52.377032,4.891315 52.376324,4.891181 52.376192,4.889673 52.37482,4.889303 52.374462,4.88926 52.374309,4.888909 52.37344,4.888855 52.37326))",15973.027681850574,74663.42613605218,114824.80655593926,Medium,Low,Medium,High,High,High,Medium AC + High Pressure (Caution),Low AC + High Pressure (Critical),Medium AC + High Pressure (Caution),24,7,13,16,29.166666666666668,54.166666666666664,66.66666666666666
314,ChIJnVNVDpMJxkcRDjKQprON-hk,Amsterdam Canal Hotel,11.969147118192872,23.722580042998906,27.340690038139925,Den Texbuurt,De Weteringschans,POINT (4.8959645 52.3595243),"POLYGON((4.8863 52.36078,4.887389 52.360232,4.887686 52.360074,4.88795 52.359896,4.888175 52.359705,4.888292 52.359585,4.888412 52.359441,4.888644 52.35923,4.888931 52.359019,4.889253 52.358828,4.889405 52.358752,4.889605 52.358667,4.889807 52.358594,4.890008 52.358532,4.890216 52.358479,4.890437 52.358432,4.890655 52.358397,4.89088 52.358369,4.896177 52.358047,4.89639 52.359529,4.896388 52.359683,4.896185 52.359696,4.890777 52.360025,4.89012 52.360071,4.890016 52.36009,4.886983 52.361539,4.886786 52.361331,4.886551 52.360986,4.886442 52.360887,4.8863 52.36078))",264.31919092254554,39414.50397412706,122925.34188455845,Low,Medium,High,Low,Medium,High,Low AC + Low Pressure (Limited Interest),Medium AC + Medium Pressure (Balanced),High AC + High Pressure (Stress),900,13,303,651,1.4444444444444444,33.666666666666664,72.33333333333334
315,ChIJnceVFuYJxkcRoV76yH6qp6k,Hotel NH Amsterdam Leidseplein,28.04765792750303,25.963352374873704,27.583840708289355,Vondelparkbuurt-Oost,Vondelparkbuurt,POINT (4.879557999999999 52.363156),"POLYGON((4.873627 52.362323,4.873844 52.361993,4.87392 52.361759,4.874062 52.361489,4.874092 52.361405,4.874096 52.361295,4.874067 52.361247,4.873972 52.361169,4.873853 52.361113,4.873936 52.360997,4.874019 52.361019,4.874077 52.360982,4.874158 52.360965,4.874254 52.360931,4.874396 52.360928,4.874606 52.360911,4.87503 52.360785,4.875245 52.360683,4.875316 52.360674,4.875393 52.36068,4.875469 52.360706,4.875532 52.36075,4.875601 52.360819,4.875826 52.36077,4.87587 52.360716,4.876184 52.360807,4.87626 52.360738,4.876497 52.3608,4.876567 52.360698,4.876556 52.360681,4.876594 52.360626,4.876621 52.360618,4.876633 52.360581,4.876953 52.36066,4.876933 52.360689,4.877036 52.360715,4.877021 52.360738,4.876985 52.360736,4.876968 52.36076,4.876916 52.360774,4.876888 52.360767,4.876749 52.360968,4.877197 52.361095,4.877359 52.360863,4.877388 52.360871,4.877454 52.360781,4.878587 52.361093,4.880603 52.361632,4.882099 52.362056,4.881963 52.362119,4.881853 52.362186,4.881748 52.36228,4.881716 52.362323,4.88166 52.362416,4.88162 52.36251,4.881576 52.362765,4.881517 52.362938,4.881413 52.363127,4.881236 52.36327,4.881121 52.363362,4.880851 52.363543,4.880708 52.363627,4.880543 52.36371,4.88026 52.363825,4.880062 52.363888,4.879781 52.363963,4.879604 52.364039,4.879496 52.364109,4.879421 52.364179,4.879359 52.364259,4.879317 52.364344,4.878642 52.364129,4.878712 52.363996,4.878869 52.363804,4.876435 52.363055,4.875293 52.362751,4.873627 52.362323))",4782.414844049772,52961.488516143174,115095.79855286959,High,High,High,Medium,Medium,High,High AC + Medium Pressure (Manageable),High AC + Medium Pressure (Manageable),High AC + High Pressure (Stress),5108,248,2014,3391,4.85512920908379,39.428347689898196,66.38606108065778
316,ChIJnzEPE-8JxkcRBzFEMXtbFZM,"Max Brown Hotel Museum Square, part of Sircle Collection",10.989217304997387,25.074981971770598,27.56412259305941,P.C. Hooftbuurt,Museumkwartier,POINT (4.8819398 52.3600973),"POLYGON((4.877154 52.360101,4.878568 52.358153,4.883359 52.359432,4.883405 52.35945,4.883482 52.359496,4.883536 52.359554,4.883563 52.359618,4.883561 52.359684,4.883273 52.360145,4.883226 52.36029,4.884275 52.360568,4.884488 52.360643,4.88465 52.360727,4.885386 52.361236,4.884404 52.361727,4.884235 52.361794,4.884046 52.361849,4.883846 52.361888,4.883639 52.36191,4.882635 52.361928,4.882511 52.361938,4.882398 52.361957,4.882324 52.361581,4.882398 52.361478,4.880494 52.360974,4.880378 52.36092,4.877922 52.360277,4.877154 52.360101))",9272.8169160774,44557.59025379598,92636.81729978621,Low,Medium,High,High,Medium,Medium,Low AC + High Pressure (Critical),Medium AC + Medium Pressure (Balanced),High AC + Medium Pressure (Manageable),1655,289,752,1023,17.462235649546827,45.438066465256796,61.81268882175227
317,ChIJo3ONuPoJxkcREumSmqJDa3M,De Bedstee Boutique Capsule Hotel,20.135661918950724,25.594886171155878,28.614140275774275,Concertgebouwbuurt,Museumkwartier,POINT (4.877796099999999 52.3558488),"POLYGON((4.873875 52.358139,4.876249 52.354804,4.878224 52.355332,4.878337 52.355376,4.878443 52.355433,4.879022 52.355816,4.879177 52.355902,4.879341 52.355965,4.879992 52.356138,4.879825 52.356412,4.878568 52.358153,4.877154 52.360101,4.87696 52.360065,4.876673 52.359932,4.87646 52.35985,4.875796 52.359659,4.875975 52.359402,4.875252 52.359213,4.875242 52.359227,4.87508 52.359183,4.875284 52.358901,4.875333 52.358878,4.87532 52.358875,4.875384 52.35878,4.875001 52.358679,4.87515 52.358473,4.873875 52.358139))",7015.543715397686,34090.247656635416,75002.22962232088,High,High,High,High,Medium,Medium,High AC + High Pressure (Stress),High AC + Medium Pressure (Manageable),High AC + Medium Pressure (Manageable),936,41,262,465,4.38034188034188,27.99145299145299,49.67948717948718
318,ChIJo8-ANMIJxkcRi1HeWcbBcmI,Ambassade Hotel - Amsterdam,11.872819783280933,21.88133006216308,25.932210669706308,Felix Meritisbuurt,Grachtengordel-West,POINT (4.8871701 52.3693867),"POLYGON((4.882614 52.368932,4.884411 52.368862,4.886623 52.368792,4.887279 52.368762,4.887679 52.368756,4.88784 52.368764,4.887828 52.368803,4.888126 52.370301,4.888509 52.372324,4.888766 52.373038,4.888822 52.373147,4.888855 52.37326,4.886906 52.37342,4.88666 52.373456,4.886468 52.373506,4.886299 52.373571,4.885833 52.373823,4.885708 52.373881,4.885558 52.373934,4.88539 52.373977,4.885158 52.373998,4.883385 52.374065,4.883069 52.373992,4.882614 52.368932))",8145.405306144822,71579.14306857424,136685.01447130405,Low,Low,Medium,High,High,High,Low AC + High Pressure (Critical),Low AC + High Pressure (Critical),Medium AC + High Pressure (Caution),1905,164,812,1296,8.608923884514436,42.6246719160105,68.03149606299212
319,ChIJoQutGN0JxkcR1WxSpyPYoyU,Melrose Hotel,20.86715222781278,25.767131761743872,25.50426181537925,Elandsgrachtbuurt,Jordaan,POINT (4.880083 52.369583899999995),"POLYGON((4.876314 52.372314,4.876179 52.371903,4.876207 52.371843,4.878296 52.368852,4.879075 52.367745,4.882209 52.368764,4.88228 52.368767,4.882603 52.368756,4.882614 52.368932,4.883069 52.373992,4.876314 52.372314))",6375.564326042865,58186.68031573754,141755.35997368852,High,High,Medium,High,High,High,High AC + High Pressure (Stress),High AC + High Pressure (Stress),Medium AC + High Pressure (Caution),1046,81,443,792,7.743785850860421,42.35181644359465,75.71701720841301
320,ChIJod-5tqoJxkcRbZ0bDmp4blE,i hotel,13.258778985607794,24.68878162058499,25.476955473245877,Hamerstraatkwartier-West,Noordelijke IJ-oevers-Oost,POINT (4.9233321 52.3864167),"POLYGON((4.918945 52.385516,4.919256 52.38454,4.91882 52.384493,4.919119 52.383566,4.919044 52.383399,4.919858 52.380812,4.922456 52.381104,4.931087 52.382141,4.937355 52.382408,4.928035 52.385986,4.928295 52.386248,4.924885 52.387559,4.923919 52.387565,4.922646 52.386337,4.922541 52.386256,4.922462 52.386206,4.922285 52.386121,4.922137 52.38607,4.921926 52.386022,4.919651 52.385685,4.919292 52.38561,4.918945 52.385516))",62.26388203694567,5999.349997259222,13764.022803267006,Low,Medium,Low,Low,Low,Low,Low AC + Low Pressure (Limited Interest),Medium AC + Low Pressure (Opportunity),Low AC + Low Pressure (Limited Interest),589,6,36,64,1.0186757215619695,6.112054329371817,10.865874363327674
321,ChIJoyDgBNsJxkcRzmDYsRpqdHs,Mr. Jordaan,5.0179459046947175,22.06854063758982,25.025689472769443,Bloemgrachtbuurt,Jordaan,POINT (4.8801333 52.3747111),"POLYGON((4.876927 52.373961,4.876925 52.373904,4.876856 52.37378,4.876785 52.373617,4.876683 52.373293,4.876367 52.372477,4.876314 52.372314,4.883069 52.373992,4.883134 52.374679,4.883155 52.374752,4.884779 52.37653,4.884472 52.376605,4.884272 52.376599,4.877796 52.375198,4.877603 52.375206,4.877074 52.374363,4.877033 52.374281,4.876941 52.374036,4.876927 52.373961))",1003.3336074110617,38067.561091925665,103398.65049608068,Low,Low,Low,Low,Medium,Medium,Low AC + Low Pressure (Limited Interest),Low AC + Medium Pressure (Monitor),Low AC + Medium Pressure (Monitor),1132,80,456,753,7.06713780918728,40.282685512367486,66.51943462897526
322,ChIJozDTD8MJxkcRO_HxQ1B4wF4,Grand Canal Boutique Hotel,12.075657703363527,22.416203795642247,25.72766943937374,Felix Meritisbuurt,Grachtengordel-West,POINT (4.8842681 52.370620699999996),"POLYGON((4.882614 52.368932,4.884411 52.368862,4.886623 52.368792,4.887279 52.368762,4.887679 52.368756,4.88784 52.368764,4.887828 52.368803,4.888126 52.370301,4.888509 52.372324,4.888766 52.373038,4.888822 52.373147,4.888855 52.37326,4.886906 52.37342,4.88666 52.373456,4.886468 52.373506,4.886299 52.373571,4.885833 52.373823,4.885708 52.373881,4.885558 52.373934,4.88539 52.373977,4.885158 52.373998,4.883385 52.374065,4.883069 52.373992,4.882614 52.368932))",7521.39593268651,65738.53697308556,137800.3253850792,Low,Low,Medium,High,High,High,Low AC + High Pressure (Critical),Low AC + High Pressure (Critical),Medium AC + High Pressure (Caution),144,25,97,127,17.36111111111111,67.36111111111111,88.19444444444444
323,ChIJp2AqZaIJxkcREjtuO1GBsfI,Hotel Plantage,12.743850338204638,26.06963784352943,25.09166329460536,Plantage,Weesperbuurt/Plantage,POINT (4.9117602 52.366693899999994),"POLYGON((4.906116 52.366765,4.906323 52.366618,4.90722 52.366413,4.90736 52.366375,4.907553 52.366307,4.907733 52.366227,4.907931 52.366112,4.908099 52.365987,4.908245 52.365698,4.908877 52.365816,4.91055 52.365256,4.91126 52.365003,4.913342 52.364287,4.914387 52.363945,4.915112 52.363708,4.915144 52.363661,4.915891 52.363404,4.915976 52.363383,4.916155 52.363356,4.916385 52.363351,4.916566 52.36337,4.916779 52.363423,4.918457 52.363884,4.919635 52.364364,4.920365 52.364701,4.920552 52.36482,4.921268 52.365276,4.921623 52.365575,4.921243 52.366102,4.910685 52.3697,4.910038 52.369315,4.909685 52.369068,4.907105 52.367342,4.906546 52.366984,4.90637 52.366888,4.906116 52.366765))",1003.7875349449102,16117.171901551277,91824.38107767362,Low,High,Low,Low,Low,Medium,Low AC + Low Pressure (Limited Interest),High AC + Low Pressure (Potential),Low AC + Medium Pressure (Monitor),748,40,156,428,5.347593582887701,20.855614973262032,57.21925133689839
324,ChIJp9S64pAJxkcRxPW7-7hw-CY,If boutique hotel,24.77172473916243,24.039200176492713,26.45099966253694,Frederikspleinbuurt,De Weteringschans,POINT (4.9027278 52.359057299999996),"POLYGON((4.896177 52.358047,4.898039 52.357935,4.898259 52.357948,4.898511 52.357973,4.89876 52.358006,4.899006 52.358049,4.899246 52.3581,4.901674 52.358595,4.904 52.359049,4.904634 52.359212,4.904205 52.359948,4.903415 52.36153,4.903351 52.361656,4.901194 52.361227,4.896181 52.360253,4.896211 52.359874,4.896185 52.359696,4.896388 52.359683,4.89639 52.359529,4.896177 52.358047))",1554.4958066107545,28999.579948473383,92293.44285479361,High,Medium,Medium,Medium,Medium,Medium,High AC + Medium Pressure (Manageable),Medium AC + Medium Pressure (Balanced),Medium AC + Medium Pressure (Balanced),97,1,23,44,1.0309278350515463,23.711340206185564,45.36082474226804
325,ChIJpVk_ZsQJxkcR0ReZDivqD8g,Di-Ann City Centre Hotel,8.140013537434907,23.5754878558314,25.37421972515761,Felix Meritisbuurt,Grachtengordel-West,POINT (4.8864404 52.373339699999995),"POLYGON((4.882614 52.368932,4.884411 52.368862,4.886623 52.368792,4.887279 52.368762,4.887679 52.368756,4.88784 52.368764,4.887828 52.368803,4.888126 52.370301,4.888509 52.372324,4.888766 52.373038,4.888822 52.373147,4.888855 52.37326,4.886906 52.37342,4.88666 52.373456,4.886468 52.373506,4.886299 52.373571,4.885833 52.373823,4.885708 52.373881,4.885558 52.373934,4.88539 52.373977,4.885158 52.373998,4.883385 52.374065,4.883069 52.373992,4.882614 52.368932))",15605.196787809022,72636.57704324946,123457.257961958,Low,Medium,Low,High,High,High,Low AC + High Pressure (Critical),Medium AC + High Pressure (Caution),Low AC + High Pressure (Critical),1785,197,1006,1330,11.03641456582633,56.358543417366946,74.50980392156863
326,ChIJpYFwfu8JxkcRUE-cuIuZ8eY,Hotel JL No76,8.218147753374316,26.21914109195632,28.31981558433328,P.C. Hooftbuurt,Museumkwartier,POINT (4.880160399999999 52.3595915),"POLYGON((4.877154 52.360101,4.878568 52.358153,4.883359 52.359432,4.883405 52.35945,4.883482 52.359496,4.883536 52.359554,4.883563 52.359618,4.883561 52.359684,4.883273 52.360145,4.883226 52.36029,4.884275 52.360568,4.884488 52.360643,4.88465 52.360727,4.885386 52.361236,4.884404 52.361727,4.884235 52.361794,4.884046 52.361849,4.883846 52.361888,4.883639 52.36191,4.882635 52.361928,4.882511 52.361938,4.882398 52.361957,4.882324 52.361581,4.882398 52.361478,4.880494 52.360974,4.880378 52.36092,4.877922 52.360277,4.877154 52.360101))",12345.164337005974,44763.655703557524,88391.18724990406,Low,High,High,High,Medium,Medium,Low AC + High Pressure (Critical),High AC + Medium Pressure (Manageable),High AC + Medium Pressure (Manageable),1132,185,543,731,16.342756183745582,47.96819787985866,64.57597173144876
327,ChIJp_0758AJxkcRsKVDlU6iNm0,OZO Hotels Cordial Amsterdam,19.804506124365258,22.193039132118802,25.92044782826497,Begijnhofbuurt,Burgwallen-Nieuwe Zijde,POINT (4.8923821 52.3707111),"POLYGON((4.889189 52.368703,4.889755 52.368785,4.890219 52.368863,4.890469 52.368833,4.890967 52.368916,4.891142 52.368983,4.891215 52.368992,4.8914 52.369011,4.892014 52.369051,4.892049 52.36921,4.89247 52.370246,4.892538 52.370449,4.892803 52.371494,4.892842 52.371759,4.892882 52.372372,4.892921 52.372564,4.892975 52.372708,4.892126 52.372742,4.891752 52.372725,4.89137 52.372719,4.890605 52.372643,4.890646 52.372251,4.890679 52.371644,4.890671 52.37153,4.890643 52.371422,4.890595 52.371316,4.890319 52.370838,4.8902 52.370688,4.890062 52.370551,4.889708 52.370094,4.88951 52.36971,4.889353 52.36935,4.889303 52.368908,4.889254 52.368804,4.889189 52.368703))",6008.027901112755,80547.10420435235,131641.99901332016,Medium,Low,Medium,High,High,High,Medium AC + High Pressure (Caution),Low AC + High Pressure (Critical),Medium AC + High Pressure (Caution),1570,193,1015,1289,12.292993630573248,64.64968152866241,82.10191082802548
328,ChIJp_6cFxXjxUcRmPG0EOWb1FM,limehome Amsterdam Gatwickstraat,4.335379990128177,30.419811641643353,28.25313700494695,Sloterdijk Stationskwartier,Sloterdijk Nieuw-West,POINT (4.841889 52.3905283),"POLYGON((4.819257 52.389038,4.819268 52.387484,4.82891 52.387554,4.831594 52.387412,4.831523 52.38488,4.836014 52.38495,4.839258 52.385018,4.839837 52.385036,4.843294 52.385101,4.843934 52.385089,4.84458 52.385103,4.844813 52.385108,4.844811 52.385146,4.844798 52.385146,4.844732 52.386384,4.844761 52.386922,4.844669 52.388623,4.844665 52.388757,4.844689 52.388756,4.844687 52.38892,4.844662 52.38892,4.844663 52.388899,4.844372 52.3889,4.844336 52.389522,4.844213 52.391808,4.844134 52.393288,4.844117 52.393849,4.844138 52.39428,4.844174 52.394607,4.844233 52.394945,4.844319 52.395304,4.843991 52.395258,4.843688 52.395231,4.843272 52.395141,4.84295 52.395061,4.842514 52.394933,4.84238 52.394915,4.842247 52.394882,4.841907 52.394762,4.841357 52.394542,4.841089 52.394422,4.840666 52.394211,4.837245 52.391623,4.836937 52.391378,4.836537 52.391083,4.836299 52.390925,4.835998 52.390749,4.835712 52.390599,4.835396 52.390449,4.835133 52.390338,4.834931 52.390259,4.834441 52.390091,4.834114 52.389995,4.833897 52.389939,4.833809 52.389916,4.833551 52.389857,4.832573 52.389692,4.831589 52.389544,4.830598 52.389413,4.829602 52.389299,4.828936 52.389232,4.827932 52.389145,4.826925 52.389076,4.819257 52.389038))",58.92715013977963,2102.0759743463245,4293.403606862906,Low,High,High,Low,Low,Low,Low AC + Low Pressure (Limited Interest),High AC + Low Pressure (Potential),High AC + Low Pressure (Potential),37,0,5,9,0.0,13.513513513513514,24.324324324324326
329,ChIJqUiwbpUJxkcR_ixaKOGkTkA,Hotel NH Amsterdam Schiller,22.7893180228767,22.58772630727059,25.909572037507665,Rembrandtplein e.o.,Grachtengordel-Zuid,POINT (4.896989 52.3658486),"POLYGON((4.892818 52.36518,4.895874 52.364754,4.896908 52.364966,4.897537 52.365087,4.901217 52.365779,4.900752 52.366625,4.899284 52.367172,4.898795 52.367263,4.898242 52.36732,4.89725 52.367428,4.897128 52.367428,4.896077 52.367379,4.895268 52.367368,4.895052 52.367331,4.894831 52.367308,4.894323 52.367287,4.894147 52.367289,4.893881 52.36729,4.893807 52.367265,4.893466 52.367042,4.893296 52.366678,4.893155 52.36609,4.893008 52.365641,4.892898 52.365425,4.892818 52.36518))",5649.259606424382,59276.49821849476,137067.88691552923,High,Low,Medium,High,High,High,High AC + High Pressure (Stress),Low AC + High Pressure (Critical),Medium AC + High Pressure (Caution),2427,333,990,1761,13.720642768850432,40.79110012360939,72.55871446229914
330,ChIJq_JOzOcJxkcRC9BdCfmFHX0,Boutique Hotel View,26.64774283427967,25.473572199053933,27.27822046804689,Leidsebuurt-Zuidwest,De Weteringschans,POINT (4.8798637 52.3648574),"POLYGON((4.879225 52.364925,4.879218 52.364778,4.879231 52.364631,4.879264 52.364487,4.879317 52.364344,4.879359 52.364259,4.879421 52.364179,4.879496 52.364109,4.879604 52.364039,4.879781 52.363963,4.880062 52.363888,4.88026 52.363825,4.880543 52.36371,4.880708 52.363627,4.880851 52.363543,4.881121 52.363362,4.881236 52.36327,4.882589 52.363906,4.882979 52.364242,4.88258 52.36452,4.882294 52.364385,4.881799 52.36474,4.881681 52.364682,4.880873 52.365286,4.880719 52.365427,4.8801 52.365211,4.879225 52.364925))",4273.107109576275,51887.435070986125,130578.03634270678,High,High,High,Medium,Medium,High,High AC + Medium Pressure (Manageable),High AC + Medium Pressure (Manageable),High AC + High Pressure (Stress),449,40,190,362,8.908685968819599,42.31625835189309,80.62360801781738
331,ChIJqeP-C8sLxkcRCZpa4cMB9dw,Boutique Hotel Oosteinde Amsterdam,25.046777590129615,24.0158261200648,26.36556615863804,Frederikspleinbuurt,De Weteringschans,POINT (4.9017032 52.359248699999995),"POLYGON((4.896177 52.358047,4.898039 52.357935,4.898259 52.357948,4.898511 52.357973,4.89876 52.358006,4.899006 52.358049,4.899246 52.3581,4.901674 52.358595,4.904 52.359049,4.904634 52.359212,4.904205 52.359948,4.903415 52.36153,4.903351 52.361656,4.901194 52.361227,4.896181 52.360253,4.896211 52.359874,4.896185 52.359696,4.896388 52.359683,4.89639 52.359529,4.896177 52.358047))",1578.9853642493008,29085.34857205503,94798.08271665843,High,Medium,Medium,Medium,Medium,Medium,High AC + Medium Pressure (Manageable),Medium AC + Medium Pressure (Balanced),Medium AC + Medium Pressure (Balanced),654,17,135,393,2.599388379204893,20.642201834862387,60.09174311926605
332,ChIJqfK327gJxkcRfvN3QYUBX3A,Hotel 83,6.839501957505667,24.049870766311216,24.60737870557014,Burgwallen-Oost,Burgwallen-Oude Zijde,POINT (4.8984318 52.3727672),"POLYGON((4.895876 52.37186,4.897063 52.371438,4.898755 52.370995,4.899295 52.371577,4.899857 52.372224,4.899667 52.372276,4.899686 52.372341,4.900099 52.37291,4.900166 52.372968,4.900247 52.373008,4.900369 52.373035,4.900551 52.373044,4.900708 52.373018,4.900936 52.373494,4.901266 52.374174,4.900587 52.374402,4.90048 52.374418,4.900275 52.374486,4.900201 52.37449,4.899667 52.374678,4.899406 52.374749,4.899014 52.374374,4.898724 52.374116,4.896856 52.372674,4.895876 52.37186))",13483.501288165324,65235.41736556487,114345.49235323137,Low,Medium,Low,High,High,High,Low AC + High Pressure (Critical),Medium AC + High Pressure (Caution),Low AC + High Pressure (Critical),510,115,281,391,22.54901960784314,55.09803921568628,76.66666666666667
333,ChIJqz18bPEJxkcRcontM7WBMx4,"The College Hotel Amsterdam, Autograph Collection",30.489904697626248,23.23840671118949,28.109652161076355,Duivelseiland,Museumkwartier,POINT (4.8837348 52.3527765),"POLYGON((4.88172 52.353691,4.882146 52.353087,4.882264 52.352987,4.882336 52.352944,4.882459 52.352889,4.883362 52.352569,4.883754 52.352468,4.884058 52.35241,4.884266 52.35238,4.884599 52.352349,4.886074 52.352248,4.886485 52.352236,4.886499 52.352767,4.886518 52.352889,4.886567 52.353029,4.886624 52.353149,4.886773 52.35338,4.886768 52.35355,4.886786 52.353938,4.886778 52.354412,4.886759 52.354622,4.886476 52.354615,4.886282 52.354593,4.88438 52.354255,4.884277 52.354189,4.882819 52.353894,4.88172 52.353691))",710.1564435673956,28314.921558954116,64769.41698185605,High,Medium,High,Low,Medium,Low,High AC + Low Pressure (Potential),Medium AC + Medium Pressure (Balanced),High AC + Low Pressure (Potential),3144,58,596,1115,1.8447837150127224,18.956743002544528,35.46437659033079
334,ChIJr2RD3OoJxkcR40r0HSecnNg,Dream Hotel Amsterdam,22.671482883119566,22.924073681182303,26.459000550133283,Vijzelstraatbuurt,Grachtengordel-Zuid,POINT (4.892787 52.364551999999996),"POLYGON((4.888035 52.362693,4.888099 52.362673,4.895908 52.361605,4.896088 52.36162,4.895874 52.364754,4.892818 52.36518,4.89053 52.365499,4.890058 52.364952,4.888035 52.362693))",4547.663268102834,73467.73189716603,137927.54174203804,High,Low,Medium,Medium,High,High,High AC + Medium Pressure (Manageable),Low AC + High Pressure (Critical),Medium AC + High Pressure (Caution),619,53,342,484,8.562197092084006,55.25040387722132,78.19063004846527
335,ChIJrShpvgQKxkcRmGVTfdQ0BfA,Qbic Hotel WTC Amsterdam,16.778024667987072,28.928281448848196,29.097290005582536,Zuidas-Noord,Zuidas,POINT (4.8750732 52.339934),"POLYGON((4.857095 52.338902,4.857099 52.338829,4.85758 52.338853,4.857617 52.337863,4.857599 52.336999,4.858214 52.336994,4.858585 52.336946,4.859137 52.336909,4.859848 52.336833,4.859989 52.336826,4.86031 52.336831,4.860473 52.336846,4.860605 52.336881,4.860766 52.336942,4.860953 52.337033,4.861029 52.337075,4.861213 52.337207,4.86132 52.337268,4.861628 52.337474,4.86174 52.33754,4.861975 52.337656,4.86208 52.3377,4.862262 52.337755,4.862388 52.33778,4.862669 52.337809,4.863263 52.337846,4.86461 52.337913,4.86601 52.337973,4.866697 52.33801,4.866927 52.338029,4.868686 52.33811,4.872006 52.33828,4.873434 52.338339,4.875216 52.338367,4.876645 52.338368,4.87928 52.338375,4.880617 52.338368,4.881925 52.338325,4.88312 52.33827,4.883961 52.338202,4.884227 52.338173,4.884628 52.338116,4.88507 52.341242,4.885297 52.341233,4.885405 52.342006,4.879039 52.341776,4.878318 52.341793,4.877146 52.34182,4.876052 52.341808,4.864983 52.341396,4.864804 52.343159,4.863005 52.342605,4.86282 52.34256,4.862657 52.342534,4.862507 52.342518,4.862289 52.342512,4.859679 52.342549,4.859471 52.342546,4.859174 52.342518,4.858055 52.34236,4.8573 52.342254,4.85734 52.342144,4.857334 52.342101,4.857435 52.341771,4.857462 52.341537,4.857414 52.34122,4.857326 52.340846,4.857199 52.340164,4.857159 52.339883,4.857137 52.33957,4.857163 52.339161,4.857159 52.339088,4.857116 52.338921,4.857095 52.338902))",211.61864824864324,3996.87589760456,23090.17705421257,Medium,High,High,Low,Low,Low,Medium AC + Low Pressure (Opportunity),High AC + Low Pressure (Potential),High AC + Low Pressure (Potential),2179,74,216,367,3.396053235429096,9.912804038549794,16.84258834327673
336,ChIJreCzA8gJxkcRpQe1NTXKPZ8,Central Station (CS) Hotel Amsterdam,11.221316907664201,22.631405431412034,24.56615418745844,Nieuwendijk-Noord,Burgwallen-Nieuwe Zijde,POINT (4.8962707 52.3777474),"POLYGON((4.893582 52.376221,4.8951 52.376206,4.895342 52.376181,4.895472 52.376156,4.895622 52.376115,4.895702 52.376036,4.896266 52.375819,4.896473 52.375764,4.89708 52.375505,4.899141 52.376971,4.899692 52.377303,4.898867 52.377741,4.898667 52.378012,4.898562 52.378122,4.898442 52.378227,4.898062 52.378505,4.897931 52.378579,4.897713 52.378678,4.896895 52.378001,4.895954 52.377792,4.89585 52.377757,4.895748 52.377712,4.895663 52.377661,4.895584 52.3776,4.895104 52.377147,4.894966 52.37704,4.894775 52.376916,4.894422 52.376738,4.8942 52.376609,4.893582 52.376221))",9862.1023406238,61246.36622266074,102420.853039522,Low,Low,Low,High,High,Medium,Low AC + High Pressure (Critical),Low AC + High Pressure (Critical),Low AC + Medium Pressure (Monitor),14,1,6,9,7.142857142857142,42.857142857142854,64.28571428571429
337,ChIJs01eRrgJxkcR5jnrl3llcqM,Hotel CC,9.933219523591525,25.192706278298083,24.77240112599432,Kop Zeedijk,Burgwallen-Oude Zijde,POINT (4.8984916 52.375656),"POLYGON((4.89708 52.375505,4.897889 52.37516,4.898001 52.375238,4.899233 52.374789,4.899406 52.374749,4.899667 52.374678,4.900201 52.37449,4.900275 52.374486,4.90048 52.374418,4.900587 52.374402,4.901266 52.374174,4.902273 52.376142,4.903254 52.37659,4.902978 52.37669,4.902452 52.377141,4.90196 52.377244,4.900968 52.377242,4.899692 52.377303,4.899141 52.376971,4.89708 52.375505))",10188.334703721976,56710.29677136435,105057.28586307076,Low,High,Low,High,High,Medium,Low AC + High Pressure (Critical),High AC + High Pressure (Stress),Low AC + Medium Pressure (Monitor),1993,523,1162,1499,26.24184646261917,58.30406422478676,75.21324636226794
338,ChIJs69RGbgJxkcRnb0X_Jx7ses,Hotel Neutraal,13.59235376361454,23.749760069104326,24.828444439850678,Nieuwendijk-Noord,Burgwallen-Nieuwe Zijde,POINT (4.897671 52.376861999999996),"POLYGON((4.893582 52.376221,4.8951 52.376206,4.895342 52.376181,4.895472 52.376156,4.895622 52.376115,4.895702 52.376036,4.896266 52.375819,4.896473 52.375764,4.89708 52.375505,4.899141 52.376971,4.899692 52.377303,4.898867 52.377741,4.898667 52.378012,4.898562 52.378122,4.898442 52.378227,4.898062 52.378505,4.897931 52.378579,4.897713 52.378678,4.896895 52.378001,4.895954 52.377792,4.89585 52.377757,4.895748 52.377712,4.895663 52.377661,4.895584 52.3776,4.895104 52.377147,4.894966 52.37704,4.894775 52.376916,4.894422 52.376738,4.8942 52.376609,4.893582 52.376221))",12895.524639587786,60450.06424381954,102725.20610645178,Medium,Medium,Low,High,High,Medium,Medium AC + High Pressure (Caution),Medium AC + High Pressure (Caution),Low AC + Medium Pressure (Monitor),697,111,305,453,15.925394548063126,43.75896700143472,64.99282639885222
339,ChIJs7FVzM4JxkcRMmxpcKb-C1c,The Bank Hotel,5.224354324056051,22.262428710758183,25.551156639003676,Haarlemmerbuurt-Oost,Haarlemmerbuurt,POINT (4.8905036 52.3809171),"POLYGON((4.888437 52.380522,4.889848 52.379731,4.890134 52.379632,4.890239 52.379599,4.89172 52.37927,4.892009 52.379265,4.893526 52.378945,4.893684 52.378901,4.894004 52.378766,4.894341 52.37903,4.895194 52.379624,4.895468 52.379856,4.895807 52.380144,4.894849 52.380524,4.894862 52.380537,4.894709 52.380583,4.894726 52.3806,4.894508 52.380683,4.894487 52.380663,4.891898 52.381608,4.891499 52.381763,4.890642 52.382161,4.890637 52.382179,4.890186 52.382395,4.890156 52.382364,4.889908 52.382132,4.888437 52.380522))",4526.848160938442,45192.17826015458,94345.04708655374,Low,Low,Medium,Medium,Medium,Medium,Low AC + Medium Pressure (Monitor),Low AC + Medium Pressure (Monitor),Medium AC + Medium Pressure (Balanced),726,93,290,450,12.8099173553719,39.94490358126722,61.98347107438017
340,ChIJsUKGLZIJxkcRJnQtYTo6FxE,Hotel Notting Hill Amsterdam,25.83053938370391,23.207123112256145,26.820660308797763,Frederikspleinbuurt,De Weteringschans,POINT (4.898828 52.3583679),"POLYGON((4.896177 52.358047,4.898039 52.357935,4.898259 52.357948,4.898511 52.357973,4.89876 52.358006,4.899006 52.358049,4.899246 52.3581,4.901674 52.358595,4.904 52.359049,4.904634 52.359212,4.904205 52.359948,4.903415 52.36153,4.903351 52.361656,4.901194 52.361227,4.896181 52.360253,4.896211 52.359874,4.896185 52.359696,4.896388 52.359683,4.89639 52.359529,4.896177 52.358047))",2917.9401962396537,27691.415008496406,97690.58784191195,High,Medium,Medium,Medium,Medium,Medium,High AC + Medium Pressure (Manageable),Medium AC + Medium Pressure (Balanced),Medium AC + Medium Pressure (Balanced),1893,62,554,1140,3.2752245113576337,29.265715795034335,60.22187004754358
341,ChIJsYZOU_kJxkcRXMtoR1ufaDk,Hilton Amsterdam,21.249042163212888,23.969475773640227,28.565898561226437,Hiltonbuurt,Apollobuurt,POINT (4.8720606 52.351397399999996),"POLYGON((4.865303 52.350694,4.865494 52.350424,4.865614 52.350451,4.86574 52.350469,4.866564 52.350533,4.866725 52.350539,4.866777 52.350394,4.877178 52.350788,4.877364 52.350776,4.878733 52.350532,4.879053 52.351194,4.877493 52.351472,4.873547 52.352175,4.873 52.352214,4.871924 52.352218,4.87086 52.352119,4.870566 52.352072,4.87039 52.352044,4.866079 52.350898,4.865303 52.350694))",27.79899139395932,13298.058104478429,53599.71101244312,High,Medium,High,Low,Low,Low,High AC + Low Pressure (Potential),Medium AC + Low Pressure (Opportunity),High AC + Low Pressure (Potential),7308,55,711,2108,0.752599890530925,9.729064039408868,28.845101258894363
342,ChIJsZP0Y5oLxkcRwiYpjvf7ldA,Courtyard Amsterdam Arena Atlas,22.16831738109053,21.432682161117473,21.49550043205065,Amstel III deel A/B-Noord,Amstel III/Bullewijk,POINT (4.9466304 52.3097809),"POLYGON((4.937991 52.310475,4.939838 52.308461,4.940318 52.307977,4.940496 52.307729,4.940716 52.307361,4.940771 52.307252,4.940972 52.306767,4.941054 52.306618,4.941156 52.306468,4.942191 52.305301,4.944159 52.303149,4.944455 52.302775,4.944778 52.302259,4.945144 52.301804,4.947118 52.29965,4.955402 52.302497,4.955332 52.302577,4.95506 52.302809,4.953137 52.304959,4.952491 52.305706,4.952096 52.306078,4.951546 52.306643,4.947751 52.310545,4.947509 52.310809,4.946359 52.312063,4.942527 52.310729,4.941598 52.311684,4.937991 52.310475))",15.743353615085232,17907.96223208902,33594.49925999013,High,Low,Low,Low,Low,Low,High AC + Low Pressure (Potential),Low AC + Low Pressure (Limited Interest),Low AC + Low Pressure (Limited Interest),2311,35,513,611,1.5144958892254434,22.198182604932928,26.438771094764174
343,ChIJscGzEbQJxkcRPljqGTxt7mQ,SUPPER Hotel,16.10982033590764,23.004679921324538,26.711100264887865,Leidsegracht-Zuid,Grachtengordel-Zuid,POINT (4.8889219 52.3675023),"POLYGON((4.882798 52.366177,4.882882 52.366075,4.883506 52.365687,4.884365 52.365108,4.884469 52.365026,4.887919 52.366659,4.888269 52.366779,4.8884 52.366822,4.888627 52.366872,4.889418 52.367136,4.889641 52.367285,4.88854 52.36813,4.88806 52.368499,4.887719 52.368392,4.886703 52.36804,4.886666 52.367546,4.885875 52.367246,4.885166 52.367012,4.884537 52.366784,4.882798 52.366177))",7866.711341336402,78494.05607630324,143155.8522172888,Medium,Low,Medium,High,High,High,Medium AC + High Pressure (Caution),Low AC + High Pressure (Critical),Medium AC + High Pressure (Caution),118,12,63,99,10.16949152542373,53.38983050847458,83.89830508474576
344,ChIJt2YRyRnixUcR1DznptCpL_A,WestCord Fashion Hotel Amsterdam,14.590326079901503,24.81596729935783,26.466857335252264,Andreasterrein,Westlandgracht,POINT (4.8445759 52.357655),"POLYGON((4.842496 52.357983,4.84255 52.356139,4.842643 52.353001,4.842649 52.352452,4.842633 52.352078,4.844793 52.352095,4.84474 52.355481,4.848933 52.355507,4.848892 52.357914,4.848885 52.358045,4.842496 52.357983))",22.49777997039959,1643.7116702296764,11130.06544976155,Medium,Medium,Medium,Low,Low,Low,Medium AC + Low Pressure (Opportunity),Medium AC + Low Pressure (Opportunity),Medium AC + Low Pressure (Opportunity),6561,66,280,608,1.0059442158207592,4.267642127724432,9.266880048773054
345,ChIJt2YRyRnixUcROCYYl3nQeRw,Bastion Hotel Amsterdam Zuidwest,13.230572146747061,25.450987841730626,26.445237343136224,Andreasterrein,Westlandgracht,POINT (4.8436214 52.3575965),"POLYGON((4.842496 52.357983,4.84255 52.356139,4.842643 52.353001,4.842649 52.352452,4.842633 52.352078,4.844793 52.352095,4.84474 52.355481,4.848933 52.355507,4.848892 52.357914,4.848885 52.358045,4.842496 52.357983))",2.8124212026530624,1586.3758153812414,11107.244915858135,Low,High,Medium,Low,Low,Low,Low AC + Low Pressure (Limited Interest),High AC + Low Pressure (Potential),Medium AC + Low Pressure (Opportunity),2046,3,74,209,0.1466275659824047,3.6168132942326494,10.21505376344086
346,ChIJtT9nXtAJxkcRbguGymb22VE,Linden Hotel,12.480542933251703,20.99030180372153,25.861254799859147,Anjeliersbuurt-Noord,Jordaan,POINT (4.880504 52.379424),"POLYGON((4.879183 52.377706,4.879359 52.377669,4.887129 52.379096,4.888166 52.380216,4.888437 52.380522,4.88807 52.380728,4.880367 52.379582,4.879183 52.377706))",1517.2486981307898,33691.73798169161,99908.09422792304,Low,Low,Medium,Medium,Medium,Medium,Low AC + Medium Pressure (Monitor),Low AC + Medium Pressure (Monitor),Medium AC + Medium Pressure (Balanced),920,114,327,588,12.391304347826088,35.54347826086956,63.91304347826087
347,ChIJtZWqHJEJxkcRGcZ9UEI4Uow,Hotel Iris,24.77172473916243,24.039200176492713,26.45099966253694,Frederikspleinbuurt,De Weteringschans,POINT (4.9027278 52.359057299999996),"POLYGON((4.896177 52.358047,4.898039 52.357935,4.898259 52.357948,4.898511 52.357973,4.89876 52.358006,4.899006 52.358049,4.899246 52.3581,4.901674 52.358595,4.904 52.359049,4.904634 52.359212,4.904205 52.359948,4.903415 52.36153,4.903351 52.361656,4.901194 52.361227,4.896181 52.360253,4.896211 52.359874,4.896185 52.359696,4.896388 52.359683,4.89639 52.359529,4.896177 52.358047))",1554.4958066107545,28999.579948473383,92293.44285479361,High,Medium,Medium,Medium,Medium,Medium,High AC + Medium Pressure (Manageable),Medium AC + Medium Pressure (Balanced),Medium AC + Medium Pressure (Balanced),597,22,131,345,3.6850921273031827,21.943048576214405,57.78894472361809
348,ChIJtdZbkaYJxkcRc9Qcc-bXUGc,Pension Homeland,29.877438366503384,24.539585755285003,25.087924883708617,Marine-Etablissement,Oostelijke Eilanden/Kadijken,POINT (4.9167426999999995 52.3730206),"POLYGON((4.911158 52.377637,4.910753 52.377683,4.91138 52.374941,4.912723 52.375064,4.913067 52.374523,4.913263 52.374148,4.913413 52.373775,4.91352 52.373396,4.913585 52.373014,4.913608 52.372621,4.913587 52.372237,4.91352 52.371845,4.913413 52.371467,4.914453 52.370907,4.914677 52.371003,4.917663 52.372109,4.920876 52.374103,4.921132 52.3749,4.921411 52.375605,4.921292 52.375623,4.92128 52.375608,4.921262 52.37561,4.921248 52.375576,4.920501 52.375687,4.914512 52.37666,4.914117 52.376716,4.91356 52.376772,4.913303 52.376786,4.912729 52.376797,4.912404 52.37679,4.912121 52.376775,4.912092 52.376786,4.912083 52.376806,4.911981 52.376798,4.911905 52.377099,4.912038 52.377112,4.912086 52.377185,4.911985 52.37758,4.911158 52.377637))",0.5660253247820995,7018.14454859398,41765.48747464781,High,Medium,Low,Low,Low,Low,High AC + Low Pressure (Potential),Medium AC + Low Pressure (Opportunity),Low AC + Low Pressure (Limited Interest),1628,3,116,434,0.18427518427518427,7.125307125307126,26.65847665847666
349,ChIJtwUpPeUJxkcR7JFvxemRm_4,Hotel The Neighbour's Magnolia,13.774611079483073,28.153245502590003,28.517938742857346,Cornelis Schuytbuurt,Museumkwartier,POINT (4.8691676 52.3554459),"POLYGON((4.867135 52.356104,4.867199 52.356017,4.8673 52.356029,4.867402 52.356021,4.8675 52.35598,4.867588 52.355917,4.86764 52.355852,4.867979 52.355269,4.868163 52.355321,4.868916 52.354367,4.869043 52.354164,4.869795 52.353183,4.869945 52.353088,4.870223 52.353201,4.876249 52.354804,4.873875 52.358139,4.87369 52.358089,4.873326 52.357963,4.873128 52.357917,4.872738 52.357856,4.872532 52.357806,4.87234 52.35773,4.872225 52.357649,4.872071 52.357676,4.872005 52.357717,4.871692 52.357633,4.871707 52.357599,4.871705 52.357575,4.871625 52.357489,4.871572 52.357493,4.871428 52.357487,4.871246 52.357456,4.870988 52.357377,4.870593 52.357232,4.870342 52.357163,4.870254 52.357252,4.869965 52.35715,4.870026 52.357086,4.869746 52.35703,4.86932 52.35692,4.869049 52.356826,4.868742 52.35669,4.868392 52.356553,4.868204 52.356501,4.867866 52.356424,4.86779 52.356431,4.867756 52.356448,4.867736 52.35647,4.867566 52.356433,4.867552 52.356381,4.867498 52.35634,4.867194 52.356266,4.867135 52.356104))",1491.125692046264,22443.92495751795,61150.80743298799,Medium,High,High,Medium,Low,Low,Medium AC + Medium Pressure (Balanced),High AC + Low Pressure (Potential),High AC + Low Pressure (Potential),798,36,243,382,4.511278195488721,30.451127819548873,47.86967418546366
350,ChIJu0jUcO8JxkcR8HjEl5H0aPw,Hotel Aalders,10.42491516774768,25.05573475358989,27.56269891688794,P.C. Hooftbuurt,Museumkwartier,POINT (4.880952199999999 52.3595234),"POLYGON((4.877154 52.360101,4.878568 52.358153,4.883359 52.359432,4.883405 52.35945,4.883482 52.359496,4.883536 52.359554,4.883563 52.359618,4.883561 52.359684,4.883273 52.360145,4.883226 52.36029,4.884275 52.360568,4.884488 52.360643,4.88465 52.360727,4.885386 52.361236,4.884404 52.361727,4.884235 52.361794,4.884046 52.361849,4.883846 52.361888,4.883639 52.36191,4.882635 52.361928,4.882511 52.361938,4.882398 52.361957,4.882324 52.361581,4.882398 52.361478,4.880494 52.360974,4.880378 52.36092,4.877922 52.360277,4.877154 52.360101))",5615.814887902209,44546.82163021433,92581.6145370827,Low,Medium,High,High,Medium,Medium,Low AC + High Pressure (Critical),Medium AC + Medium Pressure (Balanced),High AC + Medium Pressure (Manageable),702,100,379,472,14.245014245014245,53.98860398860399,67.23646723646723
351,ChIJu3LJd_wJxkcRp4PME-vyUHQ,The Alfred Hotel Amsterdam,14.400029215577606,24.787574801121146,28.71462830182674,Banpleinbuurt,Museumkwartier,POINT (4.8720666 52.3534866),"POLYGON((4.869945 52.353088,4.870076 52.353005,4.870409 52.35254,4.870566 52.352072,4.87086 52.352119,4.871924 52.352218,4.873 52.352214,4.873547 52.352175,4.877493 52.351472,4.877931 52.352404,4.876249 52.354804,4.870223 52.353201,4.869945 52.353088))",1599.5647097516853,19793.13144767856,65706.73622759414,Medium,Medium,High,Medium,Low,Low,Medium AC + Medium Pressure (Balanced),Medium AC + Low Pressure (Opportunity),High AC + Low Pressure (Potential),3978,214,876,1656,5.379587732528909,22.021116138763198,41.6289592760181
352,ChIJu8I6s3gJxkcRK2EhPaiZBVs,Hotel Casa Amsterdam,9.50558461192157,20.96824549016139,26.223834279154335,De Eenhoorn,Frankendael,POINT (4.9186039 52.349952699999996),"POLYGON((4.915413 52.349538,4.915798 52.349056,4.916041 52.348736,4.916266 52.34841,4.916606 52.347884,4.922385 52.348688,4.922685 52.348712,4.922988 52.34872,4.923291 52.348712,4.92374 52.348668,4.925053 52.350092,4.922277 52.351814,4.921867 52.352124,4.921619 52.352331,4.916499 52.350026,4.915413 52.349538))",109.78753494491036,8751.854190648466,27521.39982459025,Low,Low,Medium,Low,Low,Low,Low AC + Low Pressure (Limited Interest),Low AC + Low Pressure (Limited Interest),Medium AC + Low Pressure (Opportunity),9633,246,780,1448,2.5537215820616628,8.097165991902834,15.031661995224749
353,ChIJuU3SjQzixUcRXLl4DK4QOEA,Hotel Not Hotel Amsterdam,27.581984203171828,25.45568102381791,27.22230899314256,De Wester Quartier,Chassébuurt,POINT (4.8600541999999995 52.3663075),"POLYGON((4.859 52.368661,4.859105 52.368016,4.859221 52.366685,4.859343 52.365957,4.859558 52.364874,4.859592 52.364807,4.859632 52.364768,4.859684 52.364733,4.859745 52.364706,4.860071 52.364599,4.861302 52.36608,4.862259 52.367122,4.863284 52.368239,4.861498 52.36881,4.859205 52.368686,4.859 52.368661))",43.70744943265909,11240.231157156168,29786.255221180723,High,High,High,Low,Low,Low,High AC + Low Pressure (Potential),High AC + Low Pressure (Potential),High AC + Low Pressure (Potential),1700,43,193,375,2.5294117647058822,11.352941176470587,22.058823529411764
354,ChIJud7XrrkJxkcRxHjNyx7ggW0,The Crown Hotel,8.42969148935483,24.868429394500076,24.070516908346892,Kop Zeedijk,Burgwallen-Oude Zijde,POINT (4.8999095 52.374863),"POLYGON((4.89708 52.375505,4.897889 52.37516,4.898001 52.375238,4.899233 52.374789,4.899406 52.374749,4.899667 52.374678,4.900201 52.37449,4.900275 52.374486,4.90048 52.374418,4.900587 52.374402,4.901266 52.374174,4.902273 52.376142,4.903254 52.37659,4.902978 52.37669,4.902452 52.377141,4.90196 52.377244,4.900968 52.377242,4.899692 52.377303,4.899141 52.376971,4.89708 52.375505))",14738.316559776353,57566.095653127224,106756.77953187523,Low,Medium,Low,High,High,Medium,Low AC + High Pressure (Critical),Medium AC + High Pressure (Caution),Low AC + Medium Pressure (Monitor),384,102,228,302,26.5625,59.375,78.64583333333334
355,ChIJv4Nts7wJxkcRk3PpdJb4-J4,"Holiday Inn Express Amsterdam - City Hall, an IHG Hotel",21.044609941477777,22.644227466488736,25.277351603932672,Uilenburg,Nieuwmarkt/Lastage,POINT (4.9083648 52.370405899999994),"POLYGON((4.901121 52.369622,4.902625 52.368986,4.903716 52.368539,4.903968 52.368447,4.908219 52.370071,4.908707 52.370163,4.909154 52.370386,4.90831 52.370851,4.907323 52.371538,4.906674 52.371924,4.90637 52.372076,4.905795 52.371822,4.904813 52.371415,4.902152 52.370282,4.901635 52.369967,4.901121 52.369622))",242.90763580551442,30396.45984761278,86061.83763635367,High,Low,Low,Low,Medium,Medium,High AC + Low Pressure (Potential),Low AC + Medium Pressure (Monitor),Low AC + Medium Pressure (Monitor),2038,74,717,1222,3.631010794896958,35.18155053974485,59.96074582924435
356,ChIJv6OOxGDixUcR0NBBnqvC4sw,XO Hotels Park West,27.731211701921758,26.1982481751869,26.74389484294303,Woon- en Groengebied Sloterdijk,Sloterdijk-West,POINT (4.8470597 52.385600999999994),"POLYGON((4.844687 52.38892,4.844689 52.388756,4.844665 52.388757,4.844669 52.388623,4.844761 52.386922,4.844732 52.386384,4.844798 52.385146,4.844811 52.385146,4.844813 52.385108,4.845033 52.385119,4.845324 52.385156,4.845564 52.385168,4.846198 52.385159,4.84751 52.385165,4.852974 52.385256,4.855107 52.385308,4.855246 52.385302,4.855658 52.385305,4.856675 52.385324,4.860674 52.385394,4.864208 52.385453,4.863971 52.386114,4.86388 52.386368,4.863697 52.386743,4.863505 52.387177,4.86319 52.388028,4.864917 52.388058,4.864849 52.388645,4.86493 52.388661,4.864963 52.388967,4.864756 52.388972,4.862088 52.388954,4.862089 52.388979,4.861826 52.388979,4.861822 52.388953,4.859171 52.388933,4.853664 52.388893,4.850898 52.388881,4.850896 52.388918,4.849925 52.388919,4.849924 52.388879,4.847451 52.3889,4.84745 52.388928,4.847238 52.388924,4.847239 52.388881,4.845858 52.388921,4.844687 52.38892))",855.7227429699062,3640.5496902921664,5473.76807542619,High,High,Medium,Low,Low,Low,High AC + Low Pressure (Potential),High AC + Low Pressure (Potential),Medium AC + Low Pressure (Opportunity),8595,368,705,847,4.281559045956952,8.202443280977311,9.854566608493311
357,ChIJv8p3wMcJxkcRPt955tgRVEU,Inntel Hotels Amsterdam Centre,8.177210721271605,23.028158346359007,25.565865082937606,Nieuwe Kerk e.o.,Burgwallen-Nieuwe Zijde,POINT (4.8943917 52.3760456),"POLYGON((4.890589 52.373174,4.890573 52.372947,4.890605 52.372643,4.89137 52.372719,4.891752 52.372725,4.892126 52.372742,4.892975 52.372708,4.893011 52.372707,4.893299 52.3732,4.893565 52.373489,4.894364 52.374067,4.896473 52.375764,4.896266 52.375819,4.895702 52.376036,4.895622 52.376115,4.895472 52.376156,4.895342 52.376181,4.8951 52.376206,4.893582 52.376221,4.89245 52.375459,4.892069 52.375192,4.891934 52.375074,4.891756 52.374874,4.891352 52.374452,4.890938 52.373991,4.89088 52.373892,4.89065 52.373392,4.890589 52.373174))",11981.78397193444,66776.05476073014,107266.77975113742,Low,Low,Medium,High,High,Medium,Low AC + High Pressure (Critical),Low AC + High Pressure (Critical),Medium AC + Medium Pressure (Balanced),4760,696,2738,3382,14.6218487394958,57.52100840336134,71.05042016806723
358,ChIJv_AEd5UJxkcRpiVUUz8abzs,City Hotel Rembrandt Square,21.70570260045063,22.61846482021742,25.99272079827532,Rembrandtplein e.o.,Grachtengordel-Zuid,POINT (4.8974481999999995 52.365771099999996),"POLYGON((4.892818 52.36518,4.895874 52.364754,4.896908 52.364966,4.897537 52.365087,4.901217 52.365779,4.900752 52.366625,4.899284 52.367172,4.898795 52.367263,4.898242 52.36732,4.89725 52.367428,4.897128 52.367428,4.896077 52.367379,4.895268 52.367368,4.895052 52.367331,4.894831 52.367308,4.894323 52.367287,4.894147 52.367289,4.893881 52.36729,4.893807 52.367265,4.893466 52.367042,4.893296 52.366678,4.893155 52.36609,4.893008 52.365641,4.892898 52.365425,4.892818 52.36518))",5788.538069396481,58613.89568601655,137578.97538781998,High,Low,Medium,High,High,High,High AC + High Pressure (Stress),Low AC + High Pressure (Critical),Medium AC + High Pressure (Caution),390,62,170,280,15.897435897435896,43.58974358974359,71.7948717948718
359,ChIJvbaEJlsJxkcRciO58nceX0o,the niu Fender,26.308253768270756,27.755893075300815,28.267923989954785,Cruquiusbuurt,Oostelijk Havengebied,POINT (4.9463548 52.3689677),"POLYGON((4.945582 52.370213,4.945657 52.368838,4.945709 52.368755,4.945805 52.368687,4.945925 52.368644,4.946098 52.368618,4.94613 52.367362,4.951878 52.367412,4.954381 52.367439,4.954643 52.367471,4.954902 52.36752,4.955137 52.36758,4.955426 52.367673,4.955605 52.367746,4.955769 52.36783,4.955945 52.367946,4.956573 52.368462,4.956653 52.368726,4.956698 52.368993,4.956709 52.369262,4.956685 52.36953,4.955756 52.373337,4.95514 52.373393,4.95452 52.373427,4.951448 52.370536,4.945582 52.370213))",1.8105026585539608,465.6126185386174,9707.844049772513,High,High,High,Low,Low,Low,High AC + Low Pressure (Potential),High AC + Low Pressure (Potential),High AC + Low Pressure (Potential),2221,0,72,222,0.0,3.2417829806393517,9.995497523638
360,ChIJw0-tDsAJxkcRaW2mhNKHU0Y,De L'Europe Amsterdam,19.494214556058555,21.941511270972295,26.330299657920726,BG-terrein e.o.,Burgwallen-Oude Zijde,POINT (4.8942865 52.367511199999996),"POLYGON((4.892392 52.369081,4.892436 52.368964,4.892892 52.368332,4.894147 52.367289,4.894323 52.367287,4.894831 52.367308,4.895052 52.367331,4.895268 52.367368,4.895372 52.367424,4.895474 52.367498,4.895786 52.367811,4.896231 52.368291,4.896366 52.368497,4.898755 52.370995,4.897063 52.371438,4.895876 52.37186,4.895204 52.371299,4.894959 52.371051,4.894826 52.370898,4.894755 52.370762,4.894263 52.369231,4.893666 52.369217,4.893512 52.369177,4.892392 52.369081))",4100.704050868826,76437.51712985802,137143.28553417747,Medium,Low,Medium,Medium,High,High,Medium AC + Medium Pressure (Balanced),Low AC + High Pressure (Critical),Medium AC + High Pressure (Caution),8396,977,3987,5934,11.636493568365887,47.48689852310624,70.67651262505954
361,ChIJw6qpm5EJxkcRtD1Iffo6hFE,Ibis Styles Amsterdam City,23.550824619136282,24.49386266602017,26.513786704613075,Hemonybuurt,Oude Pijp,POINT (4.9007379 52.357911699999995),"POLYGON((4.899246 52.3581,4.899333 52.357704,4.899795 52.356662,4.901246 52.354828,4.904811 52.355952,4.904997 52.355994,4.906056 52.356169,4.90489 52.358751,4.904634 52.359212,4.904 52.359049,4.901674 52.358595,4.899246 52.3581))",2909.2130680260925,28747.651756838237,85943.03058707449,High,Medium,Medium,Medium,Medium,Medium,High AC + Medium Pressure (Manageable),Medium AC + Medium Pressure (Balanced),Medium AC + Medium Pressure (Balanced),2986,118,566,1556,3.9517749497655728,18.955123911587407,52.10984594775619
362,ChIJw7r95k0IxkcRMplP48jSq94,Hotel NH Amsterdam Noord,12.69837229457046,21.993000363445883,25.23785684132596,Van der Pekbuurt,Volewijck,POINT (4.910629999999999 52.39189),"POLYGON((4.90006 52.382155,4.900368 52.38198,4.901185 52.381563,4.902097 52.381196,4.907473 52.383704,4.912013 52.385819,4.912737 52.386145,4.913091 52.386314,4.913785 52.386664,4.914457 52.387029,4.915106 52.387409,4.915422 52.387605,4.916035 52.388007,4.916624 52.388422,4.917188 52.388851,4.917459 52.38907,4.917725 52.389292,4.918235 52.389745,4.915663 52.390745,4.912527 52.39195,4.912738 52.392146,4.910887 52.392858,4.909564 52.39295,4.908563 52.393328,4.907433 52.39219,4.906678 52.391504,4.906445 52.391246,4.906251 52.390976,4.906097 52.390696,4.905984 52.390409,4.905914 52.390117,4.905886 52.389823,4.905901 52.389528,4.905959 52.389235,4.90606 52.388904,4.906072 52.388863,4.907161 52.386683,4.907193 52.386602,4.90722 52.386479,4.907224 52.386355,4.907213 52.386272,4.907192 52.38619,4.907141 52.38607,4.906716 52.385405,4.906621 52.385283,4.906507 52.385167,4.906328 52.385025,4.906175 52.384928,4.906006 52.38484,4.90006 52.382155))",94.57589212300606,6091.77125472784,11798.102724332619,Low,Low,Low,Low,Low,Low,Low AC + Low Pressure (Limited Interest),Low AC + Low Pressure (Limited Interest),Low AC + Low Pressure (Limited Interest),1597,34,111,177,2.128991859737007,6.950532247964934,11.0832811521603
363,ChIJw8dCewUKxkcRBRhl9xsueMg,Ubm Hotel Zuidas BV,15.876693217759993,30.27141322183725,28.387986601702714,Zuidas-Zuid,Zuidas,POINT (4.8743947 52.3357326),"POLYGON((4.868686 52.33811,4.868831 52.334993,4.876905 52.335006,4.878113 52.335035,4.878652 52.335088,4.87711 52.336993,4.87702 52.337123,4.87694 52.337256,4.876808 52.337527,4.876715 52.337804,4.87666 52.338086,4.876645 52.338368,4.875216 52.338367,4.873434 52.338339,4.872006 52.33828,4.868686 52.33811))",2884.051526612947,12696.03151893877,17839.94074439511,Medium,High,High,Medium,Low,Low,Medium AC + Medium Pressure (Balanced),High AC + Low Pressure (Potential),High AC + Low Pressure (Potential),1,1,1,1,100.0,100.0,100.0
364,ChIJwV_AfwcJxkcRYxVm5L-g98M,Hotel Jakarta Amsterdam by WestCord,29.263069569495087,20.190249927274156,24.39360378691552,Java-eiland,Oostelijk Havengebied,POINT (4.9224613999999995 52.379387099999995),"POLYGON((4.911005 52.379927,4.917549 52.378613,4.919865 52.378515,4.929052 52.376921,4.938707 52.375245,4.937476 52.376362,4.937423 52.376426,4.93737 52.376543,4.937296 52.376961,4.936989 52.377771,4.937355 52.382408,4.931087 52.382141,4.922456 52.381104,4.919858 52.380812,4.917502 52.380547,4.911005 52.379927))",9.842076412870679,257.98432275393293,9747.755413035135,High,Low,Low,Low,Low,Low,High AC + Low Pressure (Potential),Low AC + Low Pressure (Limited Interest),Low AC + Low Pressure (Limited Interest),7806,42,157,596,0.5380476556495004,2.011273379451704,7.635152446835767
365,ChIJwYiZr8cJxkcRhmik7xsU2yE,The Highland House Amsterdam,11.318256628756972,22.867978373541053,25.321850948710495,Nieuwe Kerk e.o.,Burgwallen-Nieuwe Zijde,POINT (4.8934367 52.3752673),"POLYGON((4.890589 52.373174,4.890573 52.372947,4.890605 52.372643,4.89137 52.372719,4.891752 52.372725,4.892126 52.372742,4.892975 52.372708,4.893011 52.372707,4.893299 52.3732,4.893565 52.373489,4.894364 52.374067,4.896473 52.375764,4.896266 52.375819,4.895702 52.376036,4.895622 52.376115,4.895472 52.376156,4.895342 52.376181,4.8951 52.376206,4.893582 52.376221,4.89245 52.375459,4.892069 52.375192,4.891934 52.375074,4.891756 52.374874,4.891352 52.374452,4.890938 52.373991,4.89088 52.373892,4.89065 52.373392,4.890589 52.373174))",7302.3405689853635,71083.27561256372,110556.75146631584,Low,Low,Low,High,High,High,Low AC + High Pressure (Critical),Low AC + High Pressure (Critical),Low AC + High Pressure (Critical),299,43,177,215,14.381270903010032,59.19732441471572,71.90635451505017
366,ChIJwaEiMu8JxkcRr9M8nZwy0BQ,"Park Centraal Amsterdam, part of Sircle Collection",17.929237777015793,25.436057950433806,27.479213105363982,P.C. Hooftbuurt,Museumkwartier,POINT (4.8829931 52.361544699999996),"POLYGON((4.877154 52.360101,4.878568 52.358153,4.883359 52.359432,4.883405 52.35945,4.883482 52.359496,4.883536 52.359554,4.883563 52.359618,4.883561 52.359684,4.883273 52.360145,4.883226 52.36029,4.884275 52.360568,4.884488 52.360643,4.88465 52.360727,4.885386 52.361236,4.884404 52.361727,4.884235 52.361794,4.884046 52.361849,4.883846 52.361888,4.883639 52.36191,4.882635 52.361928,4.882511 52.361938,4.882398 52.361957,4.882324 52.361581,4.882398 52.361478,4.880494 52.360974,4.880378 52.36092,4.877922 52.360277,4.877154 52.360101))",8711.44219700707,49361.3476950063,116096.25346708325,Medium,High,High,High,Medium,High,Medium AC + High Pressure (Caution),High AC + Medium Pressure (Manageable),High AC + High Pressure (Stress),4146,544,1657,2777,13.121080559575493,39.9662325132658,66.98022190062711
367,ChIJwxKbZAXixUcRZppEUWVbuYs,Conscious Hotel Amsterdam City (The Tire Station),33.01443683218859,29.310067149218405,26.81877324096032,Vondelparkbuurt-West,Overtoomse Sluis,POINT (4.8553934 52.357281699999994),"POLYGON((4.854123 52.356523,4.855085 52.35641,4.858944 52.357406,4.859807 52.357617,4.861823 52.358137,4.861812 52.358154,4.862248 52.358263,4.862257 52.35825,4.863179 52.358481,4.863185 52.358472,4.863671 52.358581,4.865452 52.359009,4.865263 52.359201,4.864935 52.359682,4.864693 52.360101,4.863769 52.35989,4.861995 52.359465,4.857008 52.358153,4.855738 52.357791,4.855516 52.357764,4.855289 52.357767,4.855068 52.3578,4.854865 52.357862,4.854781 52.357756,4.85433 52.357183,4.854123 52.356523))",795.6502220029596,10273.46746697363,26625.71693252206,High,High,Medium,Low,Low,Low,High AC + Low Pressure (Potential),High AC + Low Pressure (Potential),Medium AC + Low Pressure (Opportunity),2573,119,410,618,4.6249514185775356,15.934706568208318,24.018655266226194
368,ChIJx11JNLgJxkcRQjL4_mmO9ZM,Hotel Luxer,13.734279936386937,25.302416636483795,24.830740639177726,Kop Zeedijk,Burgwallen-Oude Zijde,POINT (4.8992235 52.3760297),"POLYGON((4.89708 52.375505,4.897889 52.37516,4.898001 52.375238,4.899233 52.374789,4.899406 52.374749,4.899667 52.374678,4.900201 52.37449,4.900275 52.374486,4.90048 52.374418,4.900587 52.374402,4.901266 52.374174,4.902273 52.376142,4.903254 52.37659,4.902978 52.37669,4.902452 52.377141,4.90196 52.377244,4.900968 52.377242,4.899692 52.377303,4.899141 52.376971,4.89708 52.375505))",8839.998629611357,57121.29934769501,101597.95461272816,Medium,High,Low,High,High,Medium,Medium AC + High Pressure (Caution),High AC + High Pressure (Stress),Low AC + Medium Pressure (Monitor),1563,391,864,1136,25.015994881637877,55.27831094049904,72.680742162508
369,ChIJx2lrKy8JxkcRyXVEsLLpcXw,Hotel 55,8.806255787401279,24.725332128408205,24.62183120112638,Kop Zeedijk,Burgwallen-Oude Zijde,POINT (4.898212 52.375268),"POLYGON((4.89708 52.375505,4.897889 52.37516,4.898001 52.375238,4.899233 52.374789,4.899406 52.374749,4.899667 52.374678,4.900201 52.37449,4.900275 52.374486,4.90048 52.374418,4.900587 52.374402,4.901266 52.374174,4.902273 52.376142,4.903254 52.37659,4.902978 52.37669,4.902452 52.377141,4.90196 52.377244,4.900968 52.377242,4.899692 52.377303,4.899141 52.376971,4.89708 52.375505))",11996.255440442908,60213.31880721372,106325.05163624404,Low,Medium,Low,High,High,Medium,Low AC + High Pressure (Critical),Medium AC + High Pressure (Caution),Low AC + Medium Pressure (Monitor),148,42,85,111,28.37837837837838,57.432432432432435,75.0
370,ChIJx9uWurkJxkcRIf4hRQKglRA,Hotel The Globe,11.398018293693214,25.09386288822743,24.24453032011095,Kop Zeedijk,Burgwallen-Oude Zijde,POINT (4.9003153 52.3751867),"POLYGON((4.89708 52.375505,4.897889 52.37516,4.898001 52.375238,4.899233 52.374789,4.899406 52.374749,4.899667 52.374678,4.900201 52.37449,4.900275 52.374486,4.90048 52.374418,4.900587 52.374402,4.901266 52.374174,4.902273 52.376142,4.903254 52.37659,4.902978 52.37669,4.902452 52.377141,4.90196 52.377244,4.900968 52.377242,4.899692 52.377303,4.899141 52.376971,4.89708 52.375505))",12456.39516526887,55736.61749712218,104185.1965137313,Low,Medium,Low,High,High,Medium,Low AC + High Pressure (Critical),Medium AC + High Pressure (Caution),Low AC + Medium Pressure (Monitor),1492,320,701,989,21.447721179624665,46.98391420911528,66.28686327077749
371,ChIJxYYOH_bixUcRmvXuhmyjUx4,MEININGER Hotel Amsterdam City West,15.869793755593834,28.953337336255615,26.869414170265017,Sloterdijk Stationskwartier,Sloterdijk Nieuw-West,POINT (4.8374609 52.390364999999996),"POLYGON((4.819257 52.389038,4.819268 52.387484,4.82891 52.387554,4.831594 52.387412,4.831523 52.38488,4.836014 52.38495,4.839258 52.385018,4.839837 52.385036,4.843294 52.385101,4.843934 52.385089,4.84458 52.385103,4.844813 52.385108,4.844811 52.385146,4.844798 52.385146,4.844732 52.386384,4.844761 52.386922,4.844669 52.388623,4.844665 52.388757,4.844689 52.388756,4.844687 52.38892,4.844662 52.38892,4.844663 52.388899,4.844372 52.3889,4.844336 52.389522,4.844213 52.391808,4.844134 52.393288,4.844117 52.393849,4.844138 52.39428,4.844174 52.394607,4.844233 52.394945,4.844319 52.395304,4.843991 52.395258,4.843688 52.395231,4.843272 52.395141,4.84295 52.395061,4.842514 52.394933,4.84238 52.394915,4.842247 52.394882,4.841907 52.394762,4.841357 52.394542,4.841089 52.394422,4.840666 52.394211,4.837245 52.391623,4.836937 52.391378,4.836537 52.391083,4.836299 52.390925,4.835998 52.390749,4.835712 52.390599,4.835396 52.390449,4.835133 52.390338,4.834931 52.390259,4.834441 52.390091,4.834114 52.389995,4.833897 52.389939,4.833809 52.389916,4.833551 52.389857,4.832573 52.389692,4.831589 52.389544,4.830598 52.389413,4.829602 52.389299,4.828936 52.389232,4.827932 52.389145,4.826925 52.389076,4.819257 52.389038))",1459.5090171572658,1834.4070054267388,3848.77405032067,Medium,High,Medium,Medium,Low,Low,Medium AC + Medium Pressure (Balanced),High AC + Low Pressure (Potential),Medium AC + Low Pressure (Opportunity),8813,436,545,684,4.947237036196528,6.184046295245659,7.761261772381708
372,ChIJxaB3v8AJxkcRXDDCNbPf5cQ,Hotel V,12.33475467451132,22.744647425377085,25.74469455311057,Nes e.o.,Burgwallen-Oude Zijde,POINT (4.8936629 52.3708421),"POLYGON((4.892975 52.372708,4.892921 52.372564,4.892882 52.372372,4.892842 52.371759,4.892803 52.371494,4.892538 52.370449,4.89247 52.370246,4.892049 52.36921,4.892014 52.369051,4.892392 52.369081,4.893512 52.369177,4.893666 52.369217,4.894263 52.369231,4.894755 52.370762,4.894826 52.370898,4.894959 52.371051,4.895204 52.371299,4.895876 52.37186,4.894821 52.372199,4.893836 52.372536,4.893011 52.372707,4.892975 52.372708))",5702.685906923203,78111.35547881378,126277.76670503755,Low,Low,Medium,High,High,High,Low AC + High Pressure (Critical),Low AC + High Pressure (Critical),Medium AC + High Pressure (Caution),1574,186,805,1158,11.81702668360864,51.143583227446,73.5705209656925
373,ChIJxz1UdJkJxkcR2onI9vQpYhM,Hotel Allure,19.956752749215305,27.613804971872664,24.96334683116338,Sarphatistrook,Weesperbuurt/Plantage,POINT (4.910468799999999 52.3618915),"POLYGON((4.903415 52.36153,4.904205 52.359948,4.904634 52.359212,4.905163 52.359348,4.905975 52.359499,4.906171 52.35955,4.906505 52.359664,4.906642 52.359724,4.906922 52.359877,4.907104 52.360005,4.907379 52.36022,4.90751 52.3603,4.907645 52.360371,4.907784 52.360431,4.907974 52.360499,4.908327 52.360591,4.908567 52.360641,4.90881 52.36066,4.909038 52.360651,4.909355 52.360599,4.909644 52.360579,4.90996 52.360587,4.910257 52.360624,4.910565 52.360697,4.910838 52.360796,4.911089 52.360926,4.911205 52.361004,4.91129 52.361075,4.911371 52.361126,4.911492 52.361181,4.911627 52.361222,4.911781 52.361248,4.912851 52.361359,4.914036 52.361496,4.91508 52.361787,4.915781 52.36198,4.916005 52.362028,4.916241 52.362068,4.916415 52.362089,4.91749 52.362131,4.916779 52.363423,4.916566 52.36337,4.916385 52.363351,4.916155 52.363356,4.915976 52.363383,4.915891 52.363404,4.915144 52.363661,4.915112 52.363708,4.914387 52.363945,4.914224 52.363769,4.91078 52.363092,4.905049 52.361987,4.905117 52.361852,4.903415 52.36153))",2288.1557309653017,14603.630652853148,67515.97747081071,Medium,High,Low,Medium,Low,Low,Medium AC + Medium Pressure (Balanced),High AC + Low Pressure (Potential),Low AC + Low Pressure (Limited Interest),1365,39,191,541,2.857142857142857,13.992673992673993,39.633699633699635
374,ChIJy3oFAOAJxkcRKHlhMoo40vM,Hotel De Hallen,15.610708316269456,26.74179025947635,27.588255491882457,Bellamybuurt-Zuid,Bellamybuurt,POINT (4.868214699999999 52.367750199999996),"POLYGON((4.860071 52.364599,4.860608 52.364426,4.860765 52.364402,4.860942 52.364401,4.861131 52.36443,4.862683 52.364808,4.867192 52.365892,4.868665 52.366271,4.870809 52.36685,4.869586 52.368605,4.868519 52.368333,4.868417 52.368314,4.868324 52.368306,4.868213 52.368306,4.867309 52.368336,4.867166 52.368329,4.867027 52.368311,4.865956 52.368074,4.862259 52.367122,4.861302 52.36608,4.860071 52.364599))",4059.2921668585204,20489.5600504303,84067.04604505838,Medium,High,High,Medium,Low,Medium,Medium AC + Medium Pressure (Balanced),High AC + Low Pressure (Potential),High AC + Medium Pressure (Manageable),2700,310,505,1314,11.481481481481481,18.703703703703702,48.66666666666667
375,ChIJyQ1ZIckJxkcRP0HaTzgjEBY,Hotel My Home,4.436901691649151,22.55705227592501,25.491959056421866,Haarlemmerbuurt-Oost,Haarlemmerbuurt,POINT (4.8915524 52.380531299999994),"POLYGON((4.888437 52.380522,4.889848 52.379731,4.890134 52.379632,4.890239 52.379599,4.89172 52.37927,4.892009 52.379265,4.893526 52.378945,4.893684 52.378901,4.894004 52.378766,4.894341 52.37903,4.895194 52.379624,4.895468 52.379856,4.895807 52.380144,4.894849 52.380524,4.894862 52.380537,4.894709 52.380583,4.894726 52.3806,4.894508 52.380683,4.894487 52.380663,4.891898 52.381608,4.891499 52.381763,4.890642 52.382161,4.890637 52.382179,4.890186 52.382395,4.890156 52.382364,4.889908 52.382132,4.888437 52.380522))",4870.410897330483,47592.26591021213,93677.7793674286,Low,Low,Medium,Medium,Medium,Medium,Low AC + Medium Pressure (Monitor),Low AC + Medium Pressure (Monitor),Medium AC + Medium Pressure (Balanced),233,32,93,142,13.733905579399142,39.91416309012876,60.94420600858369
376,ChIJySH44lIJxkcRedQgfcB5sP4,AmsterHome Hotel,10.365718069145725,25.247207616014183,27.452281554531094,P.C. Hooftbuurt,Museumkwartier,POINT (4.8813958 52.3603178),"POLYGON((4.877154 52.360101,4.878568 52.358153,4.883359 52.359432,4.883405 52.35945,4.883482 52.359496,4.883536 52.359554,4.883563 52.359618,4.883561 52.359684,4.883273 52.360145,4.883226 52.36029,4.884275 52.360568,4.884488 52.360643,4.88465 52.360727,4.885386 52.361236,4.884404 52.361727,4.884235 52.361794,4.884046 52.361849,4.883846 52.361888,4.883639 52.36191,4.882635 52.361928,4.882511 52.361938,4.882398 52.361957,4.882324 52.361581,4.882398 52.361478,4.880494 52.360974,4.880378 52.36092,4.877922 52.360277,4.877154 52.360101))",6179.908512854246,44363.252535218984,105198.95231047524,Low,High,High,High,Medium,Medium,Low AC + High Pressure (Critical),High AC + Medium Pressure (Manageable),High AC + Medium Pressure (Manageable),76,6,40,52,7.894736842105263,52.63157894736842,68.42105263157895
377,ChIJyZWa5boJxkcRoi_aC8NY2AM,SWEETS hotel Amstelschutsluis,17.30950817673383,24.118898395893183,26.149053452016545,Utrechtsebuurt-Zuid,De Weteringschans,POINT (4.9024608 52.362097399999996),"POLYGON((4.896088 52.36162,4.896181 52.360253,4.901194 52.361227,4.903351 52.361656,4.90277 52.362805,4.896517 52.361667,4.896345 52.361641,4.896088 52.36162))",1109.642218933289,29086.104259167896,123655.75146631584,Medium,Medium,Medium,Low,Medium,High,Medium AC + Low Pressure (Opportunity),Medium AC + Medium Pressure (Balanced),Medium AC + High Pressure (Caution),96,1,34,70,1.0416666666666665,35.41666666666667,72.91666666666666
378,ChIJy_iYz8cJxkcRKdiNRMlXee4,The ED Amsterdam,34.511923787667584,26.286461760351052,27.562692467034694,Helmersbuurt-Oost,Helmersbuurt,POINT (4.8783541 52.364123799999994),"POLYGON((4.873352 52.36555,4.875293 52.362751,4.876435 52.363055,4.878869 52.363804,4.878712 52.363996,4.878642 52.364129,4.879317 52.364344,4.879264 52.364487,4.879231 52.364631,4.879218 52.364778,4.879225 52.364925,4.879232 52.364988,4.879219 52.365126,4.879186 52.365261,4.879136 52.365382,4.87907 52.365501,4.87896 52.365663,4.878817 52.365834,4.878701 52.365947,4.878534 52.366081,4.878397 52.366173,4.878137 52.36631,4.877889 52.366466,4.877726 52.366588,4.877518 52.366772,4.873352 52.36555))",2104.4019075809892,50142.03913829962,113546.14772789563,High,High,High,Medium,Medium,High,High AC + Medium Pressure (Manageable),High AC + Medium Pressure (Manageable),High AC + High Pressure (Stress),2217,72,858,1581,3.247631935047361,38.700947225981054,71.31258457374831
379,ChIJyd2raYgJxkcRyWJ1roD3g5s,Hotel Victorie,14.897470577405056,26.696994517475385,28.27636373090141,IJselbuurt-West,IJselbuurt,POINT (4.9028639 52.346844399999995),"POLYGON((4.895121 52.346939,4.899992 52.346699,4.902779 52.346562,4.903934 52.346109,4.905237 52.346292,4.904194 52.349075,4.899805 52.348464,4.896227 52.347966,4.895262 52.348013,4.895121 52.346939))",1878.1281587458202,10566.487036123443,29378.99018801732,Medium,High,High,Medium,Low,Low,Medium AC + Medium Pressure (Balanced),High AC + Low Pressure (Potential),High AC + Low Pressure (Potential),961,11,61,170,1.1446409989594173,6.347554630593131,17.68990634755463
380,ChIJz-L17MMJxkcRZdrqv-u57P4,Hotel HEGRA by Stanley Collection,9.041773788510103,22.32195052591792,25.451579548034058,Felix Meritisbuurt,Grachtengordel-West,POINT (4.887408 52.371418),"POLYGON((4.882614 52.368932,4.884411 52.368862,4.886623 52.368792,4.887279 52.368762,4.887679 52.368756,4.88784 52.368764,4.887828 52.368803,4.888126 52.370301,4.888509 52.372324,4.888766 52.373038,4.888822 52.373147,4.888855 52.37326,4.886906 52.37342,4.88666 52.373456,4.886468 52.373506,4.886299 52.373571,4.885833 52.373823,4.885708 52.373881,4.885558 52.373934,4.88539 52.373977,4.885158 52.373998,4.883385 52.374065,4.883069 52.373992,4.882614 52.368932))",14324.590801951434,81662.49240804692,131457.5069341665,Low,Low,Low,High,High,High,Low AC + High Pressure (Critical),Low AC + High Pressure (Critical),Low AC + High Pressure (Critical),263,37,165,222,14.068441064638785,62.737642585551335,84.4106463878327
381,ChIJzShofw_ixUcRlkCGMjr3iss,Conscious Hotel Vondelpark,28.162629228179988,29.033887550297056,27.222097950607083,Vondelparkbuurt-West,Overtoomse Sluis,POINT (4.856571199999999 52.3578415),"POLYGON((4.854123 52.356523,4.855085 52.35641,4.858944 52.357406,4.859807 52.357617,4.861823 52.358137,4.861812 52.358154,4.862248 52.358263,4.862257 52.35825,4.863179 52.358481,4.863185 52.358472,4.863671 52.358581,4.865452 52.359009,4.865263 52.359201,4.864935 52.359682,4.864693 52.360101,4.863769 52.35989,4.861995 52.359465,4.857008 52.358153,4.855738 52.357791,4.855516 52.357764,4.855289 52.357767,4.855068 52.3578,4.854865 52.357862,4.854781 52.357756,4.85433 52.357183,4.854123 52.356523))",707.0033437482869,9185.631858795152,32790.97034478978,High,High,High,Low,Low,Low,High AC + Low Pressure (Potential),High AC + Low Pressure (Potential),High AC + Low Pressure (Potential),2428,96,359,551,3.9538714991762767,14.785831960461286,22.69357495881384
382,ChIJzUkvQZUJxkcR7vLn27sChg0,SWEETS hotel Westerdoksbrug,13.396703665845022,21.903329919118246,23.89241806253743,Westerdokseiland,Haarlemmerbuurt,POINT (4.8933493 52.383326999999994),"POLYGON((4.890186 52.382395,4.890637 52.382179,4.890642 52.382161,4.891499 52.381763,4.891898 52.381608,4.894487 52.380663,4.894508 52.380683,4.894726 52.3806,4.894709 52.380583,4.894862 52.380537,4.894849 52.380524,4.895807 52.380144,4.896657 52.38106,4.898773 52.38297,4.898665 52.383044,4.897916 52.383676,4.897312 52.384271,4.896764 52.384887,4.896247 52.385649,4.895878 52.386362,4.895661 52.386923,4.895083 52.388692,4.892367 52.388525,4.892315 52.388358,4.892302 52.388223,4.892309 52.388207,4.892214 52.388191,4.892075 52.388507,4.891015 52.388441,4.891067 52.388277,4.891178 52.387781,4.890644 52.383246,4.89075 52.382997,4.890186 52.382395))",206.15096201282682,21664.545195417417,80992.27396809735,Medium,Low,Low,Low,Low,Medium,Medium AC + Low Pressure (Opportunity),Low AC + Low Pressure (Limited Interest),Low AC + Medium Pressure (Monitor),10,2,5,6,20.0,50.0,60.0
383,ChIJzVtZ7PkJxkcRFn8elAS0PHg,The Delphi - Amsterdam Townhouse,21.15482571419103,21.54669325480211,29.00083167853157,Minervabuurt-Noord,Apollobuurt,POINT (4.8769268 52.3504286),"POLYGON((4.866777 52.350394,4.867401 52.348677,4.877248 52.349051,4.877319 52.349146,4.87738 52.349207,4.878541 52.350265,4.878663 52.350402,4.878733 52.350532,4.877364 52.350776,4.877178 52.350788,4.866777 52.350394))",1683.1745875130187,18450.822068738693,59622.29907361727,High,Low,High,Medium,Low,Low,High AC + Medium Pressure (Manageable),Low AC + Low Pressure (Limited Interest),High AC + Low Pressure (Potential),1082,23,150,425,2.1256931608133085,13.863216266173753,39.27911275415896
384,ChIJzcu9uuUJxkcRsinjE9Hf-L4,Sonder Park House,13.452959303897085,27.180407575671804,28.292419543975395,P.C. Hooftbuurt,Museumkwartier,POINT (4.8778483 52.360143),"POLYGON((4.877154 52.360101,4.878568 52.358153,4.883359 52.359432,4.883405 52.35945,4.883482 52.359496,4.883536 52.359554,4.883563 52.359618,4.883561 52.359684,4.883273 52.360145,4.883226 52.36029,4.884275 52.360568,4.884488 52.360643,4.88465 52.360727,4.885386 52.361236,4.884404 52.361727,4.884235 52.361794,4.884046 52.361849,4.883846 52.361888,4.883639 52.36191,4.882635 52.361928,4.882511 52.361938,4.882398 52.361957,4.882324 52.361581,4.882398 52.361478,4.880494 52.360974,4.880378 52.36092,4.877922 52.360277,4.877154 52.360101))",1184.1202104916954,42737.402072027624,90715.13890259276,Medium,High,High,Medium,Medium,Medium,Medium AC + Medium Pressure (Balanced),High AC + Medium Pressure (Manageable),High AC + Medium Pressure (Manageable),1760,63,793,1110,3.5795454545454546,45.05681818181818,63.06818181818182
385,ChIJzeKdC8AJxkcR01jCuc6AJfw,Hotel Residence Le Coin,19.875742732840777,21.9045684610539,26.260890543238137,BG-terrein e.o.,Burgwallen-Oude Zijde,POINT (4.8943866 52.367891199999995),"POLYGON((4.892392 52.369081,4.892436 52.368964,4.892892 52.368332,4.894147 52.367289,4.894323 52.367287,4.894831 52.367308,4.895052 52.367331,4.895268 52.367368,4.895372 52.367424,4.895474 52.367498,4.895786 52.367811,4.896231 52.368291,4.896366 52.368497,4.898755 52.370995,4.897063 52.371438,4.895876 52.37186,4.895204 52.371299,4.894959 52.371051,4.894826 52.370898,4.894755 52.370762,4.894263 52.369231,4.893666 52.369217,4.893512 52.369177,4.892392 52.369081))",3823.985199802664,76314.83928082003,137002.87134791425,Medium,Low,Medium,Medium,High,High,Medium AC + Medium Pressure (Balanced),Low AC + High Pressure (Critical),Medium AC + High Pressure (Caution),811,85,434,652,10.480887792848335,53.51418002466092,80.39457459926017
