,place_id,reviews 2024,rev_prc,name,reviews,price_range,main_category,categories,query,latitude,longitude,category
0,ChIJ5Ra7we4JxkcRhYVAaq5zQ9U,18243,1.0,Rijksmuseum,98669,,Kunstmuseum,"[""Kunstmuseum"",""Historisch museum"",""Museum"",""Toeristische attractie""]",tourist attractions in negen straatjes,52.3599976,4.8852188,Cultural & Historic
1,ChIJX1rTlu8JxkcRGsV8-a4oKMI,15335,0.8405963931370937,Van Gogh Museum,91890,,Kunstmuseum,"[""Kunstmuseum"",""Museum"",""Toeristische attractie""]",tourist attractions in negen straatjes,52.3580757,4.8812053,Cultural & Historic
2,ChIJSRE-IcUJxkcRCltjPmVdmtQ,9534,0.5226114125966124,Anne Frank Huis,68668,,Museum,"[""Museum"",""Non-profitorganisatie"",""Toeristische attractie""]",tourist attractions in negen straatjes,52.3752182,4.8839765,Cultural & Historic
3,ChIJz3y0xeIJxkcRNcogBVV41Gw,6930,0.3798717316230883,Vondelpark,53744,,Park,"[""Park"",""Toeristische attractie""]",parks in negen straatjes,52.3579946,4.8686484,Green Recreation
4,ChIJFQ6IwMYJxkcRis8dtZlOkTk,5200,0.2850408375815381,Koninklijk Paleis Amsterdam,23856,,Kasteel,"[""Kasteel"",""Museum"",""Toeristische attractie""]",tourist attractions in negen straatjes,52.3731835,4.8913758,Cultural & Historic
5,ChIJm7tV_qQJxkcRvM4CYqK9SMc,5070,0.2779148166419997,NEMO Science Museum,32923,,Wetenschapsmuseum,"[""Wetenschapsmuseum"",""Kindermuseum"",""Museum"",""Toeristische attractie""]",tourist attractions in negen straatjes,52.3741709,4.912325,Cultural & Historic
6,ChIJk4NxS5YLxkcRw_zHD8XUGXQ,4996,0.2738584662610316,Johan Cruijff ArenA,38276,,Stadion,"[""Stadion""]",sports complex in bijlmer arena,52.3143557,4.9418487,Event venue
7,ChIJJVNbSZcLxkcRmlFDljhOFgE,4724,0.2589486378336896,Ziggo Dome,30079,,Evenementenlocatie,"[""Evenementenlocatie"",""Concertzaal""]",tourist attractions in bijlmer arena,52.3135914,4.9371203,Event venue
8,ChIJYQCs26EJxkcRPUqKm3hTaA4,4618,0.2531381899906814,ARTIS,33056,,Dierentuin,"[""Dierentuin"",""Aquarium"",""Museum"",""Park"",""Toeristische attractie""]",tourist attractions in negen straatjes,52.3660003,4.9165321,Cultural & Historic
9,ChIJRTx_o-8JxkcRKLAaBcWCq5w,3916,0.2146576769171737,Moco Museum Amsterdam,22235,,Museum,"[""Museum"",""Kunstmuseum"",""Cultureel centrum"",""Museum voor moderne kunst"",""Toeristische attractie""]",tourist attractions in negen straatjes,52.3587389,4.881907399999999,Cultural & Historic
10,ChIJDUJx1SgJxkcRRP8rflWfPE4,3745,0.2052842186043962,Fabrique des Lumieres,6920,,Kunstcentrum,"[""Kunstcentrum"",""Kunstmuseum"",""Cultureel centrum"",""Toeristische attractie""]",activities in haarlemmerbuurt,52.3862142,4.8721931,Cultural & Historic
11,ChIJw4h1dscJxkcR_0_4SG8gK5g,3452,0.1892232637175903,Primark,27944,$,Kledingwinkel,"[""Kledingwinkel""]",shopping malls in haarlemmerbuurt,52.374584,4.8944252,Shopping
12,ChIJu0txQLQJxkcR9gp6-ShcF6Y,3445,0.188839554897769,A'DAM Lookout,24680,,Toeristische attractie,"[""Toeristische attractie""]",tourist attractions in negen straatjes,52.383863,4.902355,Cultural & Historic
13,ChIJtWMWEeAJxkcR7PV7zX9aRh0,3398,0.1862632242503974,Foodhallen,20365,$$$$$$$,Foodcourt,"[""Foodcourt"",""Bar"",""Cocktailbar"",""Evenementenlocatie"",""Restaurant""]",restaurants in vondelpark,52.36679,4.8679147,Dining & Cafes
14,ChIJAUBsos8JxkcRwnuLcQmb2-M,3379,0.185221728882311,Winkel 43,12712,$$$$$$,Koffiehuis,"[""Koffiehuis"",""Restaurant""]",cafes in haarlemmerbuurt,52.3790944,4.8862844,Dining & Cafes
15,ChIJweXO1ugJxkcR2nckxDGWbIc,3348,0.1835224469659595,Hard Rock Cafe,23501,$$$$$$$,Amerikaans restaurant,"[""Amerikaans restaurant""]",bars in leidseplein,52.3620587,4.8829907,Dining & Cafes
16,ChIJJX7VYx8KxkcROJPQJKc3j6A,3342,0.183193553691827,RAI Amsterdam,22300,,Conferentiecentrum,"[""Conferentiecentrum"",""Congrescentrum"",""Evenementenlocatie""]",event venues in negen straatjes,52.3411906,4.8886156,Conference
17,ChIJD7P9IsMJxkcRMrf54OxoZSg,3310,0.1814394562297867,De 9 Straatjes,13240,,Toeristische attractie,"[""Toeristische attractie""]",tourist attractions in negen straatjes,52.3701969,4.8860511,Cultural & Historic
18,ChIJrftMriIJxkcRmsYdm9XycFA,3017,0.1653785013429808,Fabel Friet Runstraat,4986,$$$$$$,Snackbar,"[""Snackbar"",""Nederlands restaurant"",""Frituur"",""Afhaalrestaurant""]",bars in 9 straatjes,52.3688273,4.8840617,Dining & Cafes
19,ChIJ48VUaPG3xUcRHeMIKTz11iw,2971,0.162856986241298,Westfield Mall of the Netherlands,20712,,Winkelcentrum,"[""Winkelcentrum""]",shopping malls in leidseplein,52.0890021,4.3839362,Shopping
20,ChIJ19XKKccJxkcRawZK9nzTJz8,2696,0.1477827111768897,Madame Tussauds Amsterdam,28065,,Wassenbeeldenmuseum,"[""Wassenbeeldenmuseum"",""Museum"",""Toeristische attractie""]",tourist attractions in negen straatjes,52.3725915,4.8925782,Cultural & Historic
21,ChIJmxhLHeAJxkcRKe_rH1Kqv_M,2532,0.1387929616839335,De Hallen Amsterdam,6389,,Cultureel centrum,"[""Cultureel centrum"",""Winkelcentrum""]",shopping malls in negen straatjes,52.3668448,4.868769299999999,Cultural & Historic
22,ChIJNR35jYUJxkcRALmB_1MbY54,2494,0.1367099709477607,museum Rembrandthuis,12992,,Kunstmuseum,"[""Kunstmuseum"",""Monument"",""Museum""]",museums in negen straatjes,52.369369,4.9012349,Cultural & Historic
24,ChIJq-ry-tkJxkcR8i94uYaBUig,2482,0.1360521843994957,Dam,43373,,Toeristische attractie,"[""Toeristische attractie"",""Historisch herkenningspunt""]",tourist attractions in negen straatjes,52.3731006,4.8924274,Cultural & Historic
25,ChIJYQnr8rHhxUcRtlrEKyr4to8,2372,0.1300224743737323,Het Amsterdamse Bos,17432,,Park,"[""Park"",""Wandelroutes"",""Nationaal bos"",""Toeristische attractie""]",parks in de wallen,52.3149817,4.832342,Green Recreation
26,ChIJLQN6abQJxkcRxdcMtKwAP6w,2269,0.1243764731677903,This is Holland,10336,,Toeristische attractie,"[""Toeristische attractie""]",tourist attractions in negen straatjes,52.3841865,4.9021959,Cultural & Historic
27,ChIJp3h4ELgJxkcRPBCvc1dScMk,2251,0.1233897933453927,Sexmuseum Amsterdam,14842,,Museum,"[""Museum"",""Historisch museum""]",museums in negen straatjes,52.3766136,4.8972278,Cultural & Historic
28,ChIJ3XSZnccJxkcR-rNgffJJMGI,2250,0.123334977799704,BODY WORLDS Amsterdam,15595,,Wetenschapsmuseum,"[""Wetenschapsmuseum"",""Museum"",""Toeristische attractie""]",tourist attractions in negen straatjes,52.3748239,4.8947471,Cultural & Historic
29,ChIJGTWpP8cJxkcRPgLGybsqgJI,2171,0.1190045496902921,de Bijenkorf Amsterdam,17365,,Warenhuis,"[""Warenhuis"",""Kledingwinkel"",""Winkel""]",stores in de wallen,52.3736183,4.894502,Shopping
30,ChIJSxklPO0JxkcRCqxBkavK008,2158,0.1182919475963383,Heineken Experience,11251,,Brouwerij,"[""Brouwerij"",""Winkel"",""Toeristische attractie""]",tourist attractions in negen straatjes,52.3578313,4.8918249,Dining & Cafes
31,ChIJKzDpZ-UJxkcR6tvKHK2aPOw,2136,0.1170860055911856,Stedelijk Museum Amsterdam,14008,,Kunstmuseum,"[""Kunstmuseum"",""Museum"",""Toeristische attractie""]",museums in negen straatjes,52.3580111,4.8797554,Cultural & Historic
32,ChIJad9j95ALxkcRMANR9zq0TjU,2116,0.1159896946774105,The Upside Down Amsterdam,5907,,Toeristische attractie,"[""Toeristische attractie"",""Amusementscentrum"",""Kunstcafe"",""Evenementenlocatie"",""Groepsaccommodatie"",""Museum""]",tourist attractions in negen straatjes,52.3398703,4.8928137,Cultural & Historic
33,ChIJByw_MccJxkcRYBke2i-_GK0,2105,0.1153867236748341,Ripley's Believe It or Not!,10439,,Toeristische attractie,"[""Toeristische attractie"",""Wassenbeeldenmuseum""]",tourist attractions in negen straatjes,52.3724001,4.8935666,Cultural & Historic
34,ChIJX-2rTqEJxkcRhjlIZp4bqFk,2099,0.1150578304007016,Het Scheepvaartmuseum,11621,,Museum,"[""Museum"",""Historisch museum"",""Maritiem museum"",""Toeristische attractie""]",museums in negen straatjes,52.3715579,4.9143762,Cultural & Historic
35,ChIJcUBJu8EJxkcRBYpeeTwA67M,2066,0.1132489173929726,The Seafood Bar,13331,$$$,Visrestaurant,"[""Visrestaurant"",""Bar""]",restaurants in sloterdijk,52.3686958,4.890611799999999,Dining & Cafes
36,ChIJkweMYtMJxkcR19hz7lJVRVY,1994,0.1093021981033821,Westerpark,13988,,Park,"[""Park"",""Toeristische attractie""]",parks in negen straatjes,52.3861271,4.877835,Green Recreation
37,ChIJqxRzZuLhxUcRpgvqX1nIp1A,1946,0.1066710519103217,Hortus Botanicus Amsterdam,11090,,Botanische tuin,"[""Botanische tuin"",""Toeristische attractie""]",tourist attractions in negen straatjes,52.3669189,4.907623,Green Recreation
38,ChIJg7YwoTkIxkcRdRzJp-FRIIg,1909,0.1046428767198377,NDSM-Werf,7892,,Cultureel centrum,"[""Cultureel centrum"",""Evenementenlocatie""]",tourist attractions in buikslotermeerplein,52.4005238,4.895832899999999,Cultural & Historic
39,ChIJWyBBSNQJxkcRg0yZycbgw-k,1886,0.1033821191689963,STRAAT Museum,3705,,Kunstmuseum,"[""Kunstmuseum""]",museums in negen straatjes,52.4021377,4.8942599,Cultural & Historic
40,ChIJKYyxKekJxkcRLAhtiEY8skw,1877,0.1028887792577975,Paradiso,10878,,Locatie voor live muziek,"[""Locatie voor live muziek"",""Club""]",event venues in bijlmer arena,52.3621619,4.8838059,Event venue
41,ChIJi_mrhGsJxkcRLUsxvyARySo,1762,0.0965849915035904,WONDR Experience - Amsterdam Immersive & Interactive Museum for All Ages,12531,,Museum,"[""Museum"",""Tentoongesteld stuk"",""Indoorspeeltuin"",""Toeristische attractie""]",tourist attractions in negen straatjes,52.3854864,4.9196773,Cultural & Historic
42,ChIJG9c0F-kJxkcR0Yd6ANByMLE,1760,0.0964753604122129,The Pantry,7251,$$$$$$$,Nederlands restaurant,"[""Nederlands restaurant"",""Eetcafe"",""Familierestaurant"",""Lunchrestaurant"",""Restaurant""]",restaurants in leidseplein,52.3634845,4.8849427,Dining & Cafes
43,ChIJS4P1Hb4JxkcRIphGLOfikzU,1736,0.0951597873156827,Xtracold Icebar Amsterdam,10867,$$$$$$$,Bar,"[""Bar"",""Lounge"",""Toeristische attractie""]",bars in indische buurt,52.3664583,4.900024999999999,Dining & Cafes
44,ChIJU-SBHbkJxkcRSSxkfBFf3hw,1700,0.0931864276708874,Red Light Secrets,18663,,Museum,"[""Museum"",""Toeristische attractie""]",museums in negen straatjes,52.3736932,4.898916799999999,Cultural & Historic
45,ChIJX_h0D_IIxkcR8kPHza8R7kw,1693,0.0928027188510661,AFAS Live,12628,,Concertzaal,"[""Concertzaal"",""Evenementenlocatie""]",tourist attractions in bijlmer arena,52.3123229,4.9446128,Event venue
46,ChIJ2eGVTbQJxkcRuT5BhGHEIrM,1649,0.0903908348407608,Eye Filmmuseum,10399,,Kunstmuseum,"[""Kunstmuseum"",""Bioscoop"",""Museum"",""Restaurant"",""Toeristische attractie""]",museums in negen straatjes,52.384348,4.901276,Cultural & Historic
47,ChIJw6RppvoJxkcR6ZFbJ2aUYDM,1644,0.090116757112317,Het Concertgebouw,9185,,Concertzaal,"[""Concertzaal""]",event venues in bijlmer arena,52.356325,4.8790296,Event venue
48,ChIJxxyXH5cJxkcR6nrFOCcAG_Y,1639,0.0898426793838732,Koninklijk Theater Carre,9322,,Theater,"[""Theater""]",event venues in bijlmer arena,52.3623872,4.9042637,Event venue
49,ChIJC7Uw48AJxkcR28umcgx0C6k,1632,0.0894589705640519,The Amsterdam Dungeon,12864,,Toeristische attractie,"[""Toeristische attractie""]",tourist attractions in negen straatjes,52.3701599,4.8921108,Cultural & Historic
50,ChIJXfk3G7gJxkcRUf-0UF1R6F4,1578,0.086498931096859,Coffeeshop Prix d'Ami Amsterdam,9580,$$,Cannabiswinkel,"[""Cannabiswinkel"",""Ontbijtrestaurant"",""Koffiebar"",""Lunchrestaurant"",""Cafe""]",cafes in haarlemmerbuurt,52.3768702,4.8971456,Cannabisshop
51,ChIJ3XCEiIAKxkcRoCrbhX0xQ3o,1535,0.0841418626322425,Winkelcentrum Stadshart Amstelveen,11407,,Winkelcentrum,"[""Winkelcentrum""]",shopping malls in indische buurt,52.3029728,4.860943499999999,Shopping
52,ChIJeSe5CsEJxkcRdRlM21_MA9s,1524,0.0835388916296661,Begijnhof,9060,,Historisch herkenningspunt,"[""Historisch herkenningspunt"",""Kerk"",""Toeristische attractie""]",tourist attractions in negen straatjes,52.3694585,4.8903539,Cultural & Historic
53,ChIJL1vfcbgJxkcRdFHxXONAcek,1512,0.082881105081401,Tony's Chocolonely Super Store,3181,$$$$$$,Chocolaterie,"[""Chocolaterie"",""Winkel""]",stores in de wallen,52.3755748,4.8967595,Dining & Cafes
54,ChIJo6jLfOgJxkcR4MTOHy4tpnc,1510,0.0827714739900235,Melkweg,9274,,Locatie voor live muziek,"[""Locatie voor live muziek"",""Theater""]",event venues in bijlmer arena,52.364786,4.8812489,Event venue
55,ChIJv2g29SzlxUcRF36sWM2gn5Q,1496,0.0820040563503809,Amsterdam The Style Outlets,2919,,Outlet-winkelcentrum,"[""Outlet-winkelcentrum""]",stores in sloterdijk,52.3859805,4.739114,Shopping
56,ChIJ2xlnX77jxUcR2WgrWg7Ehxk,1448,0.0793729101573206,AMAZE Amsterdam,5639,,Toeristische attractie,"[""Toeristische attractie""]",tourist attractions in sloterdijk,52.3938351,4.8516888,Cultural & Historic
57,ChIJaVHweTEJxkcRtr5Abb6NQbc,1443,0.0790988324288768,Nxt Museum,5050,,Museum,"[""Museum""]",museums in negen straatjes,52.3912196,4.9043902,Cultural & Historic
59,ChIJ856viTkIxkcRXFJrwFltL_4,1286,0.0704927917557419,Pllek,8711,$$$$$$$,Restaurant,"[""Restaurant"",""Koffiehuis"",""Evenementenlocatie"",""Vegetarisch restaurant"",""Trouwlocatie""]",bars in buikslotermeerplein,52.3991581,4.8928756,Dining & Cafes
60,ChIJL33h87gJxkcRIu1FY7IyWV4,1272,0.0697253741160993,De Oude Kerk,10888,,Kunstmuseum,"[""Kunstmuseum"",""Kerk"",""Monumentaal gebouw"",""Erfgoedmuseum"",""Museum"",""Hervormde kerk""]",museums in de wallen,52.3741202,4.8980196,Cultural & Historic
61,ChIJNVW2y7kJxkcR9aOE9tnlp08,1246,0.0683001699281916,Omelegg Centrum,5220,$$$$$$$,Ontbijtrestaurant,"[""Ontbijtrestaurant"",""Brunchrestaurant"",""Health Food-restaurant"",""Lunchrestaurant"",""Restaurant""]",restaurants in de wallen,52.3760641,4.899805499999999,Dining & Cafes
62,ChIJqz_iVJUJxkcRBtDhjRuZmFM,1211,0.0663816258290851,Koninklijk Theater Tuschinski | Pathe,6534,,Bioscoop,"[""Bioscoop""]",movie theaters in negen straatjes,52.3665424,4.894633799999999,Activities
63,ChIJN7y6C78JxkcRIKsx9uAn4g4,1194,0.0654497615523762,SAINT-JEAN Amsterdam,1960,$$$$$$,Banketbakker,"[""Banketbakker"",""Koffiebar""]",cafes in haarlemmerbuurt,52.3803056,4.8842824,Dining & Cafes
64,ChIJRSZwbKIJxkcRbNxQroLl6YU,1170,0.064134188455846,ARTIS - Micropia,5495,,Wetenschapsmuseum,"[""Wetenschapsmuseum"",""Museum"",""Technologiemuseum"",""Toeristische attractie""]",tourist attractions in negen straatjes,52.3669735,4.9128242,Cultural & Historic
65,ChIJ9XOZr-UJxkcRi1-aAUAeGt0,1148,0.0629282464506934,The Seafood Bar,7710,$$,Visrestaurant,"[""Visrestaurant"",""Bar""]",bars in museumkwartier,52.3599669,4.8774826,Dining & Cafes
66,ChIJQyaHlxEKxkcRPNLV5M-b5zQ,1129,0.061886751082607,Gelderlandplein,7054,,Winkelcentrum,"[""Winkelcentrum""]",shopping malls in negen straatjes,52.3310244,4.877506599999999,Shopping
67,ChIJW3VkBjwKxkcRVNsYc24GnkU,1117,0.0612289645343419,Amstelpark,7388,,Park,"[""Park"",""Toeristische attractie""]",parks in negen straatjes,52.3300655,4.8939908,Green Recreation
68,ChIJd_yDtNAJxkcRko3UnBeygWA,1115,0.0611193334429644,Chun Cafe Berenstraat,2171,$$$$$$$,Broodjeswinkel,"[""Broodjeswinkel"",""Lunchrestaurant""]",restaurants in negen straatjes,52.3704688,4.8839422,Shopping
69,ChIJfYd2dscJxkcRH_Q4a1amSDo,1109,0.0607904401688318,Grootste Amsterdamse Mozaiek 'Oersoep',1434,,Winkelcentrum,"[""Winkelcentrum"",""Toeristische attractie""]",shopping malls in negen straatjes,52.3745876,4.8947049,Shopping
70,ChIJ5ZVFtfEIxkcRh1oge17vtWw,1093,0.0599133914378117,Winkelcentrum Boven 't Y,5206,,Winkelcentrum,"[""Winkelcentrum""]",shopping malls in negen straatjes,52.3988161,4.937519,Shopping
71,ChIJC-3i8KUJxkcRcSLXwcxcC_Y,1090,0.0597489448007454,Sojubar Amsterdam | Korean Fried Chicken & Beer,1998,$$,Koreaans restaurant,"[""Koreaans restaurant"",""Aziatisch fusion-restaurant"",""Bar"",""Kiprestaurant"",""Cocktailbar"",""Lunchrestaurant"",""Maaltijdbezorging"",""Afhaalrestaurant"",""Restaurant""]",bars in museumkwartier,52.3564673,4.8907568,Dining & Cafes
72,ChIJQ9sMKfsLxkcRsVlzqY7vSrQ,1088,0.0596393137093679,Amsterdamse Poort | Winkelcentrum Amsterdam,8757,,Winkelcentrum,"[""Winkelcentrum""]",shopping malls in negen straatjes,52.314164,4.9526463,Shopping
73,ChIJK5ErwF8JxkcRqjp0mnDFR5E,1041,0.0570629830619963,Proeflokaal 't Blauwe Theehuis,2760,$$$$$$$,Brouwerijcafe,"[""Brouwerijcafe""]",bars in museumkwartier,52.3588283,4.8725491,Dining & Cafes
77,ChIJoa4hjb8JxkcRehItw0EaWz8,985,0.0539933125034259,Cafe de Jaren,4933,$$$$$$$,Koffiehuis,"[""Koffiehuis"",""Restaurant""]",cafes in negen straatjes,52.3680688,4.8954201,Dining & Cafes
78,ChIJA8xkXugJxkcR09iSlwkhkGk,984,0.0539384969577372,Umaimon Chicken Ramen Amsterdam Leidseplein,3382,$$$$$$$,Ramen-noedelrestaurant,"[""Ramen-noedelrestaurant"",""Japans restaurant""]",bars in leidseplein,52.3647717,4.8826598,Dining & Cafes
79,ChIJLTfnTpYJxkcRRFQSHn_ZXCI,983,0.0538836814120484,H'ART Museum,7492,,Museum,"[""Museum"",""Kunstgalerie"",""Kunstmuseum"",""Erfgoedmuseum"",""Toeristische attractie""]",tourist attractions in negen straatjes,52.3652692,4.902419,Cultural & Historic
80,ChIJe7EYlbAJxkcRkIJKWKWov3U,958,0.0525132927698295,ALOHA,3995,,Amusementscentrum,"[""Amusementscentrum"",""Bar"",""Bowlingbaan"",""Karaokebar"",""Lasergamecentrum"",""Midgetgolfbaan"",""Restaurant""]",night clubs in amsterdam,52.3778173,4.909622199999999,Activities
81,ChIJrRtggNsJxkcRIpqO9nQb448,957,0.0524584772241407,Pesca Amsterdam,3536,$$$,Visrestaurant,"[""Visrestaurant"",""Lunchrestaurant"",""Restaurant"",""Vismarkt""]",restaurants in de jordaan,52.372763,4.8788041,Dining & Cafes
82,ChIJI4xu08EJxkcRe2_KVZ_zFys,941,0.0515814284931206,Blue Amsterdam,3734,$$$$$$$,Restaurant,"[""Restaurant"",""Ontbijtrestaurant"",""Brunchrestaurant"",""Cafe"",""Panoramisch uitzicht""]",bars in 9 straatjes,52.3674266,4.8914922,Dining & Cafes
83,ChIJmQMpq_EJxkcR0yOwqQ9hBZI,934,0.0511977196732993,Dutch Pancake Masters,2854,$$$$$$$,Creperie,"[""Creperie""]",bars in 9 straatjes,52.3756579,4.8959075,Dining & Cafes
84,ChIJHXP-y70JxkcRfwjbNlESgjQ,913,0.0500465932138354,MOAK Pancakes,5858,$$$$$$$,Brunchrestaurant,"[""Brunchrestaurant"",""Amerikaans restaurant"",""Ontbijtrestaurant"",""Lunchrestaurant"",""Pannenkoekrestaurant"",""Restaurant""]",restaurants in nieuwmarkt,52.368694,4.902805,Dining & Cafes
85,ChIJD9YNuZALxkcRZ_7EjY3RpQo,910,0.0498821465767691,Pathe,9305,,Bioscoop,"[""Bioscoop"",""IMAX-bioscoop""]",tourist attractions in bijlmer arena,52.3123652,4.945617,Activities
86,ChIJfxDFMbwJxkcReUviSODvJb0,909,0.0498273310310804,Florentin brunch,2046,$$$$$$$,Brunchrestaurant,"[""Brunchrestaurant""]",restaurants in de pijp,52.3561465,4.8975184,Dining & Cafes
87,ChIJl0L5gegJxkcRYLpavh3YzxQ,901,0.0493888066655703,DeLaMar,5399,,Theater,"[""Theater""]",event venues in leidseplein,52.3642944,4.8809417,Event venue
88,ChIJU-1ArbkJxkcR_EdFqWrlInA,893,0.0489502823000602,Museum Ons' Lieve Heer op Solder,3651,,Museum,"[""Museum"",""Katholieke kerk"",""Historisch museum"",""Monument""]",museums in negen straatjes,52.3751438,4.8994358,Cultural & Historic
89,ChIJPdJhTb8JxkcR65Z6_YwAakk,892,0.0488954667543715,Oriental City Amsterdam,4604,$$$$$$$,Chinees restaurant,"[""Chinees restaurant"",""Aziatisch restaurant"",""Kantonees restaurant"",""Chinees bezorgrestaurant"",""Dimsumrestaurant""]",restaurants in de wallen,52.3718485,4.8962404,Dining & Cafes
90,ChIJHVOMlsYJxkcRc2CgGQK4N5I,872,0.0477991558405963,Magna Plaza,8373,,Winkelcentrum,"[""Winkelcentrum""]",shopping malls in negen straatjes,52.373621,4.890467999999999,Shopping
91,ChIJbwT5ULgJxkcRuzudMY_6sIg,869,0.0476347092035301,Cannibale Royale Lange Niezel,4085,$$$$$$$,Restaurant,"[""Restaurant"",""Grillrestaurant"",""Bar & Grill"",""Barbecuerestaurant"",""Cafe""]",restaurants in de wallen,52.3750805,4.898681799999999,Dining & Cafes
92,ChIJE7ZOMPMJxkcR66R6FxsNWSs,861,0.04719618483802,Ceintuur Theater,5425,$$$$$$$,Restaurant,"[""Restaurant""]",restaurants in de pijp,52.3526079,4.891426699999999,Dining & Cafes
93,ChIJN4MvEgEJxkcRDZA-ZxJKVEU,847,0.0464287671983774,Miri Mary Indian Restaurant Amsterdam,2434,,Indiaas restaurant,"[""Indiaas restaurant"",""Brunchrestaurant"",""Koffiehuis"",""Cocktailbar"",""Lunchrestaurant"",""Restaurant""]",restaurants in de pijp,52.3515522,4.8952183,Dining & Cafes
94,ChIJW11C8LgJxkcR-X_xv39yjU0,847,0.0464287671983774,De Koffieschenkerij,2690,$$$$$$,Koffiehuis,"[""Koffiehuis"",""Koffiebar""]",cafes in de wallen,52.3741148,4.898346699999999,Dining & Cafes
95,ChIJ_5ad2OQJxkcRohRwD3FtuKU,819,0.0448939319190922,Suitsupply,3214,,Herenmode,"[""Herenmode"",""Kledingwinkel"",""Kleermaker"",""Winkel in modeaccessoires"",""Galakledingwinkel"",""Herenkleermaker"",""Winkel voor bovenkleding"",""Schoenenwinkel"",""Smokingwinkel"",""Trouwwinkel""]",stores in museumkwartier,52.3574165,4.8764827,Shopping
96,ChIJFTco7LgJxkcRDpb--U7vIso,815,0.0446746697363372,The Bulldog,6760,,Cannabiswinkel,"[""Cannabiswinkel""]",coffeeshops in buikslotermeerplein,52.3736716,4.8977192,Cannabisshop
97,ChIJwRWvJXYLxkcRoKnhDTM_u30,812,0.0445102230992709,McDonald's,4319,$$$$$$$,Hamburgerrestaurant,"[""Hamburgerrestaurant"",""Familierestaurant"",""Snackbar"",""Afhaalrestaurant"",""Restaurant""]",restaurants in bijlmer arena,52.3000974,4.9446656,Dining & Cafes
98,ChIJB7T9YJUJxkcR8dtTreJe6Zo,802,0.0439620676423833,Escape,7519,$$,Nachtclub,"[""Nachtclub"",""Cocktailbar"",""Discotheek"",""Evenementenlocatie""]",bars in rembrandtplein,52.366388,4.896389999999999,Entertainment & Nightlife
99,ChIJuzgcH4IJxkcR8-_OmJ3aHg0,792,0.0434139121854958,Verzetsmuseum Amsterdam,2836,,Museum,"[""Museum"",""Kindermuseum"",""Toeristische attractie"",""Oorlogsmuseum""]",tourist attractions in negen straatjes,52.3678139,4.912764999999999,Cultural & Historic
100,ChIJL0BoGukJxkcRrDuPyR4-IFQ,790,0.0433042810941182,De Blauwe Hollander,3276,$$$$$$$,Nederlands restaurant,"[""Nederlands restaurant""]",bars in leidseplein,52.3634873,4.8847619,Dining & Cafes
101,ChIJWQ8vAyUJxkcRLJ8j4QCqYv8,787,0.043139834457052,Maijard Smashburgers,1739,$$$$$$$,Hamburgerrestaurant,"[""Hamburgerrestaurant"",""Snackbar"",""Restaurant""]",restaurants in de jordaan,52.3737187,4.8823161,Dining & Cafes
102,ChIJbeLDaSIKxkcR4uMOfG8J_cw,784,0.0429753878199857,Hotel nhow Amsterdam RAI,2239,,Hotel,"[""Hotel""]",hotels in bijlmer arena,52.338955,4.891906,Hotel
103,ChIJ3X7KShgJxkcRNJ6P783NB88,783,0.0429205722742969,LuminAir,1636,$$$,Bar,"[""Bar"",""Brunchrestaurant"",""Cocktailbar"",""Evenementenbureau"",""Evenementenlocatie"",""Lounge""]",bars in nieuwmarkt,52.376688,4.9054935,Dining & Cafes
104,ChIJySp1EbkJxkcRc3bwx1UJxcE,782,0.0428657567286082,New King,3880,$$$$$$$,Mandarijns restaurant,"[""Mandarijns restaurant""]",restaurants in de wallen,52.3736018,4.9002881,Dining & Cafes
105,ChIJP5_dbMIJxkcRbzPxerih1N0,778,0.0426464945458532,Grachtenmuseum,2241,,Museum,"[""Museum"",""Toeristische attractie""]",tourist attractions in negen straatjes,52.3678987,4.886253,Cultural & Historic
106,ChIJ9amMjOoJxkcR98bcU-6SNN8,775,0.0424820479087869,KattenKabinet,2622,,Museum,"[""Museum"",""Kunstmuseum"",""Toeristische attractie""]",museums in negen straatjes,52.3656325,4.891547999999999,Cultural & Historic
107,ChIJ4fYmpOoJxkcRPSf3rEjGa_U,774,0.0424272323630981,Pathe De Munt,6892,,Bioscoop,"[""Bioscoop""]",movie theaters in negen straatjes,52.3664141,4.8938887,Activities
108,ChIJJdYg01MMxkcRn7gRhM2DqRE,771,0.0422627857260319,Inntel Hotels Amsterdam Zaandam,3774,,Hotel,"[""Hotel""]",hotels in sloterdijk,52.4380719,4.8159301,Hotel
109,ChIJEaXCebQJxkcRZwJedJZiwo4,763,0.0418242613605218,ClinkNOORD,10081,,Herberg,"[""Herberg""]",hotels in dapperbuurt,52.3842275,4.9037391,Hotel
111,ChIJ69iOyNoJxkcRzXH14nv_h0c,760,0.0416598147234555,Cafe Sonneveld,3627,$$$$$$$,Europees restaurant,"[""Europees restaurant"",""Bar"",""Koffiebar"",""Eetcafe"",""Cafe"",""Restaurant""]",bars in de jordaan,52.3763328,4.882285899999999,Dining & Cafes
112,ChIJZyc7C7oJxkcRSPqsBgyVa0k,760,0.0416598147234555,DoubleTree by Hilton Amsterdam Centraal Station,7720,,Hotel,"[""Hotel"",""Eetzaal"",""Bedrijfscentrum"",""Congrescentrum"",""Evenementenlocatie"",""Planning van vergaderingen""]",hotels in de wallen,52.376676,4.905465899999999,Hotel
113,ChIJDYnXDbgJxkcRolkk6zgmb4k,753,0.0412761059036342,Zero Zero,1105,$$$$$$$,Broodjeswinkel,"[""Broodjeswinkel""]",restaurants in museumkwartier,52.3650841,4.8902906,Shopping
114,ChIJ74XcqrgJxkcR9g0UqSG4KPU,749,0.0410568437208792,Ramen-Ya,5086,$$$$$$$,Ramen-noedelrestaurant,"[""Ramen-noedelrestaurant"",""Japans restaurant"",""Restaurant""]",restaurants in de wallen,52.3720513,4.895655,Dining & Cafes
115,ChIJlcPN_6kJxkcR2QA28gL6gr8,741,0.0406183193553691,Kafenion,2652,$$$$$$,Koffiehuis,"[""Koffiehuis""]",cafes in de wallen,52.374677,4.8813722,Dining & Cafes
116,ChIJZ5TbeaIJxkcRPKzZphIwYrs,735,0.0402894260812366,Box Sociaal,2603,$$$$$$$,Restaurant,"[""Restaurant"",""Australisch restaurant"",""Bar"",""Ontbijtrestaurant"",""Brunchrestaurant"",""Koffiehuis"",""Cocktailbar"",""Koffiebar"",""Lunchrestaurant"",""Wijnbar""]",restaurants in buikslotermeerplein,52.3661856,4.9118301,Dining & Cafes
117,ChIJU9-Lo94JxkcRBzlvVAQV7n8,735,0.0402894260812366,Restaurant Moeders,4974,$$$$$$$,Nederlands restaurant,"[""Nederlands restaurant""]",restaurants in de jordaan,52.3717696,4.8750294,Dining & Cafes
118,ChIJO_40qnUJxkcRN_Opi2ibQN0,728,0.0399057172614153,Wereldmuseum Amsterdam,5438,,Museum,"[""Museum"",""Toeristische attractie""]",tourist attractions in negen straatjes,52.3627849,4.922711,Cultural & Historic
119,ChIJgYCiu5kLxkcRPQIZ1Wezozs,722,0.0395768239872827,"Holiday Inn Express Amsterdam - Arena Towers, an IHG Hotel",5092,,Hotel,"[""Hotel"",""Congrescentrum"",""Trouwlocatie""]",event venues in bijlmer arena,52.309601,4.94102,Hotel
120,ChIJy_w8o40JxkcRUCcFTTKggzU,720,0.0394671928959052,Sarphatipark,5525,,Stadspark,"[""Stadspark"",""Toeristische attractie""]",parks in negen straatjes,52.354296,4.8960787,Green Recreation
121,ChIJJ-S23XoJxkcRDsSNU2mgH34,719,0.0394123773502165,Restaurant De Kas,2844,$$$$$$,Haute-cuisinerestaurant,"[""Haute-cuisinerestaurant"",""Restaurant""]",restaurants in dapperbuurt,52.3521561,4.9305109,Dining & Cafes
122,ChIJmSIs9ZYJxkcRkx-Ou1QOZFI,711,0.0389738529847064,Magere Brug,6376,,Brug,"[""Brug"",""Monument"",""Toeristische attractie""]",tourist attractions in negen straatjes,52.3635978,4.9023824,Cultural & Historic
123,ChIJxYYOH_bixUcRmvXuhmyjUx4,709,0.0388642218933289,MEININGER Hotel Amsterdam City West,7696,,Hotel,"[""Hotel"",""Herberg""]",hotels in sloterdijk,52.390365,4.8374609,Hotel
124,ChIJ8TC-edsJxkcRJaQoPxTsOmQ,706,0.0386997752562626,Salmuera,2725,$$$,Latijns-Amerikaans restaurant,"[""Latijns-Amerikaans restaurant"",""Argentijns restaurant"",""Cocktailbar"",""Pan-Latijns-Amerikaans restaurant"",""Restaurant""]",bars in de jordaan,52.3732296,4.8793601,Dining & Cafes
125,ChIJAcnreDoJxkcRQpE1fUW0PM0,703,0.0385353286191964,ROBO-BAR Asian Grill & Sushi,4577,$$$$$$$,Restaurant,"[""Restaurant"",""Grillrestaurant"",""Bar"",""Bar & Grill"",""Sushirestaurant"",""Sushi takeaway""]",bars in leidseplein,52.3642099,4.8840664,Dining & Cafes
126,ChIJ3epwqJYJxkcRY3a2BWOvkZc,702,0.0384805130735076,Tacos & Tequila,2351,$$$$$$$,Mexicaans restaurant,"[""Mexicaans restaurant""]",restaurants in haarlemmerbuurt,52.3634198,4.885508199999999,Dining & Cafes
127,ChIJq2oar90JxkcRl9yf0n9-9RA,699,0.0383160664364413,The Burger Room,2635,$$$$$$$,Hamburgerrestaurant,"[""Hamburgerrestaurant"",""Bar"",""Cocktailbar"",""Restaurant voor vleesgerechten"",""Museum""]",bars in museumkwartier,52.3588385,4.8805196,Dining & Cafes
128,ChIJx_aU48UJxkcRxOEtx6d5Lng,688,0.037713095433865,Proeflokaal Arendsnest,4139,$$$$$$$,Bar,"[""Bar"",""Cafe""]",bars in 9 straatjes,52.3767312,4.8892983,Dining & Cafes
129,ChIJT9i3G8EJxkcR8mvIlXqnQXc,687,0.0376582798881762,Amsterdam Museum,6265,,Historisch museum,"[""Historisch museum"",""Kunstmuseum"",""Lokaal historisch museum"",""Toeristische attractie""]",tourist attractions in negen straatjes,52.3657717,4.9027821,Cultural & Historic
130,ChIJYYNts8YJxkcR9Gf1JbT9vLg,684,0.03749383325111,O'reillys Irish Pub,3377,$$$$$$$,Ierse pub,"[""Ierse pub""]",bars in 9 straatjes,52.372355,4.890033,Dining & Cafes
131,ChIJFWw3-0kJxkcREqCOjIKS6E4,684,0.03749383325111,Coffeeshop Tyson 2.0,1568,,Cannabiswinkel,"[""Cannabiswinkel""]",coffeeshops in haarlemmerbuurt,52.371485,4.8891347,Cannabisshop
132,ChIJj8-dLGcJxkcRfHxRw1tdlsU,682,0.0373842021597325,Anjappar,1711,$$$$$$$,Zuid-Indiaas restaurant,"[""Zuid-Indiaas restaurant"",""Indiaas restaurant""]",bars in museumkwartier,52.3548304,4.8806387,Dining & Cafes
133,ChIJQySj900JxkcRSOFjUf0Uq44,681,0.0373293866140437,The Madras Diaries,2200,$$$$$$$,Indiaas restaurant,"[""Indiaas restaurant"",""Haute-cuisinerestaurant"",""Indiase takeaway"",""Modern Indiaas restaurant"",""Noord-Indiaas restaurant"",""Restaurant"",""Zuid-Indiaas restaurant""]",bars in leidseplein,52.364079,4.8846004,Dining & Cafes
134,ChIJaS6at-kJxkcRvmOwBD_gymk,678,0.0371649399769774,Coffeeshop The Dolphins Amsterdam,6041,,Cannabiswinkel,"[""Cannabiswinkel""]",stores in de leidseplein,52.365638,4.8852817,Cannabisshop
135,ChIJzbk_Ro0JxkcRBx1gNa0TbnI,677,0.0371101244312887,Coffeeshop Katsu,3900,,Cannabiswinkel,"[""Cannabiswinkel"",""Kunstgalerie"",""Toeristische attractie""]",coffeeshops in buikslotermeerplein,52.3547974,4.89325,Cannabisshop
136,ChIJpRPs5r0JxkcRUUIx22yPJX0,674,0.0369456777942224,Nationale Opera & Ballet,3663,,Theater,"[""Theater""]",event venues in nieuwmarkt,52.3673062,4.900926699999999,Event venue
137,ChIJceJzabQJxkcRHOWQSbwWG3A,672,0.0368360467028449,THE BUTCHER Social Club,3584,$$$$$$$,Hamburgerrestaurant,"[""Hamburgerrestaurant"",""Cocktailbar""]",bars in haarlemmerbuurt,52.383627,4.9022672,Dining & Cafes
138,ChIJa4Vy0cAJxkcRxmTug4Pxl84,669,0.0366716000657786,FuLu Mandarijn Amsterdam Fu Lu Zhong Can Ting,3611,$$$$$$$,Chinees restaurant,"[""Chinees restaurant"",""Aziatisch restaurant"",""Chinees afhaalrestaurant"",""Haute-cuisinerestaurant"",""Sichuan-restaurant""]",restaurants in negen straatjes,52.3716937,4.8925949,Dining & Cafes
139,ChIJufaJMsEJxkcRSiGAzmpg3Qc,669,0.0366716000657786,Abraxas,5417,,Cannabiswinkel,"[""Cannabiswinkel"",""Koffiebar""]",coffeeshops in negen straatjes,52.3721009,4.8912196,Cannabisshop
140,ChIJN_lcRHQJxkcRATpyj7glLxA,667,0.0365619689744011,Foam,3955,,Kunstmuseum,"[""Kunstmuseum"",""Museum"",""Toeristische attractie""]",tourist attractions in negen straatjes,52.3640863,4.8933224,Cultural & Historic
141,ChIJmz2W_bwJxkcR9aW1XLdd9LU,666,0.0365071534287123,Restaurant Olijfje,3217,$$$$$$$,Mediterraans restaurant,"[""Mediterraans restaurant"",""Restaurant voor vleesgerechten"",""Restaurant"",""Tapas restaurant"",""Turks restaurant"",""Veganistisch restaurant""]",restaurants in buikslotermeerplein,52.3687767,4.9054562,Dining & Cafes
142,ChIJ0T84-8YJxkcRpAGwFD2ingI,663,0.0363427067916461,De Nieuwe Kerk,3484,,Museum,"[""Museum"",""Kerk"",""Historische plaats"",""Streekmuseum"",""Toeristische attractie""]",tourist attractions in negen straatjes,52.3739052,4.8918094,Cultural & Historic
143,ChIJ3-yu-E3ixUcR-obflfQkYiA,656,0.0359589979718248,Winkelcentrum Plein '40-'45,4571,,Winkelcentrum,"[""Winkelcentrum"",""Markt""]",shopping malls in negen straatjes,52.3803026,4.8229874,Shopping
144,ChIJC0UaPjoIxkcRNIonMwPm_TU,655,0.035904182426136,Cannibale Royale du Nord,2896,$$,Restaurant,"[""Restaurant"",""Grillrestaurant"",""Bar"",""Bar & Grill""]",restaurants in buikslotermeerplein,52.4001775,4.892396199999999,Dining & Cafes
145,ChIJab4tH-kJxkcRsZ3Tp2_ZpBE,647,0.0354656580606259,Jazz Cafe Alto,2582,$$$$$$$,Jazzclub,"[""Jazzclub""]",bars in leidseplein,52.363513,4.8844709,Entertainment & Nightlife
146,ChIJB8x7vNoJxkcRB_tJJdcvNsc,644,0.0353012114235597,La Perla Pizzeria,3685,$$$$$$$,Pizzeria,"[""Pizzeria""]",restaurants in de jordaan,52.3770522,4.8820229,Dining & Cafes
147,ChIJgcR47OIJxkcR6JS-5U83nMA,643,0.0352463958778709,Groot Melkhuis,2302,$$$$$$$,Restaurant,"[""Restaurant"",""Evenementenlocatie"",""Lunchrestaurant"",""Pizzeria"",""Speeltuin""]",bars in vondelpark,52.358471,4.8683,Dining & Cafes
148,ChIJVfr2wLkJxkcRWWyb7t7ZQgs,641,0.0351367647864934,Dabka,3168,$$$$$$$,Libanees restaurant,"[""Libanees restaurant"",""Restaurant""]",restaurants in de wallen,52.375894,4.9008921,Dining & Cafes
149,ChIJw6roY-0JxkcR4kx59nXldmY,641,0.0351367647864934,The Seafood Bar,4078,$$$,Visrestaurant,"[""Visrestaurant"",""Bar""]",bars in de pijp,52.356462,4.8904503,Dining & Cafes
150,ChIJaR93t_QJxkcRcPwZ9UwKFOQ,640,0.0350819492408046,Portugalia Tasca,1659,$$$$$$$,Portugees restaurant,"[""Portugees restaurant"",""Mediterraans restaurant"",""Restaurant""]",restaurants in buikslotermeerplein,52.3668091,4.89724,Dining & Cafes
151,ChIJfa-SHLkJxkcRsdfChXB4JLk,637,0.0349175026037384,Cafe Old Sailor,3281,$$$$$$$,Cafe,"[""Cafe"",""Bar"",""Koffiehuis""]",bars in wallengebied,52.373711,4.899558,Dining & Cafes
152,ChIJhfOaePYJxkcRWWJAZeXdlp4,637,0.0349175026037384,Leonardo Hotel Amsterdam Rembrandtpark,5604,,Hotel,"[""Hotel""]",hotels in sloterdijk,52.3681227,4.8440078,Hotel
153,ChIJ_yRiXyMJxkcR51uCTGlqlpc,635,0.0348078715123609,Cannibale Royale Rozengracht,1885,$$$$$$$,Restaurant,"[""Restaurant"",""Grillrestaurant"",""Bar & Grill""]",restaurants in de jordaan,52.3732307,4.879169699999999,Dining & Cafes
154,ChIJ443XPsUJxkcR9uCRmU48-iQ,634,0.0347530559666721,Amsterdam Tulip Museum,1929,,Museum,"[""Museum"",""Toeristische attractie""]",tourist attractions in negen straatjes,52.3763222,4.8841231,Cultural & Historic
155,ChIJ-x5khBTvxUcRHPqPFatcwx0,633,0.0346982404209833,Pathe Haarlem,4474,,Bioscoop,"[""Bioscoop""]",movie theaters in sloterdijk,52.381763,4.629402,Activities
156,ChIJ-RAyRD0KxkcRG4koK51opDE,631,0.0345886093296058,Hotel Novotel Amsterdam City,5176,,Hotel,"[""Hotel"",""Restaurant""]",hotels in bijlmer arena,52.3337156,4.8885168,Hotel
157,ChIJZaz-9-0LxkcRtYIXV9qe2C4,631,0.0345886093296058,Via Amsterdam,5090,,Hotel,"[""Hotel""]",hotels in bijlmer arena,52.3261111,4.9538889,Hotel
158,ChIJg6ynCQrixUcR922qP_WH31o,631,0.0345886093296058,LAB111,1991,,Cultureel centrum,"[""Cultureel centrum"",""Evenementenlocatie"",""Bioscoop"",""Cafe""]",movie theaters in dapperbuurt,52.3635657,4.8671983,Cultural & Historic
159,ChIJEUO-OccJxkcR4VAAGRIGuKA,630,0.0345337937839171,Nationaal Monument,4501,,Herdenkingsplek,"[""Herdenkingsplek"",""Monument"",""Toeristische attractie""]",tourist attractions in negen straatjes,52.3728543,4.8937068,Cultural & Historic
160,ChIJ_WZ4cs0LxkcR8gFUHvfuBsE,629,0.0344789782382283,Leonardo Royal Hotel Amsterdam,2987,,Hotel,"[""Hotel""]",hotels in bijlmer arena,52.332426,4.917847,Hotel
161,ChIJv6OOxGDixUcR0NBBnqvC4sw,629,0.0344789782382283,XO Hotels Park West,4542,,Hotel,"[""Hotel""]",hotels in haarlemmerbuurt,52.385601,4.8470597,Hotel
162,ChIJPSo_6egJxkcRy5XGtB8TmUk,627,0.0343693471468508,Apple,4888,$$$,Elektronicawinkel,"[""Elektronicawinkel"",""Computerreparatie"",""Reparatiewinkel voor mobiele telefoons""]",stores in de leidseplein,52.3635453,4.8824664,Shopping
163,ChIJIbstAsAJxkcROYadEi9WhYk,626,0.034314531601162,Burgerbar Warmoesstraat,4222,$$$$$$$,Hamburgerrestaurant,"[""Hamburgerrestaurant"",""Snackbar"",""Restaurant""]",restaurants in de wallen,52.3759101,4.8989989,Dining & Cafes
164,ChIJT49L8IwJxkcRWhqlI5a5H68,622,0.034095269418407,Massimo Gelato,2380,$$$$$$,IJssalon,"[""IJssalon"",""Koffiehuis""]",cafes in de pijp,52.3526271,4.8946161,Dining & Cafes
165,ChIJDyPty8MJxkcRjpDqIW6HUFo,620,0.0339856383270295,Proeflokaal A. van Wees,1656,$$$$$$$,Nederlands restaurant,"[""Nederlands restaurant"",""Bar"",""Bierzaal"",""Koffiehuis"",""Lunchrestaurant"",""Restaurant""]",restaurants in negen straatjes,52.3699677,4.8872316,Dining & Cafes
166,ChIJZ2wmXugJxkcRm0XUq9Ibeog,620,0.0339856383270295,The Waterhole,3771,,Locatie voor live muziek,"[""Locatie voor live muziek"",""Concertzaal"",""Dartsbar"",""Discotheek"",""Nachtclub"",""Poolcentrum"",""Sportcafe""]",bars in indische buurt,52.364865,4.882593,Event venue
167,ChIJbaBj8OgJxkcRFSTdTHkc96c,618,0.033876007235652,The Bulldog Palace,6536,$$$$$$$,Restaurant,"[""Restaurant"",""Bar""]",bars in leidseplein,52.3639778,4.8834029,Dining & Cafes
168,ChIJuUt2ou0JxkcRHTmJQEjNvMQ,617,0.0338211916899632,LOCALS All Day Brunch,1850,$$$$$$$,Restaurant,"[""Restaurant"",""Ontbijtrestaurant"",""Brunchrestaurant""]",cafes in de pijp,52.3575474,4.8891126,Dining & Cafes
169,ChIJxcAuLpcLxkcRWXXJuEXtQZ4,614,0.033656745052897,MediaMarkt Amsterdam Arena,4742,,Elektronicawinkel,"[""Elektronicawinkel""]",stores in bijlmer arena,52.3134613,4.9441925,Shopping
170,ChIJ_5j_RccJxkcRtPh7den4sB8,612,0.0335471139615194,Anantara Grand Hotel Krasnapolsky Amsterdam,5584,,Hotel,"[""Hotel""]",hotels in de wallen,52.3726648,4.8942603,Hotel
171,ChIJdajft7oJxkcRWoAzMQ3ggjw,609,0.0333826673244532,MediaMarkt Amsterdam Centrum,5583,,Elektronicawinkel,"[""Elektronicawinkel""]",stores in de nieuwmarkt,52.3760511,4.907266,Shopping
172,ChIJ5eKdQMcJxkcRL57jh7QU8jc,609,0.0333826673244532,Majestic,2158,$$$,Restaurant,"[""Restaurant"",""Bar"",""Koffiehuis""]",restaurants in de wallen,52.3730556,4.8941667,Dining & Cafes
173,ChIJT-qlWOgJxkcRHOz4jtj-mPU,609,0.0333826673244532,Three Sisters,3474,$$$$$$$,Sportcafe,"[""Sportcafe"",""Bar"",""Koffiehuis"",""Engels restaurant"",""Cafe""]",bars in wallengebied,52.3664248,4.897028,Dining & Cafes
174,ChIJCX5FdO0JxkcRor975fXq3lA,607,0.0332730362330757,Bakers & Roasters,4220,$$$$$$$,Brunchrestaurant,"[""Brunchrestaurant"",""Braziliaans restaurant"",""Ontbijtrestaurant"",""Koffiehuis"",""Taartenwinkel"",""Espressobar"",""Lunchrestaurant"",""Nieuw-Zeelands restaurant"",""Restaurant""]",restaurants in de pijp,52.357289,4.8898554,Dining & Cafes
175,ChIJk_jIQQsJxkcRxEsf3kkT_nc,605,0.0331634051416981,Brouwerij 't IJ - Proeflokaal de Molen,7982,$$,Brouwerij,"[""Brouwerij"",""Bar"",""Brouwerijcafe""]",bars in vondelpark,52.3666908,4.9264253,Dining & Cafes
176,ChIJdboLf5IJxkcRmXkoS5qhLcU,602,0.0329989585046319,Hearth,2406,$$,Veganistisch restaurant,"[""Veganistisch restaurant"",""Cocktailbar""]",bars in buikslotermeerplein,52.3584979,4.9129986,Dining & Cafes
177,ChIJR69z3EIMxkcRTsNqUxAI--o,598,0.0327796963218768,Gaasperpark,4113,,Park,"[""Park"",""Toeristische attractie""]",parks in negen straatjes,52.3105995,4.9924296,Green Recreation
178,ChIJ0W1l0pcJxkcRQO5KDCFd6mg,597,0.0327248807761881,Dignita Hoftuin,2912,$$$$$$$,Restaurant,"[""Restaurant"",""Bar"",""Ontbijtrestaurant"",""Brunchrestaurant"",""Koffiehuis"",""Lunchrestaurant""]",cafes in nieuwmarkt,52.3656404,4.9044574,Dining & Cafes
179,ChIJG8scpJUJxkcR4ccjAgpLST4,596,0.0326700652304993,Boerejongens Coffeeshop,4791,,Cannabiswinkel,"[""Cannabiswinkel""]",coffeeshops in negen straatjes,52.3648729,4.8980282,Cannabisshop
180,ChIJ-e1IGhTixUcRy260F0WUXj4,593,0.032505618593433,Rembrandtpark,4918,,Park,"[""Park"",""Toeristische attractie""]",parks in negen straatjes,52.3647222,4.8461111,Green Recreation
181,ChIJD9YNuZALxkcRkLnJiqkoaaM,586,0.0321219097736118,ArenAPoort,878,,Winkelcentrum,"[""Winkelcentrum"",""Bedrijvenpark"",""Evenementenlocatie""]",shopping malls in negen straatjes,52.3122973,4.9455088,Shopping
182,ChIJkbfErMYJxkcRPdHbrqwb4jE,584,0.0320122786822342,The Butcher - Nine Streets,3850,$$$$$$$,Hamburgerrestaurant,"[""Hamburgerrestaurant"",""Snackbar"",""Restaurant""]",restaurants in negen straatjes,52.3723042,4.8891365,Dining & Cafes
183,ChIJFxkh0cEJxkcR7p1_-2eUYS8,582,0.0319026475908567,Torture Museum Amsterdam,3364,,Museum,"[""Museum"",""Historisch museum"",""Toeristische attractie""]",tourist attractions in negen straatjes,52.3673058,4.8906283,Cultural & Historic
184,ChIJ16hr7g0JxkcRMHJ4kxGM2g0,579,0.0317382009537904,"Holiday Inn Express Amsterdam - North Riverside, an IHG Hotel",1993,,Hotel,"[""Hotel"",""Congrescentrum""]",hotels in negen straatjes,52.3840477,4.919522499999999,Hotel
186,ChIJE3q2NcYJxkcRQM0Ug_er0ho,570,0.0312448610425916,Polly Goudvisch,742,$$$$$$$,Restaurant,"[""Restaurant"",""Evenementenlocatie"",""Cafe"",""Brasserie""]",bars in buikslotermeerplein,52.3824545,4.9032801,Dining & Cafes
188,ChIJV7MaFnYJxkcRRsotO9L0WOI,568,0.0311352299512141,Oosterpark,6490,,Park,"[""Park""]",parks in negen straatjes,52.3600823,4.9204907,Green Recreation
189,ChIJj6zLMnELxkcRjFCgEFm9Ono,566,0.0310255988598366,Wereldrestaurant A2,1493,$$$$$$$,Restaurant,"[""Restaurant"",""Dessertrestaurant"",""Restaurant voor vleesgerechten"",""Visrestaurant"",""Sushirestaurant"",""Wokrestaurant""]",restaurants in bijlmer arena,52.2950592,4.9424533,Dining & Cafes
190,ChIJ9SuVJ5IJxkcRECUoVvt2GO4,564,0.0309159677684591,Saravanaa Bhavan,4779,$$$$$$$,Indiaas restaurant,"[""Indiaas restaurant"",""Restaurant""]",restaurants in zuidas,52.3576736,4.899556,Dining & Cafes
191,ChIJn7g1S4wJxkcRLgHtDTx9aZU,563,0.0308611522227703,Pathe Amsterdam Noord,1437,,Bioscoop,"[""Bioscoop""]",movie theaters in buikslotermeerplein,52.4007003,4.9346766,Activities
192,ChIJU2qVoLkJxkcRB8mgtNMmmEc,563,0.0308611522227703,Bird Thais Restaurant,3934,$$$$$$$,Thais restaurant,"[""Thais restaurant"",""Aziatisch restaurant"",""Zuidoost-Aziatisch restaurant""]",restaurants in de wallen,52.3745823,4.9004826,Dining & Cafes
193,ChIJy1SGNDsIxkcRU4LDPh6WB8c,561,0.0307515211313928,Loetje Amsterdam aan 't IJ,4278,$$,Restaurant,"[""Restaurant"",""Steak- en karbonaderestaurant"",""Familierestaurant"",""Restaurant voor vleesgerechten"",""Steakhouse""]",restaurants in haarlemmerbuurt,52.4029051,4.885641199999999,Dining & Cafes
194,ChIJYdz3D8UJxkcRWXG3uo2Em14,558,0.0305870744943265,Black and Blue,3079,$$,Restaurant,"[""Restaurant"",""Koffiehuis"",""Continentaal-Europees restaurant"",""Eetcafe"",""Lunchrestaurant"",""Modern-Europees restaurant"",""Steakhouse""]",restaurants in de jordaan,52.3757472,4.8854076,Dining & Cafes
195,ChIJpxRh27kJxkcRVwU66wXq7RQ,558,0.0305870744943265,Basiliek van de Heilige Nicolaas,2777,,Katholieke kerk,"[""Katholieke kerk"",""Monument"",""Toeristische attractie""]",tourist attractions in bijlmer arena,52.3766017,4.900874,Cultural & Historic
196,ChIJk6EAQsYJxkcRlqpS70FIz_w,556,0.030477443402949,Greenwoods Singel,2951,$$$$$$$,Brunchrestaurant,"[""Brunchrestaurant"",""Ontbijtrestaurant"",""Koffiehuis"",""Theehuis"",""Veganistisch restaurant"",""Vegetarisch restaurant""]",cafes in haarlemmerbuurt,52.3758,4.891298,Dining & Cafes
197,ChIJXafAzefjxUcR6Je9MZS_x1o,555,0.0304226278572603,Akerpoort Outlet & Megastores,3414,,Winkelcentrum,"[""Winkelcentrum""]",shopping malls in negen straatjes,52.36041,4.782237299999999,Shopping
198,ChIJk101poQJxkcRpZN1Mb3_3hw,555,0.0304226278572603,The Social Hub Amsterdam City,3842,,Hotel,"[""Hotel"",""Hotel voor langdurig verblijf""]",hotels in bijlmer arena,52.3546943,4.9137024,Hotel
199,ChIJ5dKrnJoJxkcR0ehyJ37T-Tc,554,0.0303678123115715,Cafe Restaurant De Ysbreeker,2892,$$,Restaurant,"[""Restaurant"",""Koffiehuis"",""Frans restaurant"",""Brasserie""]",cafes in dapperbuurt,52.3574618,4.906755,Dining & Cafes
200,ChIJsyGhPLkJxkcR5doRfl-O2L4,551,0.0302033656745052,Greenhouse Effect Coffeeshop Amsterdam,3324,$$,Cannabisclub,"[""Cannabisclub"",""Koffiehuis"",""Cannabiswinkel""]",coffeeshops in buikslotermeerplein,52.372849,4.899859,Cannabisshop
201,ChIJE7kBFcgJxkcRt93dXpydHnE,551,0.0302033656745052,Lost in Amsterdam Lounge Cafe & Cocktail Bar,3900,$$$$$$$,Cocktailbar,"[""Cocktailbar"",""Bar"",""Koffiehuis"",""Bar met live muziek"",""Lounge""]",bars in wallengebied,52.3785058,4.8952427,Dining & Cafes
202,ChIJC3g7RLgJxkcR7MWadvd1_u0,548,0.030038919037439,Cafe Hill Street Blues,3716,$$$$$$$,Lounge,"[""Lounge"",""Kunstcafe"",""Bar"",""Koffiehuis"",""Evenementenlocatie""]",bars in wallengebied,52.375479,4.898224,Dining & Cafes
203,ChIJJVSNLlnixUcRa8wszX39t7M,546,0.0299292879460615,"Holiday Inn Express Amsterdam - Sloterdijk Station, an IHG Hotel",3630,,Hotel,"[""Hotel"",""Congrescentrum"",""Trouwlocatie""]",hotels in negen straatjes,52.3878316,4.837560799999999,Hotel
204,ChIJd3pHP8UJxkcR-GFIxnNW59Y,546,0.0299292879460615,Amsterdam Cheese Museum,4007,,Museum,"[""Museum"",""Kaaswinkel""]",museums in negen straatjes,52.376389,4.884251,Cultural & Historic
206,ChIJO5oH0t0JxkcRKkXlC7IYHMA,544,0.0298196568546839,Waterkant,4379,$$$$$$$,Bar,"[""Bar""]",bars in 9 straatjes,52.3699808,4.8760914,Dining & Cafes
207,ChIJaYzSELUJxkcRWtmB3uc-ViQ,544,0.0298196568546839,FACTORY GIRL Brunch Restaurant,1973,$$$$$$$,Ontbijtrestaurant,"[""Ontbijtrestaurant"",""Brunchrestaurant"",""Dessertrestaurant"",""Health Food-restaurant"",""Mediterraans restaurant"",""Restaurant"",""Tapas restaurant"",""Turks restaurant"",""Veganistisch restaurant"",""Vegetarisch restaurant""]",restaurants in de pijp,52.3556284,4.8889362,Dining & Cafes
208,ChIJRy5K5gUKxkcRGHAVWKzxxTA,543,0.0297648413089952,Coolblue,4391,,Elektronicawinkel,"[""Elektronicawinkel"",""Winkel huishoudapparatuur"",""Mobiele-telefoonwinkel"",""Computerwinkel"",""Winkel voor wasmachines en wasdrogers""]",stores in zuidas,52.3369405,4.869730199999999,Shopping
209,ChIJ1b_TTccJxkcRZyWWg9xyPJ0,543,0.0297648413089952,CAU Steakhouse,3313,$$,Argentijns restaurant,"[""Argentijns restaurant""]",restaurants in de wallen,52.3723766,4.8946455,Dining & Cafes
210,ChIJSTDCBTQJxkcR5WmQWgXSo1Y,538,0.0294907635805514,Casa Rosso,1294,,Theater,"[""Theater""]",movie theaters in nieuwmarkt,52.3726371,4.8978467,Event venue
211,ChIJN7SBkswJxkcReEONfZLpUM4,536,0.0293811324891739,The Greek Embassy - Coffee Bar Kouzina - Weesperzijde,848,$$,Grieks restaurant,"[""Grieks restaurant"",""Ontbijtrestaurant"",""Brunchrestaurant"",""Koffiebar"",""Mediterraans restaurant""]",cafes in oosterparkbuurt,52.3529617,4.910444399999999,Dining & Cafes
212,ChIJTeNvFrkJxkcR9rWzAHq0Kes,535,0.0293263169434851,A-Fusion Food & Drinks,1654,$$,Zuidoost-Aziatisch restaurant,"[""Zuidoost-Aziatisch restaurant""]",restaurants in de wallen,52.3732492,4.900118,Dining & Cafes
213,ChIJlfooqOkJxkcRVCLmV3JTvWk,535,0.0293263169434851,Wurst & Schnitzelhaus Zuidas (WuSH),1942,$$$$$$$,Duits restaurant,"[""Duits restaurant"",""Lunchrestaurant"",""Restaurant""]",restaurants in zuidas,52.3356251,4.8730916,Dining & Cafes
214,ChIJbT3pr7gJxkcRwiwNfxJeulk,535,0.0293263169434851,The Bulldog Hotel Amsterdam,6038,,Hotel,"[""Hotel"",""Bar"",""Herberg"",""Lounge""]",night clubs in amsterdam,52.37256,4.896211399999999,Hotel
215,ChIJjVtjLcAJxkcRVgORg0d_egM,532,0.0291618703064189,Kalverpassage,3235,,Winkelcentrum,"[""Winkelcentrum""]",shopping malls in negen straatjes,52.3675,4.8913889,Shopping
216,ChIJC_tzNHHjxUcR3fz2FITnNC8,530,0.0290522392150413,The Breakfast Club,1603,$$$$$$$,Restaurant,"[""Restaurant"",""Koffiehuis"",""Lunchrestaurant""]",bars in sloterdijk,52.3886784,4.8399053,Dining & Cafes
217,ChIJA98vvVEJxkcRhf795GA-mQg,529,0.0289974236693526,Our House Experience Amsterdam,1610,,Toeristische attractie,"[""Toeristische attractie"",""Museum""]",tourist attractions in oosterparkbuurt,52.3660579,4.899479,Cultural & Historic
218,ChIJ09vXt8AJxkcRu2BMg6JrCSU,529,0.0289974236693526,Van Kerkwijk,2980,$$$$$$$,Restaurant,"[""Restaurant"",""Continentaal-Europees restaurant"",""Nederlands restaurant"",""Lunchrestaurant""]",restaurants in de wallen,52.3715348,4.8937231,Dining & Cafes
219,ChIJwV_AfwcJxkcRYxVm5L-g98M,529,0.0289974236693526,Hotel Jakarta Amsterdam by WestCord,3087,,Hotel,"[""Hotel"",""Bar"",""Cocktailbar"",""Restaurant"",""Wellnesscentrum""]",hotels in haarlemmerbuurt,52.3793871,4.9224614,Hotel
220,ChIJ2bm1R4MLxkcRO3Nce2k7SRE,527,0.0288877925779751,Hotel Levell Amsterdam,2997,,Hotel,"[""Hotel""]",hotels in bijlmer arena,52.3047547,4.950525799999999,Hotel
221,ChIJE3NyudoJxkcRFxu65ItxYh4,523,0.02866853039522,Assaggi,3766,$$,Italiaans restaurant,"[""Italiaans restaurant"",""Restaurant""]",restaurants in de jordaan,52.3768201,4.881959,Dining & Cafes
222,ChIJwdzoy-gJxkcRgIw_p7s7G3w,523,0.02866853039522,Aran Irish Pub,1930,$$$$$$$,Ierse pub,"[""Ierse pub"",""Bar"",""Eetcafe""]",bars in museumkwartier,52.3621359,4.882577,Dining & Cafes
223,ChIJDaw7Z20JxkcR8iMtfqshPHw,523,0.02866853039522,Tarbush,2229,$$$$$$,Shoarma restaurant,"[""Shoarma restaurant"",""Arabisch restaurant"",""Kiprestaurant"",""Doner kebab-restaurant"",""Falafelrestaurant"",""Halal-restaurant"",""Marokkaans restaurant"",""Syrisch restaurant"",""Turks restaurant"",""Veganistisch restaurant""]",bars in indische buurt,52.3635953,4.9343314,Dining & Cafes
224,ChIJ-1hUL74JxkcRnLpTBTbfH5o,522,0.0286137148495313,Eden Hotel Amsterdam,3645,,Hotel,"[""Hotel"",""Bar"",""Lodge"",""Restaurant""]",hotels in negen straatjes,52.3668376,4.8986899,Hotel
225,ChIJ0RZ1vX8JxkcRZ9jQ-jthG6c,521,0.0285588993038425,MEININGER Hotel Amsterdam Amstel,4269,,Hotel,"[""Hotel"",""Herberg""]",hotels in bijlmer arena,52.3457763,4.9192528,Hotel
226,ChIJMZGUGcMJxkcRPRyYTICSTYM,520,0.0285040837581538,Restaurant 't Zwaantje,2082,$$$$$$$,Nederlands restaurant,"[""Nederlands restaurant"",""Europees restaurant"",""Restaurant""]",restaurants in negen straatjes,52.3704694,4.8838778,Dining & Cafes
227,ChIJRUsJFPAJxkcRBBlfYEbu3DU,520,0.0285040837581538,Esh Pitabar,1735,$$$$$$$,Pizzeria,"[""Pizzeria"",""Falafelrestaurant"",""Israelisch restaurant"",""Midden-Oosters restaurant""]",bars in museumkwartier,52.3555853,4.8806154,Dining & Cafes
228,ChIJu8I6s3gJxkcRK2EhPaiZBVs,520,0.0285040837581538,Hotel Casa Amsterdam,4653,,Hotel,"[""Hotel"",""Biertuin"",""Conferentiecentrum"",""Gedeelde werkplek"",""Multifunctionele ruimte"",""Parkeergarage"",""Restaurant"",""Studentenhuisvesting""]",bars in oud-oost,52.3499527,4.9186039,Hotel
229,ChIJv01ZjMEJxkcRWhpTUoEWuDY,520,0.0285040837581538,De Brabantse Aap,2558,$$$$$$$,Bierzaal,"[""Bierzaal"",""Cafe""]",bars in 9 straatjes,52.3684598,4.8887313,Dining & Cafes
230,ChIJeYQz_-sJxkcRP1S92P0uTE8,515,0.02823000602971,Cafe Restaurant Hans en Grietje Amsterdam,2484,$$$$$$$,Restaurant,"[""Restaurant"",""Bar"",""Koffiehuis"",""Eetcafe""]",cafes in leidseplein,52.3617899,4.8873837,Dining & Cafes
231,ChIJcwAOLMQJxkcRMhBjTnvRGy4,514,0.0281751904840212,Grey Area Coffeeshop,3804,,Cannabiswinkel,"[""Cannabiswinkel"",""Vereniging/organisatie"",""Toeristische attractie""]",coffeeshops in negen straatjes,52.3746766,4.8888433,Cannabisshop
232,ChIJg5Xlnu8JxkcRuoUZMCY3Gkg,514,0.0281751904840212,House of Bols Cocktail & Genever Experience,2744,,Toeristische attractie,"[""Toeristische attractie"",""Cocktailbar"",""Museum""]",bars in museumkwartier,52.3591201,4.8812169,Cultural & Historic
233,ChIJK_RWo1XhxUcRQlaKrcBHkNI,513,0.0281203749383325,Olympic Hotel Amsterdam,2670,,Hotel,"[""Hotel""]",hotels in vondelpark,52.3413634,4.8530867,Hotel
234,ChIJVwucBNLjxUcRXzGhUau_gBw,511,0.0280107438469549,Meervaart,2531,,Theater,"[""Theater""]",event venues in osdorpplein,52.35908,4.8073091,Event venue
235,ChIJo_CNmb0JxkcRfXyY9FDKtC4,507,0.0277914816641999,Joods Museum + junior,2198,,Museum,"[""Museum"",""Cultureel centrum"",""Historisch museum"",""Synagoge"",""Toeristische attractie""]",museums in negen straatjes,52.3671182,4.903815499999999,Cultural & Historic
236,ChIJNysxhO8JxkcRxxVesZhblDs,507,0.0277914816641999,Blushing Amsterdam,2769,$$$$$$$,Koffiebar,"[""Koffiebar"",""Ontbijtrestaurant"",""Brunchrestaurant"",""Lunchrestaurant""]",bars in museumkwartier,52.3588108,4.8803584,Dining & Cafes
237,ChIJl2HJg5UJxkcR3t2tEWSKQOw,505,0.0276818505728224,Vapiano,4897,$$$$$$$,Italiaans restaurant,"[""Italiaans restaurant""]",restaurants in rembrandtplein,52.3661804,4.8979249,Dining & Cafes
238,ChIJ4cQymvEJxkcR7DCtnd76R0Q,504,0.0276270350271336,Loetje Amsterdam Cafe,3727,$$,Restaurant,"[""Restaurant"",""Steak- en karbonaderestaurant"",""Nederlands restaurant"",""Familierestaurant"",""Restaurant voor vleesgerechten"",""Steakhouse""]",bars in museumkwartier,52.354382,4.884167,Dining & Cafes
239,ChIJB-6ZgF_ixUcR3RqgxAhq35Q,503,0.0275722194814449,Park Inn by Radisson Amsterdam City West,2953,,Hotel,"[""Hotel"",""Bar"",""Business to Business-service"",""Fitnessruimte"",""Sportschool"",""Restaurant""]",hotels in de pijp,52.3901508,4.8425116,Hotel
240,ChIJ-dU4O8IJxkcRI29YYUbfrXQ,500,0.0274077728443786,The Lebanese Sajeria,2502,$$$$$$$,Restaurant,"[""Restaurant""]",restaurants in negen straatjes,52.3687036,4.8873204,Dining & Cafes
241,ChIJo1lheeoJxkcRMUxM5tcCAT0,500,0.0274077728443786,Duke of Tokyo Amsterdam,1853,$$$$$$$,Karaokebar,"[""Karaokebar"",""Bar"",""Cocktailbar"",""Dansclub""]",bars in rembrandtplein,52.3665004,4.8906375,Dining & Cafes
242,ChIJXZcH-akJxkcRmA5D2QSJg0I,498,0.0272981417530011,Mr. Meat Steakhouse,1379,,Steakhouse,"[""Steakhouse""]",restaurants in haarlemmerbuurt,52.3809096,4.8904897,Dining & Cafes
243,ChIJj1L0u-kJxkcRjqjnVEm7B6o,498,0.0272981417530011,Cafe De Klos,4070,$$$$$$$,Restaurant,"[""Restaurant""]",cafes in leidseplein,52.3653618,4.8856863,Dining & Cafes
244,ChIJWzS1LckJxkcR1ht8nU7G_eY,498,0.0272981417530011,Barney's Coffeeshop,4561,,Cannabiswinkel,"[""Cannabiswinkel"",""Koffiebar""]",bars in haarlemmerbuurt,52.3806892,4.8908553,Cannabisshop
245,ChIJhd_mnOgJxkcR7oNxp_ZYz6U,496,0.0271885106616236,Cafe Americain,1772,$$,Restaurant,"[""Restaurant"",""Koffiehuis""]",bars in leidseplein,52.3638315,4.8815368,Dining & Cafes
246,ChIJ80M3-ugJxkcRCFAyQobPpRM,494,0.0270788795702461,Satellite Sportscafe,3625,$$$$$$$,Sportcafe,"[""Sportcafe"",""Bar"",""Ontbijtrestaurant"",""Koffiehuis"",""Club"",""Gastropub"",""Lunchrestaurant"",""Cafe"",""Restaurant""]",bars in leidseplein,52.3640585,4.8834947,Dining & Cafes
247,ChIJ40j5XbgJxkcRZi0uhqF23aI,493,0.0270240640245573,Crepes & Waffles,2362,$$$$$$,Creperie,"[""Creperie"",""Snackbar""]",restaurants in de wallen,52.3749268,4.897679,Dining & Cafes
248,ChIJyx8-y5ALxkcRiMIAE6Ble5I,491,0.0269144329331798,Loungebar & Restaurant JinSo,3080,$$$$$$$,Restaurant,"[""Restaurant""]",bars in bijlmer arena,52.3128252,4.9448914,Dining & Cafes
249,ChIJ4zA2tMsJxkcRZhl5GUU843I,490,0.026859617387491,Room Mate Aitana,3355,,Hotel,"[""Hotel""]",hotels in haarlemmerbuurt,52.3848106,4.8939945,Hotel
250,ChIJG42bTvMJxkcRJ0fkdC3XGvw,489,0.0268048018418023,Omelegg de Pijp,3518,$$$$$$$,Ontbijtrestaurant,"[""Ontbijtrestaurant"",""Brunchrestaurant"",""Health Food-restaurant"",""Lunchrestaurant"",""Restaurant""]",restaurants in de pijp,52.3517177,4.891545499999999,Dining & Cafes
251,ChIJtTMtisAJxkcRk6JmL5ykjNE,488,0.0267499862961135,Kapitein Zeppos,2380,$$$$$$$,Restaurant,"[""Restaurant"",""Locatie voor live muziek"",""Cafe"",""Trouwlocatie""]",bars in wallengebied,52.3696513,4.8937334,Dining & Cafes
252,ChIJ1UjgVr8JxkcRig0LdKQn26s,488,0.0267499862961135,Green House Centrum,5087,,Cannabiswinkel,"[""Cannabiswinkel""]",coffeeshops in buikslotermeerplein,52.3714943,4.8957372,Cannabisshop
253,ChIJ34BmSsEJxkcRFR9TE1EAP2Q,487,0.0266951707504248,BeerTemple,3623,$$$$$$$,Cafe,"[""Cafe"",""Bar""]",bars in 9 straatjes,52.3719674,4.8903228,Dining & Cafes
254,ChIJISRM4s4JxkcR7cdxqCceLrc,483,0.0264759085676697,Het Papeneiland,2074,$$$$$$,Koffiehuis,"[""Koffiehuis"",""Monument"",""Cafe""]",bars in haarlemmerbuurt,52.3804627,4.8879704,Dining & Cafes
255,ChIJVR5Sl74JxkcRPvBLwwIgPmA,483,0.0264759085676697,Restaurant-Cafe In de Waag,3670,$$,Restaurant,"[""Restaurant"",""Monument""]",restaurants in nieuwmarkt,52.372833,4.9003866,Dining & Cafes
256,ChIJobWaxcEJxkcRyBgzFmPvhAs,482,0.026421093021981,Dampkring Coffeeshop Amsterdam,3969,,Cannabiswinkel,"[""Cannabiswinkel""]",coffeeshops in buikslotermeerplein,52.3677523,4.8904771,Cannabisshop
257,ChIJnem5BqIJxkcR0wVhLOcEuMw,480,0.0263114619306035,Shiso Asian Fusion,1524,$$$$$$$,Sushirestaurant,"[""Sushirestaurant"",""Aziatisch restaurant"",""Bar"",""Cocktailbar"",""Japans restaurant"",""Restaurant"",""Visrestaurant""]",bars in rembrandtplein,52.3661549,4.8977171,Dining & Cafes
258,ChIJi58lsMkJxkcRtPXZU30PjPo,476,0.0260921997478484,Eggs Benaddicted,1070,$$$$$$$,Ontbijtrestaurant,"[""Ontbijtrestaurant"",""Brunchrestaurant"",""Lunchrestaurant""]",restaurants in leidseplein,52.364388,4.8849487,Dining & Cafes
259,ChIJLXURjegJxkcRqY0_husvmAM,476,0.0260921997478484,Internationaal Theater Amsterdam,3220,,Theater,"[""Theater""]",event venues in leidseplein,52.3639518,4.882333399999999,Event venue
260,ChIJt4FKx8QJxkcRJhPb8itaxUU,476,0.0260921997478484,Sefa Restaurant BBQ & Grill-Room,2809,$$$$$$$,Halal-restaurant,"[""Halal-restaurant"",""Barbecuerestaurant"",""Doner kebab-restaurant"",""Kebabzaak"",""Restaurant"",""Turks restaurant""]",restaurants in sloterdijk,52.373902,4.883795999999999,Dining & Cafes
261,ChIJ8-nz-rkJxkcR25uPlJXZKG4,475,0.0260373842021597,Cafe de Schreierstoren,1761,$$$$$$$,Eetcafe,"[""Eetcafe"",""Brunchrestaurant"",""Creperie"",""Cultureel monument"",""Nederlands restaurant"",""Historisch herkenningspunt"",""Lunchrestaurant"",""Pannenkoekrestaurant"",""Cafe"",""Restaurant""]",restaurants in de wallen,52.3764398,4.902300299999999,Dining & Cafes
262,ChIJBxQ_6rkJxkcRKxcmTOf5HNQ,471,0.0258181220194047,Molly Malone's Irish Pub,2794,$$$$$$$,Ierse pub,"[""Ierse pub"",""Bar""]",bars in 9 straatjes,52.3759908,4.9012363,Dining & Cafes
263,ChIJZcWD7jYJxkcRu-2ypeuv-1w,471,0.0258181220194047,Sham Oost,1403,$$$$$$$,Syrisch restaurant,"[""Syrisch restaurant""]",restaurants in indische buurt,52.3697601,4.9369375,Dining & Cafes
264,ChIJlzfTiscJxkcRxjqByaZaTiI,469,0.0257084909280271,De Kroon Coffeeshop Amsterdam,1717,$$$$$$$,Koffiebar,"[""Koffiebar"",""Koffiehuis"",""Cannabiswinkel""]",coffeeshops in haarlemmerbuurt,52.3759993,4.8960146,Dining & Cafes
265,ChIJv42bEB_ixUcRO8p-I1HMl-M,468,0.0256536753823384,XO Hotels Couture,3568,,Hotel,"[""Hotel""]",hotels in museumkwartier,52.3511547,4.8414231,Hotel
266,ChIJ0brk_f0LxkcRvXpYk8nnOsQ,466,0.0255440442909609,Winkelcentrum Diemerplein,506,,Winkelcentrum,"[""Winkelcentrum""]",shopping malls in negen straatjes,52.3421386,4.9631779,Shopping
267,ChIJI7SjDp4JxkcRuT5Vwob1SVs,464,0.0254344131995834,Generator Hostel,4041,,Herberg,"[""Herberg"",""Bar"",""Koffiehuis"",""Evenementenlocatie"",""Hotel""]",bars in buikslotermeerplein,52.3608673,4.9190176,Hotel
268,ChIJASoMcV8JxkcRI7KTfOhHKfA,463,0.0253795976538946,Restaurant Nomi Vijzelstraat Korean BBQ & Sushi,852,$$$$$$$,Koreaans barbecuerestaurant,"[""Koreaans barbecuerestaurant""]",restaurants in leidseplein,52.36546,4.8926888,Dining & Cafes
269,ChIJ8ewYqugJxkcR7jzBgRb-hvc,462,0.0253247821082058,Amsterdam Marriott Hotel,3174,,Hotel,"[""Hotel"",""Planning van vergaderingen"",""Trouwlocatie""]",event venues in leidseplein,52.3625708,4.8801082,Hotel
270,ChIJ7_JeDZALxkcR6zrSG75eNNI,460,0.0252151510168283,Hampton by Hilton Amsterdam / Arena Boulevard,3262,,Hotel,"[""Hotel""]",hotels in bijlmer arena,52.3130354,4.947841599999999,Hotel
271,ChIJdVLICfEJxkcRQxGmA3GbJnI,455,0.0249410732883845,Lagom Amsterdam,801,$$$$$$$,Ontbijtrestaurant,"[""Ontbijtrestaurant"",""Brunchrestaurant"",""Lunchrestaurant""]",cafes in nieuwmarkt,52.3705716,4.900796,Dining & Cafes
272,ChIJ___PSHAJxkcR86v4fajN9RQ,455,0.0249410732883845,Winkelcentrum Oostpoort,2855,,Winkelcentrum,"[""Winkelcentrum""]",shopping malls in negen straatjes,52.3564837,4.9303271,Shopping
273,ChIJNfz5LeUJxkcRdjtoi1Fqsjk,452,0.0247766266513183,Banketbakkerij Het Koekemannetje,1390,$$$$$$,Koekjeswinkel,"[""Koekjeswinkel"",""Bakkerij"",""Patisserie"",""Winkel"",""Toeristische attractie""]",tourist attractions in sloterdijk,52.3688213,4.8839941,Shopping
274,ChIJM5Ds5o7ixUcRqKc2PKr1uWc,451,0.0247218111056295,Thuishaven Festivalterrein,2415,,Evenementenlocatie,"[""Evenementenlocatie""]",event venues in sloterdijk,52.396583,4.856513,Event venue
275,ChIJKQEowXAJxkcR1uPTdMCJs60,451,0.0247218111056295,The Cottage,1502,$$$$$$$,Restaurant,"[""Restaurant"",""Gastropub""]",bars in museumkwartier,52.3561204,4.9272931,Dining & Cafes
276,ChIJ_ayps7gJxkcRWZ4t02SlcAA,450,0.0246669955599408,Saint Morris Argentijns Restaurant,2628,$$,Argentijns restaurant,"[""Argentijns restaurant""]",restaurants in de wallen,52.3721058,4.8965026,Dining & Cafes
277,ChIJK_Y3dbcJxkcR22-nKtC_G3M,449,0.024612180014252,Grand Cafe Restaurant 1e klas,2286,$$,Restaurant,"[""Restaurant""]",restaurants in de wallen,52.3781997,4.9009163,Dining & Cafes
278,ChIJjy0uX8AJxkcRklJiMCk_ymE,449,0.024612180014252,De Laatste Kruimel,2107,$$$$$$$,Bakkerij,"[""Bakkerij"",""Taartenwinkel"",""Broodjeswinkel""]",restaurants in de wallen,52.3692405,4.8929958,Dining & Cafes
279,ChIJK_XmVugJxkcRmAYy6hLO7yM,447,0.0245025489228745,Wok To Walk,3803,$$$$$$$,Aziatisch restaurant,"[""Aziatisch restaurant"",""Aziatisch fusion-restaurant"",""Snackbar"",""Afhaalrestaurant"",""Wokrestaurant""]",restaurants in leidseplein,52.3647663,4.883608199999999,Dining & Cafes
280,ChIJ9do5m7gJxkcRHy7o8MDGAHI,447,0.0245025489228745,Belushi's Amsterdam,2463,$$$$$$$,Sportcafe,"[""Sportcafe"",""Cocktailbar"",""Snackbar"",""Locatie voor live muziek""]",bars in wallengebied,52.373999,4.8962872,Dining & Cafes
281,ChIJiRko-NELxkcRcrjr7i5AuQc,446,0.0244477333771857,Postillion Hotel Amsterdam,1945,,Hotel,"[""Hotel"",""Congrescentrum"",""Evenementenlocatie"",""Beurs- en conferentiecentrum"",""Hotel voor langdurig verblijf"",""Multifunctionele ruimte"",""Restaurant""]",hotels in bijlmer arena,52.3334657,4.9218148,Hotel
282,ChIJy3MKglYIxkcRb-OM2GyApmo,446,0.0244477333771857,Noorderpark,3046,,Park,"[""Park"",""Toeristische attractie""]",parks in negen straatjes,52.3958556,4.9200389,Green Recreation
283,ChIJR4aAeqIJxkcR1WNf8ZIJIgI,445,0.024392917831497,Cafe-Restaurant De Plantage,2940,$$,Restaurant,"[""Restaurant""]",restaurants in buikslotermeerplein,52.3667512,4.9124772,Dining & Cafes
284,ChIJc3I2DawJxkcRi43AP5HhB7E,444,0.0243381022858082,Xi'an Delicious Foods,1020,$$$$$$$,Restaurant,"[""Restaurant""]",restaurants in leidseplein,52.364438,4.8841533,Dining & Cafes
285,ChIJRXjQFrkJxkcRixW5CpNXcmI,444,0.0243381022858082,Hoi Tin,1825,$$$$$$$,Chinees restaurant,"[""Chinees restaurant""]",restaurants in de wallen,52.373427,4.9001332,Dining & Cafes
286,ChIJHwci1XYLxkcR0Kd7zDqhBmc,441,0.0241736556487419,Fletcher Hotel Amsterdam,3645,,Hotel,"[""Hotel"",""Fietsverhuur"",""Evenementenlocatie"",""Hotel voor langdurig verblijf"",""Restaurant""]",hotels in bijlmer arena,52.2924809,4.9444577,Hotel
287,ChIJYcf7MWfixUcR_4zEuh0Jbmw,440,0.0241188401030532,La Casa Di Michael,2220,$$$$$$$,Pizzeria,"[""Pizzeria""]",restaurants in sloterdijk,52.3843028,4.8469694,Dining & Cafes
288,ChIJS3q0xeIJxkcRGw2iXbPq_k8,439,0.0240640245573644,Takumi Ramen Amsterdam De Pijp,1265,$$$$$$$,Ramen-noedelrestaurant,"[""Ramen-noedelrestaurant"",""Japans restaurant""]",restaurants in de pijp,52.3563508,4.8904576,Dining & Cafes
289,ChIJ95jJGSAKxkcR0neMkt0HgV4,438,0.0240092090116757,Knijn Bowling & Restaurant,1905,,Bowlingbaan,"[""Bowlingbaan"",""Evenementenlocatie"",""Restaurant""]",event venues in zuidas,52.3443856,4.891446,Activities
290,ChIJC_ZHB6cJxkcR6LYswuuY25Y,437,0.0239543934659869,Pizzeria Bella Roma Amsterdam,2216,$$$$$$$,Italiaans restaurant,"[""Italiaans restaurant""]",restaurants in de wallen,52.3748597,4.8988399,Dining & Cafes
291,ChIJbfDB-3kJxkcR9bVfPC0S2Dk,436,0.0238995779202981,Tribe Amsterdam City,961,,Hotel,"[""Hotel""]",hotels in indische buurt,52.4025232,4.931148299999999,Hotel
292,ChIJb_VCr3_ixUcRe6RY0IkpgJU,433,0.0237351312832319,Gashouder Westergas,1825,,Evenementenlocatie,"[""Evenementenlocatie"",""Monument""]",event venues in haarlemmerbuurt,52.386831,4.8694026,Event venue
293,ChIJh1JLKI4LxkcR7tOfNRLdEOA,432,0.0236803157375431,KFC,1824,$$$$$$$,Snackbar,"[""Snackbar"",""Amerikaans restaurant"",""Kiprestaurant"",""Familierestaurant"",""Maaltijdbezorging"",""Afhaalrestaurant"",""Restaurant"",""Restaurant met kleine porties""]",restaurants in bijlmer arena,52.3141626,4.9517749,Dining & Cafes
295,ChIJc5vMcuwJxkcRBl98RxpjxI4,428,0.0234610535547881,Back to Black,1549,$$$$$$,Koffiebranders,"[""Koffiebranders"",""Koffiehuis"",""Koffiebar"",""Koffiegroothandel""]",stores in de leidseplein,52.361077,4.888494,Dining & Cafes
296,ChIJkwcxQ7gJxkcRTMOG1SIYNBQ,427,0.0234062380090993,Het Karbeel,2166,$$$$$$$,Fonduerestaurant,"[""Fonduerestaurant""]",restaurants in de wallen,52.376053,4.899101,Dining & Cafes
297,ChIJGVGV9InhxUcRhlbOT01ynbE,427,0.0234062380090993,"Corendon Amsterdam New-West, a Tribute Portfolio Hotel",4796,,Hotel,"[""Hotel"",""Planning van vergaderingen"",""Trouwlocatie""]",hotels in sloterdijk,52.346559,4.831026,Hotel
298,ChIJaRaLkL4JxkcR918LcqGLDwM,426,0.0233514224634106,"Coffeeshop ""Blue Bird""",3002,$$$$$$$,Koffiebar,"[""Koffiebar"",""Cannabisclub""]",cafes in de wallen,52.3699875,4.900887099999999,Dining & Cafes
299,ChIJX531bnnjxUcR4YM5eurEPuw,426,0.0233514224634106,Coffeeshop Sloterdijk,2045,$$,Cannabiswinkel,"[""Cannabiswinkel""]",coffeeshops in negen straatjes,52.3912184,4.8296738,Cannabisshop
300,ChIJWUEo4PwJxkcRySEQ-rGsQhQ,424,0.0232417913720331,Sandwichshop Amsterdam | Langebrugsteeg,3065,$$$$$$$,Broodjeswinkel,"[""Broodjeswinkel"",""Ontbijtrestaurant"",""Koffiebar"",""Lunchrestaurant"",""Maaltijdbezorging"",""Afhaalrestaurant""]",restaurants in de wallen,52.3693592,4.8930995,Shopping
301,ChIJPQqx9McJxkcR0-9hr_O7fAg,423,0.0231869758263443,420CAFE,4370,$$,Cannabiswinkel,"[""Cannabiswinkel""]",coffeeshops in haarlemmerbuurt,52.3759526,4.895871,Cannabisshop
302,ChIJXyeLEbkJxkcRksuq13k4dRA,423,0.0231869758263443,Nam Kee,2137,$$$$$$$,Chinees restaurant,"[""Chinees restaurant""]",restaurants in nieuwmarkt,52.3736952,4.9003709,Dining & Cafes
303,ChIJE6cZRJUJxkcR9vsN8GzeVzk,422,0.0231321602806555,De Nachtwacht,2449,$$$,Steakhouse,"[""Steakhouse"",""Restaurant""]",bars in rembrandtplein,52.365702,4.89553,Dining & Cafes
304,ChIJ7V5Oai0KxkcRcctSgGOZ5fU,422,0.0231321602806555,Mercure Hotel Amsterdam City,4398,,Hotel,"[""Hotel"",""Restaurant""]",hotels in bijlmer arena,52.335288,4.9134904,Hotel
305,ChIJxUq68XIJxkcRYlRyY3dQv2A,421,0.0230773447349668,Chinatown,1389,,Toeristische attractie,"[""Toeristische attractie""]",tourist attractions in negen straatjes,52.3737793,4.9002257,Cultural & Historic
306,ChIJ18bKQdwJxkcReqmMFkEeavw,419,0.0229677136435893,Bocca Coffee,1743,$$$$$$,Koffiebar,"[""Koffiebar"",""Koffiewinkel"",""Koffiegroothandel""]",stores in de leidseplein,52.3643905,4.8868164,Dining & Cafes
308,ChIJ__r9yvMJxkcR2Cu56FMSR7A,417,0.0228580825522118,Cannibale Royale Ruysdaelkade,2513,$$$$$$$,Restaurant,"[""Restaurant""]",restaurants in de pijp,52.3536429,4.8872304,Dining & Cafes
309,ChIJqxEvatcJxkcRXNT_dO3VtGw,416,0.022803267006523,YUSU,848,$$$$$$,Koffiebar,"[""Koffiebar""]",coffeeshops in dapperbuurt,52.3598821,4.9110865,Dining & Cafes
310,ChIJjXkvNCIKxkcRObyJK4Dy9Rw,416,0.022803267006523,Motel One Amsterdam,3378,,Hotel,"[""Hotel""]",hotels in bijlmer arena,52.3384866,4.892576099999999,Hotel
311,ChIJReMZzM4JxkcRSisrzhJsWY0,414,0.0226936359151455,Restaurant & Pizzeria Lucca Due,2086,$$$$$$$,Italiaans restaurant,"[""Italiaans restaurant""]",bars in haarlemmerbuurt,52.3811225,4.8900883,Dining & Cafes
312,ChIJI1GB2MwJxkcRRR1f-RfOy4M,414,0.0226936359151455,Box Sociaal Jordaan,687,$$$$$$$,Restaurant,"[""Restaurant"",""Australisch restaurant"",""Bar"",""Ontbijtrestaurant"",""Brunchrestaurant"",""Koffiehuis"",""Cocktailbar"",""Koffiebar"",""Lunchrestaurant"",""Wijnbar""]",restaurants in de jordaan,52.3746671,4.8814858,Dining & Cafes
313,ChIJhYINU-0JxkcRvejqQS5UWwc,413,0.0226388203694567,Venster 33,2035,$$,Restaurant,"[""Restaurant"",""Bar"",""Koffiehuis"",""Cocktailbar"",""Eetcafe"",""Nederlands restaurant"",""Lunchrestaurant""]",bars in de pijp,52.3564206,4.8923475,Dining & Cafes
314,ChIJZeQkAAYKxkcRHgS7DXH2wWc,410,0.0224743737323905,Loetje Amsterdam ZuidAs,2173,$$,Restaurant,"[""Restaurant"",""Bistro"",""Carvery"",""Steak- en karbonaderestaurant"",""Restaurant voor vleesgerechten"",""Steakhouse""]",restaurants in zuidas,52.3356892,4.869284599999999,Dining & Cafes
315,ChIJ2-aGJ8QJxkcR8tCy-5k7QHs,410,0.0224743737323905,Amazing Oriental Amsterdam Noord,998,,Chinese supermarkt,"[""Chinese supermarkt"",""Aziatische kruidenierswinkel"",""Supermarkt"",""Oosterse winkel""]",stores in buikslotermeerplein,52.3979935,4.938152,Shopping
316,ChIJv8p3wMcJxkcRPt955tgRVEU,409,0.0224195581867017,Inntel Hotels Amsterdam Centre,2784,,Hotel,"[""Hotel"",""Kuurhotel""]",hotels in negen straatjes,52.3760456,4.8943917,Hotel
317,ChIJuekvdvvjxUcReztmpHzx5Dw,408,0.0223647426410129,McDonald's Amsterdam Osdorp Drive,2837,$$$$$$$,Hamburgerrestaurant,"[""Hamburgerrestaurant"",""Familierestaurant"",""Snackbar"",""Afhaalrestaurant"",""Restaurant""]",restaurants in osdorpplein,52.3557542,4.7728323,Dining & Cafes
318,ChIJt2YRyRnixUcR1DznptCpL_A,408,0.0223647426410129,WestCord Fashion Hotel Amsterdam,3343,,Hotel,"[""Hotel"",""Cocktailbar"",""Congrescentrum"",""Frans haute cuisine-restaurant"",""Parkeergarage"",""Restaurant"",""Wellnesscentrum"",""Zwembad"",""Kuurhotel""]",hotels in sloterdijk,52.357655,4.8445759,Hotel
319,ChIJ-17J8wPixUcRYhknGJNujXw,408,0.0223647426410129,Dignita Vondelpark,1973,$$$$$$$,Restaurant,"[""Restaurant"",""Bar"",""Ontbijtrestaurant"",""Brunchrestaurant"",""Koffiehuis"",""Lunchrestaurant""]",bars in vondelpark,52.3518389,4.8572389,Dining & Cafes
320,ChIJE_gqi-vjxUcR6_WmXEC-qwc,408,0.0223647426410129,Sallora Amsterdam,1405,,Restaurant,"[""Restaurant"",""Arabisch restaurant"",""Halal-restaurant"",""Libanees restaurant"",""Lunchrestaurant"",""Midden-Oosters restaurant"",""Syrisch restaurant""]",bars in osdorpplein,52.3578062,4.8054935,Dining & Cafes
321,ChIJ1TT0OB7ixUcRqdgd8HPVkTw,408,0.0223647426410129,Best Western Amsterdam,3983,,Hotel,"[""Hotel""]",hotels in sloterdijk,52.34873,4.842652,Hotel
322,ChIJGecV7hEKxkcRYGSlgFqShxA,408,0.0223647426410129,Japanese & Korean Foodmarket Shilla,1788,,Koreaanse kruidenierswinkel,"[""Koreaanse kruidenierswinkel"",""Delicatessenwinkel"",""Japanse delicatessenzaak"",""Japanse kruidenierswinkel"",""Supermarkt""]",stores in zuidas,52.3306902,4.8760024,Shopping
323,ChIJ81n-FN0JxkcR8mLGvLmEwyw,407,0.0223099270953242,Milky Amsterdam,1157,$$$$$$$,Creperie,"[""Creperie"",""Koffiebar"",""Dessertrestaurant"",""Lunchrestaurant"",""Pannenkoekrestaurant""]",restaurants in de wallen,52.3724613,4.8988948,Dining & Cafes
324,ChIJW3rldWjixUcRNu0ZuZ5cVK0,406,0.0222551115496354,XO HOTELS Blue Tower,3028,,Hotel,"[""Hotel""]",hotels in sloterdijk,52.379204,4.8456894,Hotel
325,ChIJFwIfrW3jxUcRYXrshc7BG5w,406,0.0222551115496354,Lofi,867,,Evenementenlocatie,"[""Evenementenlocatie"",""Kunstgalerie"",""Club"",""Cultureel centrum"",""Restaurant""]",night clubs in amsterdam,52.3912546,4.8242219,Event venue
327,ChIJi5zSag8JxkcRLeUu3j1pH4g,404,0.0221454804582579,Coffee And Cakes,977,$$$$$$,Koffiebar,"[""Koffiebar""]",cafes in de wallen,52.3738628,4.896120799999999,Dining & Cafes
328,ChIJh4K_AekJxkcRlY8Gh9QyQz8,403,0.0220906649125692,Bar-B Burgers 'N' Beer,2626,$$$$$$$,Hamburgerrestaurant,"[""Hamburgerrestaurant"",""Grillrestaurant"",""Bar & Grill"",""Cocktailbar""]",bars in leidseplein,52.3642761,4.8842951,Dining & Cafes
329,ChIJ6zYl_nQJxkcRfmceVrMKTVU,403,0.0220906649125692,Louie Louie,2234,$$,Restaurant,"[""Restaurant"",""Bar"",""Koffiehuis"",""Cocktailbar""]",bars in museumkwartier,52.3630521,4.9238803,Dining & Cafes
330,ChIJY-gGZErjxUcRy-xvDUO2TbM,402,0.0220358493668804,Gitane,584,,Restaurant,"[""Restaurant"",""Bar"",""Cafe""]",bars in vondelpark,52.361769,4.864367,Dining & Cafes
331,ChIJAXfOrAXixUcR1byBrlBHZ8E,402,0.0220358493668804,De Vondeltuin,2071,$$$$$$$,Restaurant,"[""Restaurant"",""Bar"",""Lounge"",""Speeltuin"",""Cafe""]",bars in vondelpark,52.3549604,4.8565403,Dining & Cafes
332,ChIJ-7Tj4-gJxkcREw9W0cqi89M,402,0.0220358493668804,Pathe City,2685,,Bioscoop,"[""Bioscoop""]",movie theaters in negen straatjes,52.3634479,4.8838464,Activities
333,ChIJyelEwcAJxkcR5OuolDStDoc,400,0.0219262182755029,Het Groene Paleis,1760,$$$$$$$,Europees restaurant,"[""Europees restaurant"",""Bar""]",restaurants in negen straatjes,52.3710401,4.8932575,Dining & Cafes
334,ChIJ0fKsA7kJxkcR96t95xTrJw8,399,0.0218714027298141,Excalibur Cafe,3805,$$$$$$$,Cafe,"[""Cafe""]",bars in wallengebied,52.3740297,4.899365899999999,Dining & Cafes
335,ChIJ7yVILusJxkcRM5jQ3EGcTKM,399,0.0218714027298141,Museum Van Loon,1996,,Museum,"[""Museum"",""Erfgoedmuseum"",""Monument""]",museums in negen straatjes,52.3633598,4.8933277,Cultural & Historic
336,ChIJe3oxktMLxkcRU1_gZsP0cYQ,398,0.0218165871841254,Ruby Emma Hotel & Bar,2305,,Hotel,"[""Hotel"",""Bar"",""Ontbijtrestaurant"",""Koffiehuis""]",hotels in bijlmer arena,52.3383204,4.9210623,Hotel
337,ChIJkZy0GP8IxkcRu4MlPnBddu8,398,0.0218165871841254,Camping Vliegenbos Amsterdam,3273,,Kampeerterrein,"[""Kampeerterrein"",""Vakantiewoningverhuur"",""Vakantiepark"",""Accomodatie"",""Vakantiecomplex"",""Camperplaats""]",tourist attractions in buikslotermeerplein,52.3905786,4.9282097,Hotel
338,ChIJt7UYj8EJxkcRoFnGBP6o5Jk,397,0.0217617716384366,Hoppe,1935,$$$$$$$,Bar,"[""Bar""]",bars in rembrandtplein,52.3688139,4.8886279,Dining & Cafes
340,ChIJmV4L_9sJxkcRhi_Tq6OeeRE,397,0.0217617716384366,Cafe Sound Garden,1997,$$$$$$,Bar,"[""Bar"",""Bar met live muziek""]",bars in wallengebied,52.3729171,4.8757411,Dining & Cafes
341,ChIJA969Sr8JxkcRTaO3CDO1V5s,397,0.0217617716384366,Hash Marihuana & Hemp Museum Amsterdam,4644,,Museum,"[""Museum"",""Historisch museum"",""Toeristische attractie""]",tourist attractions in negen straatjes,52.3717805,4.8969197,Cultural & Historic
342,ChIJL9yiSLgJxkcRuPgxarR-2hI,396,0.0217069560927479,Restaurant Argentalia Amsterdam,1609,$$$$$$$,Steakhouse,"[""Steakhouse""]",restaurants in de wallen,52.3756196,4.8986093,Dining & Cafes
343,ChIJsYZOU_kJxkcRXMtoR1ufaDk,394,0.0215973250013703,Hilton Amsterdam,2995,,Hotel,"[""Hotel"",""Eetzaal"",""Bedrijfscentrum"",""Evenementenlocatie"",""Planning van vergaderingen"",""Trouwplanner"",""Trouwlocatie""]",hotels in bijlmer arena,52.3513974,4.8720606,Hotel
344,ChIJx8jIHXMJxkcRbXr3CkT35hM,394,0.0215973250013703,Bar Botanique | Restaurant Amsterdam-Oost,2501,$$$$$$$,Restaurant,"[""Restaurant"",""Bar"",""Ontbijtrestaurant"",""Koffiehuis"",""Frans restaurant"",""Lunchrestaurant"",""Mediterraans restaurant"",""Pizzeria"",""Bar met statafels""]",bars in museumkwartier,52.363422,4.930292199999999,Dining & Cafes
345,ChIJs4UXQHsJxkcRbpshRTz-CIY,393,0.0215425094556816,Park Frankendael,2623,,Park,"[""Park"",""Toeristische attractie""]",tourist attractions in negen straatjes,52.3511853,4.9308048,Green Recreation
346,ChIJw-ZqkUsJxkcRUMZjZKnaqvI,393,0.0215425094556816,Margo's Amsterdam,772,$$$$$$,Bakkerij,"[""Bakkerij"",""Koffiehuis"",""Afhaalrestaurant"",""Veganistisch restaurant""]",cafes in haarlemmerbuurt,52.3777616,4.883549,Dining & Cafes
347,ChIJLy8Yd5UJxkcRHOg-22IwN7Q,393,0.0215425094556816,The Old Bell,2129,$$$$$$$,Cafe,"[""Cafe""]",bars in rembrandtplein,52.3657699,4.8974254,Dining & Cafes
348,ChIJhd_mnOgJxkcRqy0WT8GY2Lg,392,0.0214876939099928,Clayton Hotel Amsterdam American,2712,,Hotel,"[""Hotel"",""Bar"",""Restaurant""]",hotels in negen straatjes,52.3637466,4.8809267,Hotel
349,ChIJMzqLEIsJxkcRp0BQroIzgGc,392,0.0214876939099928,Hotel Okura Amsterdam,3325,,Hotel,"[""Hotel""]",hotels in dapperbuurt,52.3486159,4.8930097,Hotel
350,ChIJ6QtoIfQJxkcRzhxBtGIoY6I,391,0.0214328783643041,Bakkerij Wolf - Wolvenstraat,689,$$$$$$$,Bakkerij,"[""Bakkerij"",""Restaurant""]",restaurants in negen straatjes,52.3703766,4.8855546,Dining & Cafes
351,ChIJyXqvX7gJxkcR_mbT67cO9_k,391,0.0214328783643041,Irish Pub Slainte,1676,$$$$$$$,Ierse pub,"[""Ierse pub""]",bars in wallengebied,52.3747097,4.8973583,Dining & Cafes
352,ChIJY3bwO-kJxkcR8v8ezzwy1IY,391,0.0214328783643041,Ceppi's,882,,Italiaans restaurant,"[""Italiaans restaurant"",""Restaurant""]",restaurants in leidseplein,52.3627598,4.885091399999999,Dining & Cafes
353,ChIJDUlR6uQJxkcRYSAh4mSMGnU,390,0.0213780628186153,Lumbini,1287,$$$$$$$,Indiaas restaurant,"[""Indiaas restaurant"",""Nepalees restaurant""]",restaurants in buikslotermeerplein,52.3668648,4.8952452,Dining & Cafes
354,ChIJQTI_n34JxkcRvpYjCt4jThE,390,0.0213780628186153,Inntel Hotels Amsterdam Landmark,1119,,Hotel,"[""Hotel""]",hotels in oud-oost,52.373414,4.9285209,Hotel
355,ChIJ4eWiagQKxkcRf5j280yfbfE,389,0.0213232472729266,INNSiDE by Melia Amsterdam,1095,,Hotel,"[""Hotel""]",hotels in bijlmer arena,52.339882,4.8709911,Hotel
356,ChIJMx1kzpALxkcRvky7lDAGhTo,388,0.0212684317272378,Ichi-E,2660,$$,Japans restaurant,"[""Japans restaurant"",""Restaurant"",""Sushirestaurant""]",bars in bijlmer arena,52.3130786,4.9453681,Dining & Cafes
357,ChIJ15V3aZUJxkcROIIfdVHPAlo,386,0.0211588006358603,Coffeeshop Smokey,3622,,Cannabiswinkel,"[""Cannabiswinkel""]",coffeeshops in leidseplein,52.3656715,4.8964031,Cannabisshop
358,ChIJpZaOapUJxkcR7nZpdC_gCmM,386,0.0211588006358603,De Heeren Van Aemstel,2392,$$$$$$$,Bar,"[""Bar"",""Club"",""Locatie voor live muziek"",""Cafe""]",bars in rembrandtplein,52.3654133,4.8960406,Dining & Cafes
359,ChIJKZZrUbgJxkcR8CuiENy4Aj4,383,0.020994353998794,Fabian Restaurant. Pizza Steak House,2220,$$$$$$$,Restaurant,"[""Restaurant""]",restaurants in de wallen,52.3750212,4.8987794,Dining & Cafes
360,ChIJIbstAsAJxkcRJZo-DMj48EM,383,0.020994353998794,Burgerbar Rembrandtplein,4036,$$$$$$$,Hamburgerrestaurant,"[""Hamburgerrestaurant"",""Snackbar"",""Restaurant""]",bars in rembrandtplein,52.3668675,4.8940659,Dining & Cafes
361,ChIJNw8oZO0JxkcROF2ed8HFRTo,382,0.0209395384531053,Irish Pub O'Donnell's Amsterdam,2332,$$$$$$$,Ierse pub,"[""Ierse pub""]",bars in de pijp,52.3566912,4.8908977,Dining & Cafes
362,ChIJ91zRxFIIxkcRdt7m7j83ztY,382,0.0209395384531053,Bunk Hotel Amsterdam,1036,,Hotel,"[""Hotel"",""Capsulehotel"",""Herberg""]",hotels in dapperbuurt,52.388089,4.913899,Hotel
363,ChIJkXe4mNgJxkcRCPIzZebDpog,381,0.0208847229074165,mTaam lymn Yemen Restaurant,899,$$$$$$$,Jemenitisch restaurant,"[""Jemenitisch restaurant"",""Restaurant""]",bars in indische buurt,52.3634452,4.9329015,Dining & Cafes
364,ChIJ-U0QpE3ixUcRGDV6HPFMOzY,381,0.0208847229074165,XO Hotels Blue Square,2685,,Hotel,"[""Hotel""]",hotels in sloterdijk,52.3786111,4.8211111,Hotel
365,ChIJzccHg74JxkcRufHICkn86wo,381,0.0208847229074165,De Sluyswacht,1673,$$$$$$$,Bar,"[""Bar""]",bars in 9 straatjes,52.3698667,4.9017167,Dining & Cafes
366,ChIJbz9kpK8JxkcRWeRCo0EvsIQ,381,0.0208847229074165,Muziekgebouw aan 't IJ,1821,,Concertzaal,"[""Concertzaal""]",event venues in bijlmer arena,52.3782504,4.9134354,Event venue
367,ChIJ6bSFS8cJxkcRrXrweixErac,380,0.0208299073617277,Cannabis Museum Amsterdam,1309,,Museum,"[""Museum"",""Toeristische attractie""]",tourist attractions in negen straatjes,52.3723227,4.8942902,Cultural & Historic
368,ChIJc0NLdJ0JxkcRRI8zkHAY9p0,380,0.0208299073617277,Batoni Khinkali,1418,$$$$$$$,Georgisch restaurant,"[""Georgisch restaurant"",""Restaurant""]",restaurants in museumkwartier,52.3557893,4.8704417,Dining & Cafes
369,ChIJ0TxdXbgJxkcRNRsIjMsIl1o,380,0.0208299073617277,Grizzly American Restaurant,2181,$$$$$$$,Amerikaans restaurant,"[""Amerikaans restaurant"",""Ontbijtrestaurant"",""Brunchrestaurant"",""Restaurant""]",restaurants in de wallen,52.375159,4.897745899999999,Dining & Cafes
370,ChIJlZeZw-UJxkcRR9AM02FG4Zg,380,0.0208299073617277,Stayokay Hostel Amsterdam Vondelpark,3407,,Jeugdhostel,"[""Jeugdhostel"",""Groepsaccommodatie"",""Herberg"",""Hotel""]",hotels in bijlmer arena,52.3609992,4.8779396,Hotel
371,ChIJaT9KLMMJxkcRF1-MJgQoLrQ,380,0.0208299073617277,Fou Fow Ramen,2199,$$$$$$$,Japans restaurant,"[""Japans restaurant"",""Aziatisch restaurant""]",restaurants in de jordaan,52.3703173,4.8822435,Dining & Cafes
372,ChIJ1SrebL8JxkcRjzT1Q0KtSnY,379,0.020775091816039,"Radisson Blu Hotel, Amsterdam City Center",2558,,Hotel,"[""Hotel"",""Bar"",""Fitnessruimte"",""Sportschool"",""Restaurant""]",hotels in negen straatjes,52.3702895,4.8966884,Hotel
373,ChIJPzyi2VjixUcRVOCJPYJYRbM,379,0.020775091816039,Marmaris Grill & Pizza Sloterdijk,2146,$$$$$$$,Restaurant,"[""Restaurant""]",bars in sloterdijk,52.3879331,4.837468599999999,Dining & Cafes
374,ChIJaTE3x_m9wEcRG4cRF4GNqC0,378,0.0207202762703502,Van der Valk Hotel Amsterdam Zuidas,1102,,Hotel,"[""Hotel"",""Laadstation voor elektrische voertuigen"",""Multifunctionele ruimte"",""Restaurant""]",hotels in bijlmer arena,52.3368051,4.8882787,Hotel
375,ChIJkeym18YJxkcR7zQj__hf-0g,377,0.0206654607246615,Kaasbar Amsterdam,750,,Restaurant,"[""Restaurant""]",restaurants in de pijp,52.357286,4.8905666,Dining & Cafes
376,ChIJlywwW5UJxkcRPTKJ7V83OTs,376,0.0206106451789727,St. James's Gate,2647,$$$$$$$,Ierse pub,"[""Ierse pub"",""Cafe""]",bars in rembrandtplein,52.3659597,4.8954661,Dining & Cafes
377,ChIJWdGrhsYJxkcRLmR1IePEuc0,375,0.020555829633284,Cafe van Zuylen,2235,$$$$$$$,Koffiehuis,"[""Koffiehuis""]",cafes in de wallen,52.3745828,4.8898545,Dining & Cafes
378,ChIJD150rNEJxkcRU9DweJAbAvs,375,0.020555829633284,Duende Dos,1235,$$,Spaans restaurant,"[""Spaans restaurant"",""Koffiehuis"",""Restaurant""]",restaurants in haarlemmerbuurt,52.380797,4.8809,Dining & Cafes
379,ChIJx3QKP4gLxkcR6Zl4K9jv8OA,375,0.020555829633284,Nelson Mandelapark,3055,,Park,"[""Park"",""Toeristische attractie""]",parks in negen straatjes,52.3114042,4.962312,Green Recreation
380,ChIJrdonouoJxkcRKl76gnmu8g4,375,0.020555829633284,Ter Marsch & Co | Amsterdam - Vijzelstraat,2014,,Hamburgerrestaurant,"[""Hamburgerrestaurant"",""Grillrestaurant"",""Bar & Grill"",""Cocktailbar"",""Hotel"",""Lunchrestaurant""]",bars in rembrandtplein,52.3664202,4.892983,Dining & Cafes
381,ChIJ7_I7j54JxkcRJmoGAFRdW2M,373,0.0204461985419064,Hotel Arena,2623,,Hotel,"[""Hotel"",""Bar"",""Evenementenlocatie"",""Multifunctionele ruimte"",""Restaurant"",""Trouwlocatie""]",bars in bijlmer arena,52.3610979,4.9157595,Hotel
382,ChIJZyp7SlQJxkcRk1GRyGTRwBo,373,0.0204461985419064,Lila,1531,$$$$$$$,Midden-Oosters restaurant,"[""Midden-Oosters restaurant"",""Halal-restaurant""]",bars in haarlemmerbuurt,52.3808246,4.890193099999999,Dining & Cafes
383,ChIJLXXfbsQJxkcRLtf2hFdtNUY,371,0.0203365674505289,Il Panorama,1913,$$$$$$$,Restaurant,"[""Restaurant"",""Brunchrestaurant"",""Koffiehuis"",""Pizzeria""]",restaurants in negen straatjes,52.3732859,4.8867607,Dining & Cafes
384,ChIJHbdGvhDjxUcR4gopxSb0Kxw,371,0.0203365674505289,Winkelcentrum Osdorpplein,481,,Winkelcentrum,"[""Winkelcentrum""]",shopping malls in negen straatjes,52.3590061,4.8048911,Shopping
385,ChIJIbgr1XEKxkcRG2S6Mqzh8eA,370,0.0202817519048402,ibis budget Amsterdam Zuid,3870,,Hotel,"[""Hotel""]",hotels in bijlmer arena,52.3166576,4.8719458,Hotel
386,ChIJ1QYJB1nixUcREAs0Xg6jPng,370,0.0202817519048402,Mercure Hotel Amsterdam Sloterdijk Station,3002,,Hotel,"[""Hotel"",""Restaurant""]",restaurants in sloterdijk,52.3872525,4.835624,Hotel
387,ChIJVRJRnoQJxkcR7AzzTwwCCpQ,369,0.0202269363591514,Canvas,1592,$$,Restaurant,"[""Restaurant"",""Bar"",""Ontbijtrestaurant"",""Dansrestaurant"",""Evenementenlocatie"",""Lunchrestaurant""]",bars in oosterparkbuurt,52.353771,4.9116531,Dining & Cafes
388,ChIJIV0wRA8JxkcRigYbuvG_HZ0,369,0.0202269363591514,Club Panama Amsterdam,2046,,Club,"[""Club"",""Dinertheater"",""Evenementenlocatie"",""Multifunctionele ruimte"",""Locatie voor live muziek"",""Nachtclub"",""Restaurant""]",event venues in bijlmer arena,52.3750009,4.9304974,Entertainment & Nightlife
390,ChIJm2XhsnEJxkcRLFwuTi-3zBg,369,0.0202269363591514,Q-Factory,2013,,Evenementenlocatie,"[""Evenementenlocatie"",""Multifunctionele ruimte"",""Locatie voor live muziek"",""Verhuurbedrijf voor kantoorruimte"",""Cafe"",""Opnamestudio""]",event venues in negen straatjes,52.3576218,4.930617799999999,Event venue
391,ChIJJYouQZUJxkcRPLnmL3YVm6o,367,0.0201173052677739,Coco's Outback,3081,$$$$$$$,Sportcafe,"[""Sportcafe"",""Bar"",""Koffiehuis"",""Gastropub"",""Karaokebar"",""Lunchrestaurant"",""Nachtclub"",""Poolcentrum"",""Restaurant""]",bars in rembrandtplein,52.3655333,4.8954222,Dining & Cafes
392,ChIJkXOJ6MgJxkcRIwjfUYItF44,367,0.0201173052677739,Restaurant De Belhamel,1481,$$,Frans restaurant,"[""Frans restaurant"",""Restaurant""]",restaurants in haarlemmerbuurt,52.3794184,4.8920453,Dining & Cafes
393,ChIJEdXdNboJxkcRX4h4XN5zsFM,366,0.0200624897220851,Grand Hotel Amrath Amsterdam,2653,,Hotel,"[""Hotel"",""Restaurant"",""Wellnesscentrum""]",hotels in negen straatjes,52.3745871,4.903903199999999,Hotel
394,ChIJr85cAvEJxkcRSKv5cLO2_pg,366,0.0200624897220851,Cafe Wildschut,1548,$$$$$$$,Cafe,"[""Cafe"",""Bar"",""Koffiehuis""]",bars in museumkwartier,52.3534218,4.8822933,Dining & Cafes
395,ChIJ93ES9eQJxkcRCScKXx8vQxg,366,0.0200624897220851,Chimney Cake Bakery & Cafe,907,$$$$$$,Bakkerij,"[""Bakkerij"",""Koffiehuis""]",cafes in museumkwartier,52.3569146,4.8791178,Dining & Cafes
396,ChIJ9zkRBekJxkcR6qjeE9GfJ5g,365,0.0200076741763964,El Vino,1847,$$$$$$$,Mexicaans restaurant,"[""Mexicaans restaurant"",""Restaurant""]",bars in leidseplein,52.3638878,4.88486,Dining & Cafes
397,ChIJyWIvLLkJxkcR-CRKO5uzzXw,364,0.0199528586307076,Temple Bar,1656,$$$$$$$,Bar,"[""Bar"",""Koffiehuis"",""Ierse pub""]",bars in wallengebied,52.3721397,4.8993578,Dining & Cafes
398,ChIJeQFkaZUJxkcRsWcWoBFmuwU,363,0.0198980430850189,Club Prime,2534,$$$$$$$,Nachtclub,"[""Nachtclub"",""Bar"",""Club"",""Cocktailbar"",""Discotheek""]",bars in rembrandtplein,52.3656457,4.896298499999999,Entertainment & Nightlife
399,ChIJvbaEJlsJxkcRciO58nceX0o,361,0.0197884119936413,the niu Fender,1379,,Hotel,"[""Hotel""]",hotels in negen straatjes,52.3689677,4.9463548,Hotel
400,ChIJmRQMPukJxkcRGxoGpAvzWes,361,0.0197884119936413,The Rookies Coffeeshop,2760,$$,Cannabiswinkel,"[""Cannabiswinkel""]",stores in de leidseplein,52.362982,4.885309,Cannabisshop
401,ChIJacLmS78JxkcR0gHksnoYSLk,361,0.0197884119936413,coffeecompany,1656,$$$$$$,Koffiebar,"[""Koffiebar""]",cafes in de wallen,52.3716361,4.8967307,Dining & Cafes
402,ChIJbzrRyEsIxkcRyvOHuH7Ss1g,359,0.0196787809022638,YOTEL Amsterdam,1210,,Hotel,"[""Hotel"",""Bar"",""Restaurant""]",hotels in dapperbuurt,52.3918387,4.9029986,Hotel
403,ChIJDfG5d4MJxkcRk2vnR-qbPOc,358,0.0196239653565751,Benji's,1199,$$$$$$$,Brunchrestaurant,"[""Brunchrestaurant"",""Bar"",""Ontbijtrestaurant"",""Koffiehuis"",""Cocktailbar"",""Health Food-restaurant"",""Lunchrestaurant"",""Restaurant"",""Veganistisch restaurant"",""Vegetarisch restaurant""]",bars in museumkwartier,52.3523635,4.9127834,Dining & Cafes
404,ChIJQ4MWCYHixUcR6YJPws4-zUw,358,0.0196239653565751,WestCord Art Hotel Amsterdam,3035,,Hotel,"[""Hotel"",""Bar"",""Ontbijtrestaurant"",""Koffiebar"",""Hotel voor langdurig verblijf"",""Frans restaurant"",""Parkeergarage"",""Zwembad""]",hotels in haarlemmerbuurt,52.3926854,4.8689265,Hotel
405,ChIJX1BYwSoIxkcR6aA3TPGp7Mg,358,0.0196239653565751,Museum Het Schip,1306,,Museum,"[""Museum"",""Cultureel monument"",""Monument"",""Toeristische attractie""]",museums in negen straatjes,52.3905036,4.873613499999999,Cultural & Historic
406,ChIJfbcUCZQJxkcRWuw7il-dIZA,357,0.0195691498108863,Pata Negra,1708,$$$$$$$,Tapas restaurant,"[""Tapas restaurant"",""Restaurant""]",restaurants in haarlemmerbuurt,52.3614117,4.8991167,Dining & Cafes
407,ChIJg7ICg5cJxkcRCIT2umWTRe0,357,0.0195691498108863,Zoku Amsterdam,2624,,Hotel,"[""Hotel"",""Bar"",""Bedrijfscentrum"",""Congrescentrum"",""Gedeelde werkplek"",""Evenementenlocatie"",""Restaurant""]",hotels in negen straatjes,52.3637925,4.906733099999999,Hotel
408,ChIJ68jGLucJxkcRJh4HCmlEnDU,355,0.0194595187195088,Teds Amsterdam Oud West - All Day Brunch,1815,$$,Brunchrestaurant,"[""Brunchrestaurant"",""Ontbijtrestaurant"",""Koffiehuis"",""Cocktailbar"",""Evenementenlocatie"",""Health Food-restaurant"",""Lunchrestaurant"",""Maaltijdbezorging"",""Afhaalrestaurant"",""Restaurant""]",bars in vondelpark,52.3653,4.8747893,Dining & Cafes
409,ChIJ8fHAr5oJxkcRYbV0gKUKxfk,351,0.0192402565367538,Museumplein,1554,,Park,"[""Park""]",parks in negen straatjes,52.357256,4.882327999999999,Green Recreation
410,ChIJ5SHkao4LxkcRzzOPH7tUJI8,351,0.0192402565367538,McDonald's Amsterdam Amsterdamse Poort,1912,$$$$$$$,Hamburgerrestaurant,"[""Hamburgerrestaurant"",""Familierestaurant"",""Snackbar"",""Afhaalrestaurant"",""Restaurant""]",restaurants in bijlmer arena,52.3149918,4.9535261,Dining & Cafes
411,ChIJE2OaeZcLxkcRB2KNa4K76Kg,350,0.019185440991065,Woonmall Villa ArenA,1875,,Winkelcentrum,"[""Winkelcentrum""]",shopping malls in negen straatjes,52.3123776,4.9384912,Shopping
412,ChIJZwHsk5wLxkcR53kR2GqPKUs,350,0.019185440991065,Ozo Hotels Arena Amsterdam,2653,,Hotel,"[""Hotel"",""Hotel voor langdurig verblijf""]",hotels in bijlmer arena,52.3047867,4.9477334,Hotel
413,ChIJl8IWd5jjxUcRKu5ZmCZn2dY,350,0.019185440991065,InBread,720,$$$$$$$,Restaurant,"[""Restaurant"",""Cocktailbar""]",bars in vondelpark,52.3579766,4.8571262,Dining & Cafes
414,ChIJcdx0begJxkcRiUfo3jQId2Q,350,0.019185440991065,Mikkeller at Morebeer,1425,$$$$$$$,Bar,"[""Bar"",""Eetcafe""]",bars in leidseplein,52.3656074,4.882066,Dining & Cafes
415,ChIJs-qtwfwJxkcR4-6lQTbCXw0,349,0.0191306254453763,Brasserie Van Dam,1883,$$,Brasserie,"[""Brasserie"",""Restaurant""]",restaurants in museumkwartier,52.355639,4.870725,Dining & Cafes
416,ChIJs4EH2rwJxkcRIUllSD3jWA8,349,0.0191306254453763,New Dutch Amsterdam,1311,$$$$$$$,Restaurant,"[""Restaurant"",""Bar"",""Brunchrestaurant"",""Koffiebar"",""Eetcafe"",""Lunchrestaurant"",""Cafe""]",restaurants in de jordaan,52.3779254,4.8856157,Dining & Cafes
417,ChIJTzuHQcgJxkcRia3wHSOKJrw,348,0.0190758098996875,Cafe Joselito,1911,$$$$$$$,Tapasbar,"[""Tapasbar"",""Koffiehuis"",""Restaurant"",""Tapas restaurant""]",bars in haarlemmerbuurt,52.3788235,4.8946862,Dining & Cafes
418,ChIJZX1IThwKxkcRCE88Y-y9Y-o,348,0.0190758098996875,Beatrixpark,2689,,Stadspark,"[""Stadspark"",""Monument"",""Park"",""Toeristische attractie""]",parks in negen straatjes,52.3429769,4.880704,Green Recreation
419,ChIJZSnK1ugJxkcRws6BBfErWLU,347,0.0190209943539987,Comedy Cafe Amsterdam,1257,,Comedyclub,"[""Comedyclub"",""Koffiehuis"",""Theater""]",event venues in haarlemmerbuurt,52.3844407,4.8948848,Entertainment & Nightlife
420,ChIJF-JS_u4JxkcR25hRxE7lqMI,346,0.01896617880831,Diamant Museum Amsterdam,2285,,Museum,"[""Museum"",""Juwelier""]",museums in negen straatjes,52.3594283,4.8824854,Cultural & Historic
422,ChIJFepCr0wJxkcR_Y1lRcENFG0,346,0.01896617880831,De Wallen Red Light District Amsterdam,578,,Toeristische attractie,"[""Toeristische attractie""]",tourist attractions in negen straatjes,52.3745338,4.8995739,Cultural & Historic
423,ChIJ96gbqFLjxUcRWcwGHy5StyU,346,0.01896617880831,The Foodmarket Amsterdam,793,$$$$$$$,Restaurant,"[""Restaurant""]",restaurants in osdorpplein,52.3597492,4.7830902,Dining & Cafes
424,ChIJQQnar8YJxkcRvUSlBsi-QTk,346,0.01896617880831,W Amsterdam,2493,,Hotel,"[""Hotel"",""Planning van vergaderingen"",""Trouwlocatie""]",hotels in negen straatjes,52.3727871,4.890005899999999,Hotel
425,ChIJhaWQJPwJxkcR54jGw_3fFLE,346,0.01896617880831,Bam Boa,1299,$$,Restaurant,"[""Restaurant"",""Brunchrestaurant"",""Cocktailbar"",""Koffiebar"",""Glutenvrij restaurant"",""Lunchrestaurant"",""Afhaalrestaurant"",""Mediterraans restaurant"",""Veganistisch restaurant"",""Vegetarisch restaurant""]",bars in oud-oost,52.3496664,4.912773,Dining & Cafes
426,ChIJk3PFtPIJxkcR9lFjtFxUuuw,346,0.01896617880831,Ristorante papa Carlo,1734,$$$$$$$,Italiaans restaurant,"[""Italiaans restaurant"",""Pizzeria""]",restaurants in nieuwmarkt,52.3718766,4.900063299999999,Dining & Cafes
427,ChIJL_pc9FnixUcRCJ4sqnV2h04,345,0.0189113632626212,Amsterdam Teleport Hotel,2655,,Hotel,"[""Hotel""]",hotels in sloterdijk,52.3853381,4.8325635,Hotel
428,ChIJXVNep7cJxkcRd7PwZSlGA3w,345,0.0189113632626212,Hannekes Boom,3235,$$$$$$$,Restaurant,"[""Restaurant"",""Bar"",""Koffiehuis"",""Cafetaria"",""Danszaal"",""Locatie voor live muziek""]",bars in vondelpark,52.376247,4.911607,Dining & Cafes
429,ChIJmX9FK7wJxkcRKgXAG5EkIzQ,343,0.0188017321712437,Rembrandt Corner,1310,$$$$$$$,Restaurant,"[""Restaurant"",""Ontbijtrestaurant"",""Brunchrestaurant"",""Nederlands restaurant"",""Lunchrestaurant""]",bars in rembrandtplein,52.369368,4.90111,Dining & Cafes
430,ChIJha2vCfnhxUcRr2T5EylS8QE,342,0.018746916625555,Olympisch Stadion Amsterdam,4273,,Stadion,"[""Stadion""]",sports complex in museumkwartier,52.3433825,4.853257,Event venue
431,ChIJhQtNLvAIxkcRaO51acMJpxs,340,0.0186372855341774,Media Markt Amsterdam,1778,,Elektronicawinkel,"[""Elektronicawinkel""]",stores in buikslotermeerplein,52.3977709,4.938574399999999,Shopping
432,ChIJR9g2f8EJxkcRqGKXxXdSric,340,0.0186372855341774,Hotel NH City Centre Amsterdam,2801,,Hotel,"[""Hotel""]",hotels in negen straatjes,52.36972,4.88892,Hotel
433,ChIJQwD_YbgJxkcRPLbytQSfkKE,339,0.0185824699884887,Stone's Cafe Bar & Nightclub,2056,$$$$$$$,Cafe,"[""Cafe"",""Bar"",""Koffiehuis"",""Club"",""Dansclub"",""Nachtclub""]",bars in wallengebied,52.3745849,4.8967755,Dining & Cafes
434,ChIJQWzaMpYLxkcRNbma_pnJHkE,339,0.0185824699884887,Jaz in the City Amsterdam,3055,,Hotel,"[""Hotel"",""Bar"",""Restaurant""]",bars in bijlmer arena,52.314371,4.9388064,Hotel
435,ChIJ_aqZcKgJxkcRg5iFALtxj5I,338,0.0185276544427999,Uncommon Cafe,854,$$$$$$$,Koffiehuis,"[""Koffiehuis""]",cafes in leidseplein,52.3632851,4.8751823,Dining & Cafes
436,ChIJswl2sOoJxkcR8VOtTz4vkB0,338,0.0185276544427999,Door 74,1504,$$$,Cocktailbar,"[""Cocktailbar""]",bars in wallengebied,52.3659406,4.8935964,Dining & Cafes
437,ChIJ-UZn7McJxkcRGQkp-vCx-1U,336,0.0184180233514224,Bierproeflokaal In De Wildeman,2176,$$$$$$$,Bar,"[""Bar"",""Koffiehuis"",""Monument""]",bars in sloterdijk,52.3761179,4.8951025,Dining & Cafes
438,ChIJpyqO7ccJxkcR9zOJXcUfzcA,335,0.0183632078057337,Wok To Walk,2404,$$$$$$$,Wokrestaurant,"[""Wokrestaurant"",""Aziatisch fusion-restaurant"",""Aziatisch restaurant"",""Snackbar"",""Afhaalrestaurant""]",restaurants in de wallen,52.3747711,4.8973455,Dining & Cafes
439,ChIJFRS4n_IJxkcRKLgQ8VKUtOA,334,0.0183083922600449,Vegan Temple Bar,1404,$$,Veganistisch restaurant,"[""Veganistisch restaurant"",""Brunchrestaurant"",""Cocktailbar"",""Hamburgerrestaurant"",""Lunchrestaurant"",""Vegetarisch restaurant""]",bars in leidseplein,52.3643682,4.8840776,Dining & Cafes
440,ChIJ2wgchMTjxUcRzRe3Q_HWf10,334,0.0183083922600449,New West Inn,2917,,Hotel,"[""Hotel"",""Accomodatie""]",hotels in osdorpplein,52.3624633,4.7947004,Hotel
441,ChIJk2DaRJALxkcRzvtkj5gQH08,333,0.0182535767143561,Marmaris Hoekenrode,2181,$$$$$$$,Turks restaurant,"[""Turks restaurant""]",bars in bijlmer arena,52.3129642,4.9491789,Dining & Cafes
442,ChIJIa28w2wJxkcR4Gbxg0XVZGQ,333,0.0182535767143561,Leonardo Boutique Museumhotel Amsterdam City Center,1364,,Hotel,"[""Hotel""]",hotels in negen straatjes,52.361184,4.8836555,Hotel
443,ChIJq2kaXzIJxkcRc8ZJv_vcY5M,331,0.0181439456229786,McDonald's Amsterdam Buikslotermeerplein,790,$$$$$$$,Hamburgerrestaurant,"[""Hamburgerrestaurant"",""Familierestaurant"",""Snackbar"",""Afhaalrestaurant"",""Restaurant""]",bars in buikslotermeerplein,52.399046,4.9362001,Dining & Cafes
445,ChIJ2bElKUHixUcRwH30Tvfx370,330,0.0180891300772899,The Social Hub Amsterdam West,2840,,Hotel,"[""Hotel""]",hotels in sloterdijk,52.3720709,4.8362097,Hotel
446,ChIJFwXXm4wJxkcR7AI2XlV2d7o,330,0.0180891300772899,Bunk Restaurant Amsterdam,595,,Restaurant,"[""Restaurant"",""Bar"",""Biertuin"",""Ontbijtrestaurant"",""Kerk"",""Cocktailbar"",""Eetcafe"",""Hotel"",""Lunchrestaurant"",""Cafe""]",bars in buikslotermeerplein,52.3880994,4.9144029,Dining & Cafes
447,ChIJnW2XqjsIxkcRsTdHXEPi0AQ,330,0.0180891300772899,Cafe-Restaurant de IJ-kantine,2146,$$,Restaurant,"[""Restaurant""]",restaurants in buikslotermeerplein,52.4014898,4.8911588,Dining & Cafes
448,ChIJMzljdaEJxkcRYdL4KJKZR0A,329,0.0180343145316011,Oeuf Amsterdam,956,$$$$$$$,Restaurant,"[""Restaurant"",""Brunchrestaurant"",""Hamburgerrestaurant""]",restaurants in de pijp,52.3562066,4.8885215,Dining & Cafes
449,ChIJGVvdB8gJxkcRA-vEwJgPdoU,329,0.0180343145316011,Kimpton De Witt,2465,,Hotel,"[""Hotel"",""Business to Business-service"",""Congrescentrum""]",hotels in negen straatjes,52.377196,4.895544,Hotel
450,ChIJQ6D5-sEJxkcRFqDllFSCaYY,329,0.0180343145316011,Flying Dutchmen Cocktails,1193,$$$$$$$,Cocktailbar,"[""Cocktailbar"",""Bar""]",bars in rembrandtplein,52.3674713,4.8886772,Dining & Cafes
451,ChIJ_XjAk5UJxkcRJkn-HjEyJjg,328,0.0179794989859124,Huis Willet-Holthuysen,1292,,Kunstmuseum,"[""Kunstmuseum"",""Monument"",""Museum"",""Toeristische attractie""]",tourist attractions in negen straatjes,52.3656747,4.898971,Cultural & Historic
452,ChIJxZjOFoIJxkcRR58iVcwqw-8,327,0.0179246834402236,Sushi Fanatics,908,,Sushirestaurant,"[""Sushirestaurant""]",restaurants in oosterparkbuurt,52.3593009,4.9138099,Dining & Cafes
453,ChIJiZ6L6hEJxkcRchkxcRICiFQ,326,0.0178698678945348,ARTIS - Groote Museum,568,,Museum,"[""Museum"",""Monument"",""Toeristische attractie""]",museums in negen straatjes,52.3661016,4.9131202,Cultural & Historic
454,ChIJS5gOSscJxkcRSLmd0BSCMqs,325,0.0178150523488461,RHO Hotel Amsterdam,2067,,Hotel,"[""Hotel""]",hotels in negen straatjes,52.3722569,4.8940586,Hotel
455,ChIJXYYUs-kJxkcRgLEv5GixBq8,325,0.0178150523488461,Restaurant Black,1423,$$,Restaurant,"[""Restaurant"",""Ontbijtrestaurant"",""Eetcafe"",""Frans restaurant"",""Lunchrestaurant"",""Steakhouse""]",restaurants in negen straatjes,52.3653534,4.884468099999999,Dining & Cafes
456,ChIJKVmdLpEOxkcRcoaoSSLWEkk,324,0.0177602368031573,Four Elements Hotel Amsterdam,1239,,Hotel,"[""Hotel""]",hotels in bijlmer arena,52.3546243,5.0050063,Hotel
457,ChIJIyvkwZAKxkcRlGbyD6dKEVk,324,0.0177602368031573,Winkelcentrum Groenhof,1948,,Winkelcentrum,"[""Winkelcentrum""]",shopping malls in indische buurt,52.2890175,4.8697986,Shopping
458,ChIJkXa6y-sJxkcRTvMnFEv41ik,322,0.0176506057117798,Restaurant RED,1668,$$$,Steakhouse,"[""Steakhouse"",""Ontbijtrestaurant"",""Dessertrestaurant"",""Familierestaurant"",""Lunchrestaurant"",""Restaurant voor vleesgerechten"",""Mediterraans restaurant"",""Restaurant"",""Visrestaurant""]",restaurants in negen straatjes,52.3640546,4.889094399999999,Dining & Cafes
459,ChIJ48qqbU4IxkcR2L1J_86AiRI,321,0.0175957901660911,Cafe de Ceuvel,2177,$$$$$$$,Restaurant,"[""Restaurant"",""Bar"",""Koffiehuis""]",bars in buikslotermeerplein,52.3933105,4.9106865,Dining & Cafes
460,ChIJS00XusEJxkcR_jHpRFb5kMU,320,0.0175409746204023,The Poolbar Amsterdam,1526,$$,Poolcentrum,"[""Poolcentrum"",""Koffiehuis"",""Poolbiljartclub""]",sports complex in museumkwartier,52.3685701,4.8906426,Activities
461,ChIJQ8sxI-kJxkcRWb4Uatby3tQ,319,0.0174861590747135,Castell,1821,$$,Bar & Grill,"[""Bar & Grill"",""Restaurant""]",bars in museumkwartier,52.362862,4.8849093,Dining & Cafes
462,ChIJS2W46koJxkcRuW08AMcbnJE,318,0.0174313435290248,Lowlander Botanical Bar & Restaurant,437,$$,Restaurant,"[""Restaurant"",""Bar"",""Biertuin""]",restaurants in buikslotermeerplein,52.3820459,4.9202677,Dining & Cafes
463,ChIJQ_tKzrkJxkcRa2Yg-YSRmA4,318,0.0174313435290248,Hotel NH Collection Amsterdam Barbizon Palace,2684,,Hotel,"[""Hotel""]",hotels in negen straatjes,52.3765471,4.9004774,Hotel
465,ChIJ41VT3egJxkcRT9LuvhNkxcg,317,0.017376527983336,De Balie,2140,$$,Cultureel centrum,"[""Cultureel centrum"",""Restaurant""]",bars in leidseplein,52.363057,4.883038,Cultural & Historic
466,ChIJX3C43NHjxUcRBAbEkfQ0ZgA,316,0.0173217124376473,TK Maxx,2188,$,Warenhuis,"[""Warenhuis""]",stores in osdorpplein,52.3589229,4.8050637,Shopping
467,ChIJfRmy6PDjxUcRfS7em1ADVvk,316,0.0173217124376473,Bonnie,775,$$$$$$$,Restaurant,"[""Restaurant"",""Bar"",""Bistro"",""Cafe""]",bars in vondelpark,52.3508957,4.8565299,Dining & Cafes
468,ChIJDQYOYeYJxkcRHzSbEw15xRg,315,0.0172668968919585,Umami by Han Amsterdam,1139,$$,Aziatisch fusion-restaurant,"[""Aziatisch fusion-restaurant""]",restaurants in leidseplein,52.3631688,4.8775723,Dining & Cafes
469,ChIJAc83uWAJxkcRMoK_jMxwrEw,315,0.0172668968919585,Jaap Eden IJsbaan,2140,,Schaatsbaan,"[""Schaatsbaan"",""Sportcafe"",""Sportcomplex""]",sports complex in sloterdijk,52.3489641,4.9453819,Activities
470,ChIJvcBnjtLjxUcRx0ou85cnQT0,314,0.0172120813462698,Night Kitchen Amsterdam,659,,Restaurant,"[""Restaurant"",""Bar"",""Evenementenlocatie""]",bars in vondelpark,52.3611021,4.8648323,Dining & Cafes
471,ChIJ7R5sh4gMxkcRIi32nNhPKTY,314,0.0172120813462698,Winkelcentrum Reigersbos,2347,,Winkelcentrum,"[""Winkelcentrum"",""Markt""]",shopping malls in bijlmer arena,52.2956962,4.975789,Shopping
472,ChIJH_4d_egJxkcRY3mLgx40ud0,314,0.0172120813462698,Casa di Sergio,1845,$$$$$$$,Italiaans restaurant,"[""Italiaans restaurant""]",restaurants in leidseplein,52.3639303,4.8838766,Dining & Cafes
473,ChIJH3HZM-8JxkcRjux4fcpCXZU,314,0.0172120813462698,"MOMO Restaurant, Bar & Lounge",1798,$$$$$$,Aziatisch fusion-restaurant,"[""Aziatisch fusion-restaurant"",""Bar"",""Lounge"",""Restaurant""]",bars in museumkwartier,52.3615238,4.8827044,Dining & Cafes
474,ChIJSbOtBdAJxkcRM2MM7X8hUvk,314,0.0172120813462698,d&a hummus bistro,1903,$$$$$$$,Restaurant,"[""Restaurant"",""Bistro""]",restaurants in haarlemmerbuurt,52.3784317,4.8826728,Dining & Cafes
475,ChIJPyhwoa8JxkcRhWeixW8fgDQ,312,0.0171024502548922,Bimhuis,1129,$$,Jazzclub,"[""Jazzclub"",""Concertzaal""]",bars in bijlmer arena,52.3779654,4.9127861,Entertainment & Nightlife
476,ChIJi2ke-BLhxUcR-kAv2TGs7G4,312,0.0171024502548922,Hotel ibis budget Amsterdam Airport,4489,,Hotel,"[""Hotel""]",hotels in indische buurt,52.3256205,4.792244999999999,Hotel
477,ChIJYwCkFOgJxkcREFF7URu9Spk,312,0.0171024502548922,Luuk's Coffee Noordermarkt,738,$$$$$$,Koffiebar,"[""Koffiebar"",""Koffiewinkel"",""Patisserie""]",cafes in haarlemmerbuurt,52.3787639,4.8862575,Dining & Cafes
478,ChIJ-UbNG-kJxkcRRPXW9JLhzVI,312,0.0171024502548922,Ristorante Italiano Peppino,2334,$$$$$$$,Italiaans restaurant,"[""Italiaans restaurant""]",bars in leidseplein,52.3634608,4.8846031,Dining & Cafes
479,ChIJFVeMnoQJxkcRXJh3rOeqmzM,312,0.0171024502548922,Volkshotel,4501,,Hotel,"[""Hotel"",""Bar"",""Koffiehuis"",""Club"",""Cocktailbar"",""Gedeelde werkplek"",""Evenementenlocatie"",""Restaurant"",""Broodjeswinkel"",""Yogastudio""]",bars in oosterparkbuurt,52.3538409,4.911496,Hotel
480,ChIJobRm4CMJxkcRwAqMOxwRQGY,312,0.0171024502548922,Dal Pagliaccio,1018,$$$$$$$,Restaurant,"[""Restaurant""]",restaurants in de wallen,52.3753308,4.897691099999999,Dining & Cafes
482,ChIJsZjVG3sLxkcRBG7vp3yuncw,311,0.0170476347092035,Selva Restaurant,618,,Restaurant,"[""Restaurant""]",restaurants in zuidas,52.3383948,4.891185699999999,Dining & Cafes
483,ChIJySLPRAcJxkcR329yprL98Tw,309,0.016938003617826,PIZZERIA DOPE,1138,$$$$$$$,Pizzeria,"[""Pizzeria""]",restaurants in de pijp,52.3548887,4.8931951,Dining & Cafes
484,ChIJCwdATorixUcR-Hg7-ViyMZI,309,0.016938003617826,Hotel ibis Amsterdam City West,2651,,Hotel,"[""Hotel"",""Restaurant""]",bars in sloterdijk,52.392302,4.8501179,Hotel
485,ChIJl8m1QcgJxkcR85vyY0Y00rk,309,0.016938003617826,Toastable Nieuwendijk,1176,$$$$$$$,Restaurant,"[""Restaurant"",""Ontbijtrestaurant"",""Koffiebar"",""Broodjeswinkel""]",cafes in haarlemmerbuurt,52.3787714,4.894698399999999,Dining & Cafes
486,ChIJEfmjb-AJxkcRqdnhOTbEetc,307,0.0168283725264485,LOT61 Coffee Roasters,1837,$$$$$$,Koffiewinkel,"[""Koffiewinkel"",""Koffiehuis"",""Koffiebranders""]",cafes in leidseplein,52.3668272,4.870314,Shopping
487,ChIJWz5d_OgJxkcRZu1CAbFtEsk,307,0.0168283725264485,Coffeeshop Get Down,1491,,Cannabiswinkel,"[""Cannabiswinkel"",""Koffiehuis"",""Poolcentrum""]",stores in de leidseplein,52.36401,4.8838,Cannabisshop
488,ChIJrzZK8YIJxkcRl8BXz3_3xg0,307,0.0168283725264485,Restaurant De Beren Amsterdam-Noord,1024,$$$$$$$,Restaurant,"[""Restaurant""]",bars in buikslotermeerplein,52.4006009,4.9346666,Dining & Cafes
489,ChIJdSivSz4JxkcRRdIHEML5QQ4,306,0.0167735569807597,Leidseplein,1142,,Historisch herkenningspunt,"[""Historisch herkenningspunt""]",monuments in leidseplein,52.3643835,4.8827466,Cultural & Historic
490,ChIJ--rLyxIJxkcRcdcvOt9HCN4,306,0.0167735569807597,Studio/K,1587,,Bioscoop,"[""Bioscoop"",""Club"",""Dansclub"",""Bar met live muziek"",""Cafe"",""Restaurant""]",bars in indische buurt,52.3652425,4.9360272,Activities
492,ChIJ_3h7M7kJxkcR8GJ40QCWbbo,305,0.0167187414350709,Cafe Piazza,1629,$$$$$$$,Pizzeria,"[""Pizzeria"",""Koffiehuis"",""Italiaans restaurant"",""Restaurant""]",restaurants in de wallen,52.3719116,4.9000787,Dining & Cafes
493,ChIJG-cUBOkJxkcRQafXHl2Blws,304,0.0166639258893822,Villa Maria Steakhouse,2119,$$$$$$$,Steakhouse,"[""Steakhouse"",""Argentijns restaurant""]",restaurants in leidseplein,52.3640146,4.8846737,Dining & Cafes
494,ChIJtRUHw5rjxUcRXWtKW9rEvVo,303,0.0166091103436934,UP Events,2688,,Evenementenlocatie,"[""Evenementenlocatie"",""Amusementscentrum"",""Congrescentrum"",""Evenementenmanagementbedrijf"",""Evenementenbureau"",""Planning van vergaderingen"",""Organisator van buitenactiviteiten"",""Recreatiecentrum"",""Trouwlocatie""]",event venues in haarlemmerbuurt,52.3818648,4.7857763,Event venue
495,ChIJ-ZHrz_QJxkcRKC2ovKvwteo,303,0.0166091103436934,Hummingbird Coffee Amsterdam,784,$$$$$$,Koffiebar,"[""Koffiebar"",""Koffiehuis"",""Koffiebranders"",""Koffiestand"",""Koffiegroothandel""]",cafes in de wallen,52.3715868,4.8895103,Dining & Cafes
496,ChIJoSR2ip0JxkcRVNSMjh-xw4c,303,0.0166091103436934,Hongdae Amsterdam,596,$$$$$$$,Koreaans restaurant,"[""Koreaans restaurant"",""Bar""]",restaurants in leidseplein,52.3638313,4.8849668,Dining & Cafes
497,ChIJtfFZTIrixUcRD-AAx7yTlQY,302,0.0165542947980047,Burger King,2245,$$$$$$$,Restaurant,"[""Restaurant"",""Snackbar""]",restaurants in sloterdijk,52.3925375,4.850357499999999,Dining & Cafes
498,ChIJQ1eilM8JxkcRvqHGK7O6lHA,302,0.0165542947980047,HINATA AMSTERDAM,1141,$$$$$$$,Ramen-noedelrestaurant,"[""Ramen-noedelrestaurant"",""Japans restaurant""]",restaurants in de jordaan,52.3789096,4.8850802,Dining & Cafes
500,ChIJMzKtC70JxkcRLL3Z3onUWAI,301,0.0164994792523159,Portugese Synagoge,1809,,Synagoge,"[""Synagoge"",""Toeristische attractie""]",tourist attractions in buikslotermeerplein,52.3676804,4.9047887,Cultural & Historic
501,ChIJodYd2DgJxkcRzo8GiE6BBzA,301,0.0164994792523159,Day's StoneGrill 1870 | Foodbar,1339,$$,Steakhouse,"[""Steakhouse"",""Grillrestaurant"",""Bar & Grill"",""Continentaal-Europees restaurant"",""Restaurant""]",restaurants in haarlemmerbuurt,52.3773182,4.8939946,Dining & Cafes
502,ChIJ0VJBtBwKxkcRNptuWYA0j3U,299,0.0163898481609384,citizenM Amsterdam,2435,,Hotel,"[""Hotel""]",hotels in bijlmer arena,52.3419374,4.8760096,Hotel
504,ChIJRxfiN9ELxkcRIiCxE1RB2SE,298,0.0163350326152496,'t Zusje Amsterdam,656,$$$$$$$,Tapas restaurant,"[""Tapas restaurant"",""Restaurant"",""Tapasbar""]",bars in zuid,52.3286371,4.8778862,Dining & Cafes
505,ChIJb1ECygsJxkcR0f7m-8pZ88w,298,0.0163350326152496,Corner House Amsterdam,1394,,Restaurant,"[""Restaurant"",""Bar"",""Hotel"",""Cafe""]",hotels in negen straatjes,52.3742651,4.8915161,Dining & Cafes
506,ChIJa04ZcwsJxkcRcLPYdhravhw,298,0.0163350326152496,Spirit Amsterdam,1551,$$$$$$$,Vegetarisch restaurant,"[""Vegetarisch restaurant"",""Buffetrestaurant"",""Biologisch restaurant"",""Restaurant"",""Veganistisch restaurant""]",restaurants in indische buurt,52.3676808,4.9260018,Dining & Cafes
507,ChIJDWdTaYQLxkcRfUvWdFA_w7c,298,0.0163350326152496,Yuan's Hot Pot,893,$$$$$$$,Fonduerestaurant,"[""Fonduerestaurant""]",restaurants in zuidas,52.3370641,4.877150299999999,Dining & Cafes
508,ChIJ363faggJxkcReaBzKBaPCnQ,298,0.0163350326152496,Five Ways Coffee Roasters,422,$$$$$$$,Brunchrestaurant,"[""Brunchrestaurant"",""Australisch restaurant"",""Ontbijtrestaurant"",""Koffiehuis"",""Cocktailbar"",""Koffiebranders"",""Koffiewinkel"",""Lunchrestaurant"",""Restaurant"",""Wijnbar""]",bars in oosterparkbuurt,52.3598712,4.9123059,Dining & Cafes
509,ChIJIYdU8sMJxkcRrbxZuGZOlro,298,0.0163350326152496,The Hoxton Amsterdam,2201,,Hotel,"[""Hotel"",""Bar"",""Evenementenlocatie"",""Restaurant""]",hotels in negen straatjes,52.3718724,4.8874276,Hotel
510,ChIJv5EXTGgJxkcRilRgzVlg_q4,298,0.0163350326152496,Realbite by Burgerbar,853,$$$$$$$,Hamburgerrestaurant,"[""Hamburgerrestaurant"",""Ontbijtrestaurant"",""Brunchrestaurant"",""Restaurant""]",bars in leidseplein,52.3642642,4.8851516,Dining & Cafes
511,ChIJDdu0_-gJxkcRCuHHUc66TSE,297,0.0162802170695609,Stoop & Stoop eetcafe,1159,$$$$$$$,Nederlands restaurant,"[""Nederlands restaurant"",""Restaurant""]",restaurants in leidseplein,52.3642781,4.883984,Dining & Cafes
512,ChIJwaEiMu8JxkcRr9M8nZwy0BQ,297,0.0162802170695609,"Park Centraal Amsterdam, part of Sircle Collection",1985,,Hotel,"[""Hotel""]",hotels in negen straatjes,52.3615447,4.8829931,Hotel
513,ChIJabRTCnAJxkcRC5ivmJtjjrE,297,0.0162802170695609,mTaam aarby aarqy swry mshwy Hll wshyshh middleat restaurant & shisha lounge,1849,$$$$$$$,Midden-Oosters restaurant,"[""Midden-Oosters restaurant"",""Bar & Grill"",""Fish & chips-restaurant"",""Halal-restaurant"",""Waterpijpcafe"",""Mediterraans restaurant"",""Veganistisch restaurant""]",bars in rembrandtplein,52.3666667,4.8899815,Dining & Cafes
514,ChIJySkeW7kJxkcREBkzTKA9cAU,297,0.0162802170695609,IL SOGNO - Centrum,1491,$$$$$$$,Pizzeria,"[""Pizzeria"",""Kunstgalerie"",""Cadeauwinkel"",""IJssalon"",""Winkel voor bijzondere boeken""]",restaurants in nieuwmarkt,52.3726065,4.9016614,Dining & Cafes
515,ChIJ4W-56NwJxkcRqpx1ED7gfiQ,296,0.0162254015238721,Men Impossible,1163,$$$$$$$,Restaurant,"[""Restaurant"",""Haute-cuisinerestaurant"",""Japans restaurant"",""Ramen-noedelrestaurant"",""Veganistisch restaurant""]",restaurants in de jordaan,52.3707002,4.8799628,Dining & Cafes
516,ChIJdTbDOo4LxkcRPfgDlbP9nE0,296,0.0162254015238721,TK Maxx,1402,$,Warenhuis,"[""Warenhuis""]",stores in bijlmer arena,52.3145098,4.952742199999999,Shopping
517,ChIJNRofKDjixUcR3xOaD1xDLrQ,295,0.0161705859781834,Sloterplas,1479,,Park,"[""Park"",""Zwemplas"",""Toeristische attractie""]",activities in osdorpplein,52.3659555,4.8170706,Green Recreation
518,ChIJXXoMacgJxkcRB7roIOz_63Q,294,0.0161157704324946,Sango,841,$$$$$$,Koffiebranders,"[""Koffiebranders"",""Koffiehuis"",""Koffiebar"",""Koffiewinkel"",""Espressobar"",""Winkel""]",cafes in haarlemmerbuurt,52.3785368,4.8945098,Dining & Cafes
519,ChIJB3GsEZcLxkcR0P_CkdEOrhk,293,0.0160609548868059,Burger Bitch,2531,$$$$$$$,Hamburgerrestaurant,"[""Hamburgerrestaurant"",""Snackbar"",""Restaurant""]",bars in bijlmer arena,52.3131869,4.9424562,Dining & Cafes
520,ChIJvyfBjSgIxkcR5uo4_CjTsA0,293,0.0160609548868059,Theater Amsterdam,1426,,Evenementenlocatie,"[""Evenementenlocatie"",""Theater"",""Opnamestudio""]",event venues in sloterdijk,52.3970638,4.8778959,Event venue
521,ChIJDXvVFV0IxkcRM46i2iNNewY,293,0.0160609548868059,Winkelcentrum Banne Centrum,2073,,Winkelcentrum,"[""Winkelcentrum""]",shopping malls in negen straatjes,52.4082837,4.9160662,Shopping
522,ChIJ_xLRBeoJxkcRBObfSe0DjvQ,291,0.0159513237954283,Teds Amsterdam Jordaan - All Day Brunch,696,$$$$$$$,Brunchrestaurant,"[""Brunchrestaurant"",""Ontbijtrestaurant"",""Koffiehuis"",""Cocktailbar"",""Evenementenlocatie"",""Health Food-restaurant"",""Lunchrestaurant"",""Maaltijdbezorging"",""Afhaalrestaurant"",""Restaurant""]",bars in haarlemmerbuurt,52.3742446,4.882630499999999,Dining & Cafes
523,ChIJCwj_PbkJxkcRkUFlGwUhY4U,291,0.0159513237954283,Henk Comics,2578,,Stripboekwinkel,"[""Stripboekwinkel"",""Boekwinkel"",""Winkel"",""Speelgoedwinkel""]",stores in de wallen,52.373983,4.900320499999999,Shopping
524,ChIJ0-B79MgJxkcRKjlT97ltuKE,291,0.0159513237954283,Coffeeshop Siberie,1829,$$,Cannabiswinkel,"[""Cannabiswinkel"",""Koffiehuis""]",cafes in haarlemmerbuurt,52.3788926,4.892990999999999,Cannabisshop
525,ChIJcz1cEOkJxkcRuHe8EWcVVEs,291,0.0159513237954283,Restaurant Antonio's,1976,$$$$$$$,Italiaans restaurant,"[""Italiaans restaurant""]",restaurants in leidseplein,52.3635953,4.8849521,Dining & Cafes
528,ChIJV17joLkJxkcRgQKMgy3Mzb4,291,0.0159513237954283,Thaise Snackbar Bird,1869,$$$$$$$,Thais restaurant,"[""Thais restaurant""]",restaurants in de wallen,52.3745875,4.9007778,Dining & Cafes
529,ChIJi6P-MZcLxkcRqZzNKOmf4NQ,291,0.0159513237954283,easyHotel Amsterdam Arena Boulevard,2186,,Hotel,"[""Hotel""]",hotels in bijlmer arena,52.3131854,4.944742199999999,Hotel
530,ChIJ-TJ34oMJxkcR2dSq1AvPMSM,290,0.0158965082497396,Cafe-Restaurant Hesp,1395,$$$$$$$,Eetcafe,"[""Eetcafe"",""Cafe"",""Restaurant""]",bars in museumkwartier,52.3498214,4.9125849,Dining & Cafes
531,ChIJxfr9Ru0JxkcRzY-3X8iBo-g,290,0.0158965082497396,Barca,1722,$$,Restaurant,"[""Restaurant"",""Bar"",""Koffiehuis"",""Cocktailbar"",""Eetcafe"",""Lunchrestaurant"",""Mediterraans restaurant"",""Spaans restaurant"",""Tapasbar"",""Tapas restaurant""]",bars in de pijp,52.3571113,4.891689899999999,Dining & Cafes
532,ChIJB7M_EebjxUcRIaJPQf7ltTc,289,0.0158416927040508,KFC,1571,$$$$$$$,Snackbar,"[""Snackbar"",""Amerikaans restaurant"",""Kiprestaurant"",""Familierestaurant"",""Maaltijdbezorging"",""Afhaalrestaurant"",""Restaurant"",""Restaurant met kleine porties""]",restaurants in osdorpplein,52.3597143,4.7818073,Dining & Cafes
533,ChIJ7YMxGOkJxkcRGFOCwgt61ns,287,0.0157320616126733,Sherpa Restaurant,1826,$$$$$$$,Indiaas restaurant,"[""Indiaas restaurant"",""Aziatisch restaurant"",""Nepalees restaurant"",""Tibetaans restaurant"",""Veganistisch restaurant"",""Vegetarisch restaurant""]",restaurants in indische buurt,52.3631173,4.8848588,Dining & Cafes
534,ChIJkzlfTvcJxkcRo_h3PXW0YGs,287,0.0157320616126733,Small Talk,1753,$$$$$$$,Restaurant,"[""Restaurant""]",bars in museumkwartier,52.3579894,4.8783207,Dining & Cafes
535,ChIJEZLPatIJxkcRQEN0cR-wMig,286,0.0156772460669845,The Breakfast Club,1317,$$$$$$$,Restaurant,"[""Restaurant"",""Lunchrestaurant""]",bars in haarlemmerbuurt,52.3845965,4.8829671,Dining & Cafes
536,ChIJIaOF54EJxkcR2HIx7og1zpY,285,0.0156224305212958,Cafe Restaurant Dauphine,2223,$$,Brasserie,"[""Brasserie"",""Bar"",""Koffiehuis"",""Club"",""Jazzclub"",""Bar met live muziek"",""Lunchrestaurant"",""Oesterbar"",""Parkeergarage"",""Visrestaurant""]",bars in 9 straatjes,52.3483759,4.9173295,Dining & Cafes
537,ChIJsT5XhscJxkcR5Gsdol-s8ik,285,0.0156224305212958,Indian Restaurant Gandhi Amsterdam,2856,$$$$$$$,Indiaas restaurant,"[""Indiaas restaurant"",""Halal-restaurant"",""Restaurant""]",restaurants in haarlemmerbuurt,52.3752565,4.8955401,Dining & Cafes
539,ChIJcWKh28EJxkcR5WgdEa_xjLY,284,0.015567614975607,Toastable Koningsplein,1428,$$$$$$$,Restaurant,"[""Restaurant"",""Koffiebar"",""Lunchrestaurant"",""Broodjeswinkel""]",cafes in leidseplein,52.3673553,4.890312199999999,Dining & Cafes
540,ChIJHfVqwYIJxkcRei2oRkdG1qI,284,0.015567614975607,Fou Fow Udon,784,$$$$$$$,Restaurant voor udon-noedels,"[""Restaurant voor udon-noedels""]",restaurants in negen straatjes,52.3711294,4.883136599999999,Dining & Cafes
541,ChIJ19w5ouoJxkcRmojLN7zm9oU,284,0.015567614975607,Hotel NH Collection Amsterdam Flower Market,2168,,Hotel,"[""Hotel""]",hotels in de wallen,52.366261,4.893101,Hotel
542,ChIJ6aW2QLQJxkcRhKzi0TlsyXU,284,0.015567614975607,Restaurant Moon,1183,$$$$$$,Modern-Europees restaurant,"[""Modern-Europees restaurant"",""Restaurant""]",restaurants in buikslotermeerplein,52.3839102,4.902474,Dining & Cafes
543,ChIJlWqaY4YLxkcRL5JUxyBfFRE,284,0.015567614975607,"Hasta La Vista, Baby - Restaurant & Rooftop Bar",434,,Restaurant,"[""Restaurant"",""Cocktailbar"",""Evenementenlocatie"",""Haute-cuisinerestaurant"",""Lounge"",""Lunchrestaurant"",""Spaans restaurant"",""Wijnbar""]",bars in zuid,52.339882,4.8709911,Dining & Cafes
544,ChIJQwwp6cAJxkcRfP289B_sI9U,283,0.0155127994299183,Bierfabriek Amsterdam,1827,$$,Restaurant,"[""Restaurant"",""Brouwerij"",""Cocktailbar""]",bars in vondelpark,52.370061,4.893594,Dining & Cafes
545,ChIJzx7F4r8JxkcRpWLr0JLTA8s,283,0.0155127994299183,Coffeeshop Family First,722,,Cannabiswinkel,"[""Cannabiswinkel""]",coffeeshops in buikslotermeerplein,52.3669187,4.8953932,Cannabisshop
546,ChIJH599LPcJxkcRvb8vTnqLApY,283,0.0155127994299183,Phu Thai Thai Take Away,735,$$$$$$$,Restaurant,"[""Restaurant""]",restaurants in nieuwmarkt,52.3724244,4.902019999999999,Dining & Cafes
547,ChIJc5HKtJcLxkcR0QSdwjhbVWA,282,0.0154579838842295,Official Ajax Fanshop ArenA,1604,,Sportartikelenwinkel,"[""Sportartikelenwinkel"",""Kledingwinkel"",""Voetbalwinkel"",""Sportwinkel"",""Sportkledingwinkel""]",stores in bijlmer arena,52.3139709,4.9404732,Shopping
548,ChIJA_t8FZAJxkcRLrooDzdQiqY,282,0.0154579838842295,Impero Romano Amsterdam,1216,$$,Italiaans restaurant,"[""Italiaans restaurant""]",restaurants in de pijp,52.3568173,4.9044257,Dining & Cafes
549,ChIJhcuFlbgJxkcRHaQnG4G1eKY,281,0.0154031683385408,The Bulldog Mack,2728,$$$$$$$,Koffiehuis,"[""Koffiehuis"",""Koffiebar""]",cafes in de wallen,52.3732681,4.8971443,Dining & Cafes
550,ChIJ7dPqtc8JxkcR4xVnEim3qE0,281,0.0154031683385408,Toscanini,1141,$$,Italiaans restaurant,"[""Italiaans restaurant""]",restaurants in de jordaan,52.3801403,4.8853789,Dining & Cafes
551,ChIJEWskgHIJxkcRyWnhBfKt4RQ,281,0.0154031683385408,Eatmosfera Oost,665,$$$$$$$,Pizzeria,"[""Pizzeria"",""Italiaans restaurant"",""Afhaalpizza"",""Wijnhandel""]",restaurants in indische buurt,52.363253,4.9359066,Dining & Cafes
552,ChIJnQzziD4JxkcR7zEIhe1IfZw,281,0.0154031683385408,Cafe Nieuw Amsterdam,650,$$,Restaurant,"[""Restaurant"",""Bar"",""Bistro"",""Koffiehuis"",""Cocktailbar""]",bars in haarlemmerbuurt,52.3801803,4.8919698,Dining & Cafes
553,ChIJn37GsscJxkcRhWExbZMC1KA,280,0.015348352792852,INK Hotel Amsterdam,2327,,Hotel,"[""Hotel"",""Restaurant""]",hotels in negen straatjes,52.3754828,4.8930435,Hotel
554,ChIJsWBRpccJxkcRVzlkWgoMzso,280,0.015348352792852,Terps Army City Centre,1525,,Cannabiswinkel,"[""Cannabiswinkel""]",coffeeshops in de wallen,52.3753929,4.8935761,Cannabisshop
555,ChIJkVOGw17ixUcRFrLlMiacJcE,280,0.015348352792852,Hotel2Stay,2071,,Serviceaccommodatie,"[""Serviceaccommodatie"",""Hotel""]",hotels in sloterdijk,52.3867698,4.8395703,Hotel
556,ChIJoV9ydqYJxkcReIwAQRjdI54,280,0.015348352792852,Full Moon Garden (Dim Sum & Cantonese cuisine),1123,$$$$$$$,Dimsumrestaurant,"[""Dimsumrestaurant"",""Kantonees restaurant"",""Chinees noedelrestaurant"",""Chinees restaurant"",""Dumplingrestaurant""]",restaurants in leidseplein,52.3646669,4.8838855,Dining & Cafes
557,ChIJnceVFuYJxkcRoV76yH6qp6k,280,0.015348352792852,Hotel NH Amsterdam Leidseplein,2351,,Hotel,"[""Hotel""]",hotels in negen straatjes,52.363156,4.879557999999999,Hotel
558,ChIJQdf58O4JxkcReTjTVHWqYFk,280,0.015348352792852,RIJKS(r),1596,$$$$$$,Haute-cuisinerestaurant,"[""Haute-cuisinerestaurant"",""Restaurant""]",restaurants in museumkwartier,52.3596876,4.8843606,Dining & Cafes
559,ChIJZTMH4owJxkcReXGn3msj0nU,280,0.015348352792852,Scandinavian Embassy,1607,$$$$$$,Koffiehuis,"[""Koffiehuis"",""Bakkerij"",""Koffiebar"",""Koffiestand""]",cafes in de pijp,52.3534561,4.8942191,Dining & Cafes
560,ChIJo7tMdUTjxUcRoIU6ZM7_P8Q,279,0.0152935372471632,Kebaphan Amsterdam,776,$$$$$$$,Turks restaurant,"[""Turks restaurant"",""Grillrestaurant"",""Halal-restaurant""]",restaurants in osdorpplein,52.3625935,4.8016306,Dining & Cafes
561,ChIJXQASWO0JxkcRee3lS2hpkVk,279,0.0152935372471632,Oresti's taverna,1541,$$,Restaurant,"[""Restaurant"",""Grieks restaurant"",""Afhaalrestaurant"",""Mediterraans restaurant"",""Spaans restaurant"",""Tapas restaurant""]",restaurants in leidseplein,52.363461,4.878437,Dining & Cafes
562,ChIJp3zxh8cJxkcRL3eKaN7uxv0,279,0.0152935372471632,Beurs van Berlage,3500,,Evenementenlocatie,"[""Evenementenlocatie"",""Bistro"",""Escaperoomcentrum""]",event venues in negen straatjes,52.3750622,4.8961713,Event venue
563,ChIJNbfdcZkJxkcRUBi3fs0KCGA,278,0.0152387217014745,Hyatt Regency Amsterdam,1422,,Hotel,"[""Hotel""]",hotels in de pijp,52.3617399,4.9117451,Hotel
564,ChIJ-Xw-3GsKxkcRgTuinoTZors,278,0.0152387217014745,Radisson Hotel & Suites Amsterdam Zuid,1399,,Hotel,"[""Hotel"",""Restaurant""]",hotels in bijlmer arena,52.3214936,4.881533999999999,Hotel
565,ChIJE0jiRO0JxkcRsObOXGs2ly4,278,0.0152387217014745,de Tulp,1698,$$$$$$$,Cafe,"[""Cafe"",""Bar"",""Restaurant""]",bars in de pijp,52.356841,4.8916512,Dining & Cafes
566,ChIJC7O4a3TjxUcR6SZYbM0dd7M,278,0.0152387217014745,Race Planet Amsterdam,1606,,Evenementenlocatie,"[""Evenementenlocatie"",""Bowlingbaan"",""Cafetaria"",""Kartbaan"",""Lasergamecentrum"",""Speeltuin"",""Recreatiecentrum"",""Rolschaatsbaan""]",sports complex in sloterdijk,52.3961111,4.7891667,Event venue
567,ChIJxdi9WYbjxUcRBmM4a_wJuHI,278,0.0152387217014745,Friedhats FUKU Cafe,831,$$$$$$,Espressobar,"[""Espressobar"",""Koffiewinkel"",""Afhaalrestaurant""]",restaurants in sloterdijk,52.3812737,4.8551581,Dining & Cafes
568,ChIJGQgcWXUJxkcRnYzqd3MMzSM,277,0.0151839061557857,Coffee District Willemsparkweg,666,$$$$$$,Koffiewinkel,"[""Koffiewinkel""]",stores in museumkwartier,52.3580214,4.8776462,Shopping
569,ChIJKTx4GeAJxkcR9ZZ8bsqdZOg,277,0.0151839061557857,FilmHallen,1978,,Bioscoop,"[""Bioscoop""]",movie theaters in dapperbuurt,52.3667801,4.8685711,Activities
570,ChIJI6To278JxkcRlwn8IMotzLA,276,0.015129090610097,Mulligans Irish Music Bar,1631,$$$$$$$,Ierse pub,"[""Ierse pub""]",bars in de jordaan,52.3669633,4.8967585,Dining & Cafes
571,ChIJiah0E3LixUcRXwwPDgblVKw,276,0.015129090610097,Restaurant Classico,1452,$$,Italiaans restaurant,"[""Italiaans restaurant"",""Italiaanse kruidenierswinkel"",""Mediterraans restaurant"",""Noord-Italiaans restaurant"",""Restaurant"",""Siciliaans restaurant"",""Zuid-Italiaans restaurant""]",bars in vondelpark,52.356846,4.874337,Dining & Cafes
572,ChIJlVbUV-gJxkcRHHmmM_0RSNI,276,0.015129090610097,Starbucks,1873,$$$$$$,Koffiebar,"[""Koffiebar"",""Espressobar""]",cafes in leidseplein,52.3645496,4.8836333,Dining & Cafes
573,ChIJQ6jKh-oJxkcR1RvMrUX11bs,275,0.0150742750644082,Club NYX,1426,,Club,"[""Club"",""Discotheek"",""Gaynachtclub""]",night clubs in amsterdam,52.3662665,4.891385,Entertainment & Nightlife
574,ChIJ8VA4qsAJxkcR6VE6j5HMoVc,275,0.0150742750644082,Rick's cafe,957,$$$$$$$,Cafe,"[""Cafe""]",cafes in de wallen,52.3716985,4.8952778,Dining & Cafes
575,ChIJX0WY0s8JxkcR_seRotqoKWQ,275,0.0150742750644082,Restaurant Argentino Luna,1438,$$,Argentijns restaurant,"[""Argentijns restaurant""]",restaurants in haarlemmerbuurt,52.3803791,4.8845047,Dining & Cafes
576,ChIJ-VGgEOkJxkcR9ELimw9olfc,275,0.0150742750644082,Pizzeria IL PALIO,1854,$$$$$$$,Italiaans restaurant,"[""Italiaans restaurant"",""Pizzeria"",""Restaurant""]",restaurants in leidseplein,52.363454,4.8848696,Dining & Cafes
577,ChIJDQntYcMJxkcRwx4VC29qQCA,274,0.0150194595187195,Restaurant Jansz,1042,$$$,Restaurant,"[""Restaurant"",""Nederlands restaurant""]",restaurants in negen straatjes,52.3724621,4.8842643,Dining & Cafes
578,ChIJHQ7cP-UJxkcRuTSp9JwedXc,274,0.0150194595187195,Restaurant Pompa Italian | pasta | bar,2096,$$$$$$$,Restaurant,"[""Restaurant"",""Brasserie""]",bars in vondelpark,52.3581089,4.8779463,Dining & Cafes
579,ChIJC8q7RsUJxkcRcMTYAnPCMO4,274,0.0150194595187195,Cafe 't Smalle,1243,$$$$$$$,Cafe,"[""Cafe"",""Bar""]",bars in 9 straatjes,52.3767128,4.8841696,Dining & Cafes
580,ChIJa0m-s6sJxkcRx_cmxFMMFBo,274,0.0150194595187195,De Kromhouthal,1371,,Evenementenlocatie,"[""Evenementenlocatie"",""Bedrijfscentrum"",""Beurs- en conferentiecentrum""]",event venues in bijlmer arena,52.3833123,4.9204484,Event venue
582,ChIJZ14xgO8JxkcR-6f46F2yRt0,273,0.0149646439730307,Lolo Amsterdam,819,,Restaurant,"[""Restaurant""]",restaurants in de wallen,52.3741377,4.897149199999999,Dining & Cafes
583,ChIJxQDBj8EJxkcRtymFU-erjXg,272,0.0149098284273419,Cafe Luxembourg - Grand Cafe Restaurant & Brasserie op het Spui,1455,$$$$$$$,Restaurant,"[""Restaurant"",""Bar"",""Ontbijtrestaurant"",""Cocktailbar"",""Eetcafe"",""Frans restaurant"",""Lunchrestaurant"",""Cafe"",""Brasserie"",""Wijnbar""]",bars in de jordaan,52.3686556,4.8887056,Dining & Cafes
584,ChIJxV_2EL8JxkcRlPfWXSuwkLA,272,0.0149098284273419,The Book Exchange - 2nd-hand English books,913,,Winkel voor tweedehands boeken,"[""Winkel voor tweedehands boeken""]",stores in de wallen,52.3700725,4.8974242,Shopping
585,ChIJNxPl9Y0JxkcRiXF6kIukt5o,272,0.0149098284273419,Little Collins,1646,$$$$$$$,Restaurant,"[""Restaurant""]",bars in de pijp,52.3558303,4.8980791,Dining & Cafes
586,ChIJRxt3q73jxUcRTHomKiGccOc,271,0.0148550128816532,Boes & Beis,578,$$$$$$$,Eetcafe,"[""Eetcafe"",""Ontbijtrestaurant"",""Koffiebar"",""Lunchrestaurant""]",restaurants in sloterdijk,52.3729223,4.8383473,Dining & Cafes
587,ChIJgUOMiTgJxkcRy3lJifWWvyI,270,0.0148001973359644,Restaurant Lavash,772,$$$$$$$,Restaurant,"[""Restaurant"",""Mediterraans restaurant""]",bars in leidseplein,52.3633466,4.884734,Dining & Cafes
588,ChIJMVoEUXQJxkcRaEBZ7Kl4pyM,270,0.0148001973359644,De Biertuin Linnaeusstraat,2178,$$$$$$$,Restaurant,"[""Restaurant"",""Bar"",""Biertuin"",""Hamburgerrestaurant""]",bars in de pijp,52.362325,4.9242439,Dining & Cafes
589,ChIJm4VbI8MJxkcRI2kOSMgb0SM,270,0.0148001973359644,PANCAKES Amsterdam Negen Straatjes,2761,$$$$$$$,Pannenkoekrestaurant,"[""Pannenkoekrestaurant"",""Ontbijtrestaurant"",""Lunchrestaurant"",""Restaurant""]",restaurants in negen straatjes,52.3704886,4.8832381,Dining & Cafes
590,ChIJIVumoLkJxkcRafP0UcXlMf0,270,0.0148001973359644,Wing Kee,1291,$$$$$$$,Chinees restaurant,"[""Chinees restaurant"",""Kantonees restaurant""]",restaurants in de wallen,52.3745045,4.9004886,Dining & Cafes
591,ChIJOZ3IcQUKxkcRlv9oKrwn9uM,270,0.0148001973359644,The Breakfast Club,1265,$$$$$$$,Familierestaurant,"[""Familierestaurant"",""Ontbijtrestaurant"",""Restaurant""]",restaurants in zuidas,52.3365408,4.873099799999999,Dining & Cafes
593,ChIJ_9RhjoXhxUcRcOI0W0cyuds,269,0.0147453817902757,Voordeelhelmen,2246,,Motorwinkel,"[""Motorwinkel"",""Motorzaak"",""Motorsportwinkel""]",stores in sloterdijk,52.3915163,4.7937354,Shopping
594,ChIJhSuFXjDjxUcRrLMox0xO5VE,268,0.0146905662445869,Mewsim Osdorp,838,,Mediterraans restaurant,"[""Mediterraans restaurant""]",bars in osdorpplein,52.3600721,4.808057499999999,Dining & Cafes
595,ChIJJ13GtwwJxkcRP1s8gUJ7Lxs,268,0.0146905662445869,SOIL Vegan Cafe - WEST,864,$$,Veganistisch restaurant,"[""Veganistisch restaurant"",""Bar"",""Koffiehuis"",""Lunchrestaurant"",""Restaurant"",""Vegetarisch restaurant""]",cafes in sloterdijk,52.3685248,4.8716456,Dining & Cafes
596,ChIJdQuoUukJxkcRoxjo6CY4wAU,268,0.0146905662445869,Coffeeshop TerpsArmy 2,1375,,Cannabiswinkel,"[""Cannabiswinkel"",""Koffiehuis""]",coffeeshops in indische buurt,52.36167,4.8861141,Cannabisshop
597,ChIJEW6xqpIJxkcRYbU66gkPlk4,268,0.0146905662445869,"Het Paardje | Bar, Bistro & Restaurant in De Pijp",1108,$$$$$$$,Restaurant,"[""Restaurant"",""Bar"",""Bistro"",""Eetcafe"",""Lunchrestaurant"",""Cafe""]",bars in de pijp,52.3561271,4.8926946,Dining & Cafes
598,ChIJzbANlOYJxkcRhb8yMcT1lmM,267,0.0146357506988982,Kartika,1421,$$$$$$$,Indonesisch restaurant,"[""Indonesisch restaurant""]",restaurants in vondelpark,52.3631282,4.8760264,Dining & Cafes
599,ChIJd8MGF5sJxkcR6SJ-iKyUbWY,267,0.0146357506988982,The Breakfast Club,1820,$$$$$$$,Ontbijtrestaurant,"[""Ontbijtrestaurant""]",cafes in oosterparkbuurt,52.3563924,4.9104573,Dining & Cafes
600,ChIJN7p_3nAJxkcRnHQ2CYes00c,267,0.0146357506988982,Burger 'n Shake Oostpoort,1755,$$$$$$$,Hamburgerrestaurant,"[""Hamburgerrestaurant"",""Amerikaans restaurant"",""Snackbar"",""Halal-restaurant""]",bars in de dapperbuurt,52.3569988,4.9274905,Dining & Cafes
601,ChIJbxUsoO3jxUcRQazk4uS7ON4,267,0.0146357506988982,Benji's West,705,$$$$$$$,Brunchrestaurant,"[""Brunchrestaurant"",""Bar"",""Ontbijtrestaurant"",""Koffiehuis"",""Cocktailbar"",""Health Food-restaurant"",""Lunchrestaurant"",""Restaurant"",""Veganistisch restaurant"",""Vegetarisch restaurant""]",bars in vondelpark,52.3657576,4.8605317,Dining & Cafes
602,ChIJNa3AVugJxkcRm1lQ3MDyZvI,266,0.0145809351532094,FEBO Amsterdam - Leidsestraat,1451,$$$$$$,Snackbar,"[""Snackbar""]",restaurants in leidseplein,52.3648038,4.883704,Dining & Cafes
603,ChIJuaQbrl0JxkcRd7voIxRQ-TQ,266,0.0145809351532094,Mooie Boules Amsterdam,1055,,Restaurant,"[""Restaurant"",""Bar"",""Bierzaal"",""Evenementenlocatie"",""Foodcourt"",""Groepsaccommodatie"",""Speelhal""]",bars in oud-oost,52.3668522,4.927569699999999,Dining & Cafes
604,ChIJw-LtFxAJxkcRnfZqLkJOlxA,266,0.0145809351532094,Winkelcentrum Brazilie,3630,,Winkelcentrum,"[""Winkelcentrum""]",shopping malls in negen straatjes,52.3744407,4.9351926,Shopping
605,ChIJ51P_B-kJxkcR3zaMrPyjcJM,266,0.0145809351532094,Easy Times Prinsengracht,3684,$$,Cannabiswinkel,"[""Cannabiswinkel""]",coffeeshops in de jordaan,52.3643009,4.8849447,Cannabisshop
606,ChIJSZelRToIxkcRGIvlgZ2L1SE,264,0.0144713040618319,Pannenkoekenboot Amsterdam,1493,$$$$$$$,Creperie,"[""Creperie"",""Rondvaartbedrijf"",""Pannenkoekrestaurant"",""Toeristische attractie""]",tourist attractions in buikslotermeerplein,52.4003484,4.8919887,Dining & Cafes
607,ChIJhfOaePYJxkcRTIfAiN7a-RE,264,0.0144713040618319,Apollo Hotel,2142,,Hotel,"[""Hotel"",""Planning van vergaderingen"",""Trouwlocatie""]",hotels in de pijp,52.3485454,4.8852967,Hotel
608,ChIJR0osQNEJxkcR7Pxit80MpsI,264,0.0144713040618319,Cafe Checkpoint Charlie,1264,$$$$$$$,Cafe,"[""Cafe""]",bars in sloterdijk,52.38218,4.8789665,Dining & Cafes
609,ChIJSRZJ8BYJxkcRPqx6e9f2TEc,264,0.0144713040618319,Mercure Amsterdam North Station,740,,Hotel,"[""Hotel""]",hotels in buikslotermeerplein,52.4025004,4.9312606,Hotel
610,ChIJa7Pu1L4JxkcRKdYUFzAUtfU,264,0.0144713040618319,Rosalia's Menagerie,1029,$$$$$$$,Cocktailbar,"[""Cocktailbar""]",bars in wallengebied,52.3717417,4.8990357,Dining & Cafes
611,ChIJXypU41AJxkcRtFyxqnuLofc,263,0.0144164885161431,Dutch Courage | Cocktail Bar Amsterdam,598,$$$$$$$,Cocktailbar,"[""Cocktailbar""]",bars in wallengebied,52.3758728,4.9004295,Dining & Cafes
612,ChIJ88qyC84JxkcRBJ32CMRtCgQ,263,0.0144164885161431,Toki,1072,$$$$$$,Koffiebar,"[""Koffiebar"",""Bar"",""Theehuis""]",cafes in haarlemmerbuurt,52.3829109,4.8855175,Dining & Cafes
613,ChIJW--699sJxkcR7Rh0bDqL-9Q,263,0.0144164885161431,FEBO Amsterdam - Oudezijds Voorburgwal,1956,$$$$$$,Snackbar,"[""Snackbar""]",restaurants in de wallen,52.3745489,4.8997422,Dining & Cafes
614,ChIJXTH1ZLgJxkcRrlfkZSiMh7E,263,0.0144164885161431,XO Hotels City Centre,1981,,Hotel,"[""Hotel""]",hotels in dapperbuurt,52.3750151,4.8970428,Hotel
616,ChIJF5lKdbkJxkcR-IMxPwFDghE,262,0.0143616729704544,Dun Yong,1193,,Aziatische kruidenierswinkel,"[""Aziatische kruidenierswinkel"",""Chinese supermarkt"",""Supermarkt""]",supermarkets in de wallen,52.3743435,4.9008354,Shopping
617,ChIJnxQOthIJxkcROAv8H9TYhmo,261,0.0143068574247656,Stayokay Hostel Amsterdam Oost (Zeeburg),3476,,Herberg,"[""Herberg"",""Evenementenlocatie"",""Groepsaccommodatie"",""Hotel"",""Jeugdhostel""]",event venues in dapperbuurt,52.365311,4.9355362,Hotel
619,ChIJ_7aXWR8KxkcRsogRnEYUXik,260,0.0142520418790769,Strandzuid,1441,$$,Restaurant,"[""Restaurant"",""Evenementenlocatie""]",restaurants in zuidas,52.341653,4.8865262,Dining & Cafes
620,ChIJGcxzUS4JxkcReHTGe59nSsU,260,0.0142520418790769,louf - oud west,398,$$$$$$,Bakkerij,"[""Bakkerij"",""Boekwinkel"",""Brunchrestaurant"",""Koffiebar"",""Lunchrestaurant"",""Patisserie""]",cafes in sloterdijk,52.3714613,4.870341499999999,Dining & Cafes
621,ChIJRyW66n0JxkcRT0fgeEGBE-Q,260,0.0142520418790769,Hotel V Fizeaustraat,1566,,Hotel,"[""Hotel"",""Bar"",""Restaurant""]",hotels in bijlmer arena,52.3453606,4.9255584,Hotel
622,ChIJVQFWZpsJxkcRUUV7aZ8LK1M,260,0.0142520418790769,Eethuis Sinbad,1585,$$$$$$$,Eetcafe,"[""Eetcafe"",""Snackbar"",""Kebabzaak"",""Restaurant""]",restaurants in oosterparkbuurt,52.3568802,4.9124241,Dining & Cafes
623,ChIJA6xc4b8JxkcRry_PJJ0Ffi8,259,0.0141972263333881,De Kleine Komedie,1396,,Theater,"[""Theater""]",event venues in leidseplein,52.3669133,4.8959687,Event venue
624,ChIJzVN3QY_hxUcREIzfWnT4u94,259,0.0141972263333881,Hotel Artemis Amsterdam,2732,,Hotel,"[""Hotel""]",hotels in zuidas,52.3417663,4.824796699999999,Hotel
625,ChIJaUYsT40JxkcR2QWdZKOQ6J8,258,0.0141424107876993,Burgerbar De Pijp,1684,$$$$$$$,Restaurant,"[""Restaurant""]",bars in de pijp,52.355099,4.893144,Dining & Cafes
626,ChIJcSO5L7kJxkcR-ghN1cETMhw,258,0.0141424107876993,Lokaal 't Loosje,1171,$$$$$$$,Bar,"[""Bar""]",bars in wallengebied,52.3723972,4.899575,Dining & Cafes
627,ChIJFZCOAekJxkcRiXsPM_3ZNNo,257,0.0140875952420106,Royal Thai,1628,$$$$$$$,Thais restaurant,"[""Thais restaurant"",""Aziatisch restaurant"",""Bar"",""Cocktailbar"",""Visrestaurant"",""Soeprestaurant"",""Veganistisch restaurant"",""Vegetarisch restaurant""]",bars in leidseplein,52.364152,4.884256,Dining & Cafes
629,ChIJWfTSp7MJxkcRoOCKsTI1oUc,257,0.0140875952420106,Cafe ONS,1097,$$$$$$$,Restaurant,"[""Restaurant"",""Cafe""]",restaurants in buikslotermeerplein,52.3847222,4.9066667,Dining & Cafes
630,ChIJIYdU8sMJxkcRD1Ys8SczZTE,257,0.0140875952420106,Lotti's,848,$$,Restaurant,"[""Restaurant""]",restaurants in negen straatjes,52.3718689,4.8874125,Dining & Cafes
631,ChIJzSPYfMEJxkcR-UUyFYCRqTg,257,0.0140875952420106,Cafe Gollem Raamsteeg,1729,$$$$$$$,Cafe,"[""Cafe"",""Bar""]",bars in 9 straatjes,52.3702783,4.888726,Dining & Cafes
632,ChIJ__-SIrkJxkcRrSsT6gnPNoI,257,0.0140875952420106,Juicy Kebab,755,$$$$$$,Kebabzaak,"[""Kebabzaak""]",restaurants in nieuwmarkt,52.3730972,4.899662,Dining & Cafes
633,ChIJ6zQEF8EJxkcR9An-UUIO2LI,256,0.0140327796963218,Coffee & Cakes.,844,$$$$$$,Koffiebar,"[""Koffiebar""]",cafes in de wallen,52.3706508,4.8910036,Dining & Cafes
634,ChIJ__r0iN8JxkcRrkQi4xGjEHw,256,0.0140327796963218,Lakhay - Nepalese & Tibetan Restaurant,717,$$$$$$$,Restaurant,"[""Restaurant""]",restaurants in de pijp,52.354668,4.8891589,Dining & Cafes
636,ChIJ62QMX8cJxkcRIsuFRMFZVBw,256,0.0140327796963218,Rembrandts Amsterdam Experience,2037,,Toeristische attractie,"[""Toeristische attractie""]",tourist attractions in negen straatjes,52.3623981,4.8835242,Cultural & Historic
638,ChIJWyeIG1bjxUcRUArIsGOo_WU,255,0.0139779641506331,Sortie Cafe & Restaurant,821,$$$$$$$,Turks restaurant,"[""Turks restaurant""]",restaurants in sloterdijk,52.3792141,4.822756699999999,Dining & Cafes
639,ChIJm0LWL78JxkcR8OkN56eMmDk,255,0.0139779641506331,Samrat Indian restaurant,1426,$$$$$$$,Indiaas restaurant,"[""Indiaas restaurant""]",restaurants in de wallen,52.3713842,4.8979151,Dining & Cafes
640,ChIJL-y_wekJxkcRAmdCaGAYA4Y,255,0.0139779641506331,Bagels & Beans,1554,$$$$$$$,Bagelwinkel,"[""Bagelwinkel"",""Ontbijtrestaurant"",""Brunchrestaurant"",""Koffiebar"",""Koffiewinkel"",""Smoothiewinkel"",""Veganistisch restaurant"",""Vegetarisch restaurant""]",coffeeshops in leidseplein,52.3659134,4.8858824,Shopping
641,ChIJb0NyabQJxkcRj7YvPpi-AMA,255,0.0139779641506331,"Sir Adam Hotel, part of Sircle Collection",1792,,Hotel,"[""Hotel""]",hotels in haarlemmerbuurt,52.3838622,4.9020945,Hotel
642,ChIJu57So50JxkcRMoFn_kdLWPI,253,0.0138683330592556,Bar Bukowski,2278,$$$$$$$,Bar,"[""Bar"",""Brunchrestaurant"",""Koffiehuis"",""Cocktailbar"",""Lunchrestaurant""]",bars in museumkwartier,52.3579617,4.9176701,Dining & Cafes
643,ChIJq8kKglkJxkcRV2MMVmzSd1o,253,0.0138683330592556,Moods Coffee & Brunch,769,$$$$$$$,Brunchrestaurant,"[""Brunchrestaurant""]",restaurants in museumkwartier,52.3537185,4.8729239,Dining & Cafes
644,ChIJ_2mMTc4JxkcRbfQ9qE12fpw,253,0.0138683330592556,Duende Tapas Bar,1075,$$,Tapas restaurant,"[""Tapas restaurant"",""Europees restaurant"",""Locatie voor live muziek"",""Spaans restaurant"",""Tapasbar""]",bars in haarlemmerbuurt,52.3806343,4.8861084,Dining & Cafes
645,ChIJOzRSERMJxkcRCbS4aWDU_W0,252,0.0138135175135668,Bar Mokum,757,$$$$$$$,Cocktailbar,"[""Cocktailbar"",""Bar""]",bars in museumkwartier,52.3565045,4.8908032,Dining & Cafes
646,ChIJ_bTAZxYJxkcRAraWt9IYrR4,252,0.0138135175135668,Olido - Pizzeria Amsterdam Oost,859,$$$$$$$,Pizzeria,"[""Pizzeria"",""Restaurant""]",restaurants in indische buurt,52.3554059,4.9337756,Dining & Cafes
647,ChIJiUVfWL8JxkcRMZQ0SV_FQ6Y,252,0.0138135175135668,Hotel Sofitel Legend the Grand Amsterdam,2349,,Hotel,"[""Hotel""]",hotels in negen straatjes,52.3709309,4.8955845,Hotel
648,ChIJV18SHLsJxkcRoYGdjSeoRAc,252,0.0138135175135668,Kim's So Korean Food Oost,669,$$$$$$$,Restaurant,"[""Restaurant""]",restaurants in dapperbuurt,52.3618685,4.924512,Dining & Cafes
649,ChIJueu_EekJxkcRHusbQsY_HIE,251,0.013758701967878,Ristorante Pizzeria Piccolino,1282,$$$$$$$,Italiaans restaurant,"[""Italiaans restaurant"",""Afhaalrestaurant""]",restaurants in leidseplein,52.363625,4.8852861,Dining & Cafes
650,ChIJ4cRHiZQJxkcRbuVu8nkN4s0,250,0.0137038864221893,Brasserie Nel,1435,$$$$$$$,Brasserie,"[""Brasserie"",""Koffiehuis"",""Evenementenlocatie"",""Restaurant""]",cafes in zuidas,52.3622075,4.8966932,Dining & Cafes
652,ChIJm-bhY_0JxkcRq9eJKTxQxsk,250,0.0137038864221893,Annavilaas,737,$$$$$$$,Zuid-Indiaas restaurant,"[""Zuid-Indiaas restaurant"",""Vegetarisch restaurant""]",bars in de pijp,52.3537271,4.9024474,Dining & Cafes
653,ChIJuSc29uwJxkcRoiEBH4MzFv8,249,0.0136490708765005,Cafe Brecht,1685,$$$$$$$,Cafe,"[""Cafe"",""Bar"",""Koffiehuis""]",bars in vondelpark,52.3598052,4.8900679,Dining & Cafes
654,ChIJ6w7NrvwIxkcRI_bU-yOQ_Gk,249,0.0136490708765005,Cafe 't Sluisje,1132,$$,Eetcafe,"[""Eetcafe"",""Cafe"",""Restaurant""]",bars in buikslotermeerplein,52.3912274,4.9382201,Dining & Cafes
655,ChIJxxnDDekJxkcRBFmdy_DRywk,249,0.0136490708765005,Bourbon Street,1648,,Locatie voor live muziek,"[""Locatie voor live muziek"",""Bar"",""Discotheek"",""Nachtclub""]",bars in leidseplein,52.363874,4.885323,Event venue
656,ChIJuzgcH4IJxkcRhxRcMVJPpRE,248,0.0135942553308118,Filmtheater Kriterion,1713,,Bioscoop,"[""Bioscoop"",""Koffiehuis"",""Monument""]",movie theaters in negen straatjes,52.362528,4.910711699999999,Activities
658,ChIJW4lL8ZUJxkcRMeL2EFf3CWU,247,0.013539439785123,Gollem Craft Beers,1289,$$$$$$$,Cafe,"[""Cafe""]",bars in oosterparkbuurt,52.3660741,4.899949299999999,Dining & Cafes
659,ChIJl7zRn9rjxUcRHSQZyYvkLSU,246,0.0134846242394343,Sahan Amsterdam,998,$$$$$$$,Mediterraans restaurant,"[""Mediterraans restaurant""]",bars in osdorpplein,52.358398,4.8001969,Dining & Cafes
660,ChIJTcs93XIJxkcRoeeRrdu4Ew8,246,0.0134846242394343,Nationaal Holocaust Namenmonument,723,,Herdenkingspark,"[""Herdenkingspark""]",activities in nieuwmarkt,52.3657243,4.9049236,Cultural & Historic
661,ChIJewBtSo8JxkcRLTwadODKQfI,245,0.0134298086937455,Tulsi Indian Restaurant,2221,$$,Indiaas restaurant,"[""Indiaas restaurant""]",restaurants in de pijp,52.3505556,4.9033333,Dining & Cafes
662,ChIJhUdR_vUJxkcRSrxfr7m6Qho,245,0.0134298086937455,Ten Amsterdam,1031,$$$$$$$,Restaurant,"[""Restaurant""]",bars in museumkwartier,52.3576703,4.8794981,Dining & Cafes
663,ChIJg7MuRB0JxkcRYhaJsXhZeAw,245,0.0134298086937455,Tokyo Ramen Takeichi Kerk,531,$$$$$$$,Restaurant,"[""Restaurant""]",restaurants in museumkwartier,52.3633046,4.8888075,Dining & Cafes
664,ChIJL3yg4_ILxkcRhMwaQ4SrmDs,244,0.0133749931480567,McDonald's Amsterdam Daalwijkdreef,1142,$$$$$$$,Hamburgerrestaurant,"[""Hamburgerrestaurant"",""Familierestaurant"",""Snackbar"",""Afhaalrestaurant"",""Restaurant""]",restaurants in bijlmer arena,52.3232505,4.9563464,Dining & Cafes
665,ChIJ-fcUHAkJxkcRPN_B5FPnXT4,244,0.0133749931480567,THE BAB Korean Kitchen Oost,968,$$$$$$$,Koreaans restaurant,"[""Koreaans restaurant"",""Bistro"",""Afhaalrestaurant voor gefrituurde kip"",""Restaurant""]",bars in oosterparkbuurt,52.3580969,4.9132276,Dining & Cafes
666,ChIJfZH2DsAJxkcRDuCPJeAvw9I,243,0.013320177602368,Brasserie Marie,1413,$$$,Brasserie,"[""Brasserie"",""Frans restaurant""]",restaurants in de wallen,52.3673798,4.8944063,Dining & Cafes
669,ChIJ8T8oy2nixUcRbw9oQ5bn6m0,243,0.013320177602368,Cityden BoLo District,1046,,Hotel,"[""Hotel"",""Bar"",""Hotel voor langdurig verblijf"",""Restaurant""]",hotels in sloterdijk,52.376326,4.8446166,Hotel
670,ChIJoScSCbkJxkcRDfQmiSi2YJM,242,0.0132653620566792,Little Saigon Centrum,1468,$$$$$$$,Vietnamees restaurant,"[""Vietnamees restaurant""]",restaurants in de wallen,52.3742456,4.900315099999999,Dining & Cafes
671,ChIJzZB2tL8JxkcRKiHu2NoiKEE,242,0.0132653620566792,Krua Thai,1214,$$$$$$$,Thais restaurant,"[""Thais restaurant"",""Restaurant""]",restaurants in nieuwmarkt,52.3681468,4.898026799999999,Dining & Cafes
672,ChIJoUL__s4JxkcRwm_xesoK9Pk,242,0.0132653620566792,NAZKA,904,$$$$$$,Peruviaans restaurant,"[""Peruviaans restaurant"",""Haute-cuisinerestaurant"",""Fusion-restaurant"",""Latijns-Amerikaans restaurant""]",restaurants in de pijp,52.3537017,4.901943999999999,Dining & Cafes
673,ChIJ0wjUA8gJxkcRqgOwfTJ6z3c,242,0.0132653620566792,Istanbul Grill Restaurant,2102,$$$$$$$,Turks restaurant,"[""Turks restaurant""]",restaurants in sloterdijk,52.3776279,4.8962462,Dining & Cafes
674,ChIJzX_1C-kJxkcRl1dOv1SnPwc,241,0.0132105465109905,De Biertuin Centrum,1675,$$,Bierzaal,"[""Bierzaal"",""Bar"",""Biertuin"",""Hamburgerrestaurant"",""Restaurant""]",bars in leidseplein,52.3640228,4.8853529,Dining & Cafes
675,ChIJc9UkrArixUcRgRrWHKmGTvg,241,0.0132105465109905,The Breakfast Club,1526,$$$$$$$,Lunchrestaurant,"[""Lunchrestaurant"",""Ontbijtrestaurant"",""Restaurant""]",restaurants in sloterdijk,52.3675558,4.8673571,Dining & Cafes
676,ChIJS1JctpoJxkcRVFciXDPqJv4,241,0.0132105465109905,Het Muizenhuis - Winkel & Museum,635,,Museum,"[""Museum""]",museums in negen straatjes,52.3671857,4.8927136,Cultural & Historic
677,ChIJOTNFq5wLxkcRHNgvRQEM53Q,240,0.0131557309653017,Joy Hotel Amsterdam,1553,,Hotel,"[""Hotel""]",hotels in bijlmer arena,52.305233,4.950296,Hotel
678,ChIJfxF04aEJxkcR8W0eVsOlok0,239,0.013100915419613,Restaurant Heemelrijck,527,$$$$$$$,Restaurant,"[""Restaurant""]",bars in de pijp,52.356864,4.899983199999999,Dining & Cafes
679,ChIJGYN82GzixUcRLNicHPlQJ04,239,0.013100915419613,Bar Lusconi - Cucina Italiana | Italiaans Restaurant Amsterdam,1810,$$,Italiaans restaurant,"[""Italiaans restaurant"",""Bar"",""Cocktailbar"",""Lunchrestaurant"",""Pizzeria"",""Restaurant""]",bars in vondelpark,52.369364,4.8509859,Dining & Cafes
680,ChIJ1QS09s0JxkcRb-SmrA58PRE,239,0.013100915419613,The Movies,1208,,Bioscoop,"[""Bioscoop""]",movie theaters in negen straatjes,52.3839576,4.8845865,Activities
681,ChIJPX5gU8cJxkcRboiRp7bZKVU,239,0.013100915419613,Mas y Mas,2126,$$,Restaurant,"[""Restaurant"",""Argentijns restaurant"",""Grillrestaurant"",""Italiaans restaurant"",""Steakhouse""]",restaurants in de wallen,52.3720855,4.8950326,Dining & Cafes
682,ChIJ685kjPEJxkcRdPbbAK3KaFo,238,0.0130460998739242,TEA KEE Bubble Tea Nai Cha Amsterdam,342,,Bubbeltheewinkel,"[""Bubbeltheewinkel"",""Koffiebar""]",cafes in museumkwartier,52.3614074,4.882615299999999,Shopping
683,ChIJEVazjX7ixUcRIXGHBUZuFv0,237,0.0129912843282354,TonTon Club Westergas,1608,$$$$$$$,Restaurant,"[""Restaurant"",""Bar""]",bars in sloterdijk,52.3860206,4.8660624,Dining & Cafes
684,ChIJu3LJd_wJxkcRp4PME-vyUHQ,237,0.0129912843282354,The Alfred Hotel Amsterdam,2204,,Hotel,"[""Hotel""]",hotels in dapperbuurt,52.3534866,4.8720666,Hotel
685,ChIJEwZZgooJxkcR9vC3583ZU6M,237,0.0129912843282354,Yemen Restaurant mTaam lymn,517,$$$$$$$,Jemenitisch restaurant,"[""Jemenitisch restaurant""]",restaurants in dapperbuurt,52.3559848,4.9289386,Dining & Cafes
686,ChIJk17zB7gJxkcR8E1SEpIcE_4,236,0.0129364687825467,Flying Pig Downtown,2416,,Herberg,"[""Herberg"",""Hotel""]",hotels in de wallen,52.3767957,4.8960715,Hotel
687,ChIJeaCiqiwLxkcRqkcNJw6rRns,236,0.0129364687825467,Market 33,1493,$$$$$$$,Restaurant,"[""Restaurant""]",restaurants in zuidas,52.3373734,4.8714165,Dining & Cafes
688,ChIJNQGt-c4JxkcRqmwL9rEToYI,235,0.0128816532368579,Cafe Thijssen,1819,$$$$$$$,Koffiehuis,"[""Koffiehuis""]",cafes in negen straatjes,52.3808104,4.8873031,Dining & Cafes
689,ChIJt6cZ7OYJxkcRcO3by6UcrUY,235,0.0128816532368579,Hap-hmm,1329,$$$$$$$,Nederlands restaurant,"[""Nederlands restaurant"",""Restaurant""]",restaurants in museumkwartier,52.3636729,4.876325,Dining & Cafes
690,ChIJU-kLR_IJxkcR0J25v70aGbU,234,0.0128268376911692,IZAKAYA Asian Kitchen & Bar,1084,$$$$$$,Aziatisch restaurant,"[""Aziatisch restaurant"",""Izakaya-restaurant""]",restaurants in de pijp,52.3544444,4.8872222,Dining & Cafes
691,ChIJkz6xW8gJxkcRIF2s_OOoKAc,234,0.0128268376911692,Coffeeshopamsterdam Cafe,1028,$$$$$$,Koffiebar,"[""Koffiebar"",""Bar"",""Lounge""]",night clubs in amsterdam,52.379164,4.893925299999999,Dining & Cafes
692,ChIJGbiZXcYJxkcRSvrmOh1swZw,234,0.0128268376911692,Maenaam Thai Restaurant,1289,$$$$$$$,Thais restaurant,"[""Thais restaurant"",""Restaurant""]",restaurants in haarlemmerbuurt,52.3753041,4.8911693,Dining & Cafes
693,ChIJUT99BN_hxUcRzNZnOBvbQAE,234,0.0128268376911692,Cafe Anno 1890,1576,$$,Koffiehuis,"[""Koffiehuis"",""Bar""]",bars in zuid,52.3223588,4.8572018,Dining & Cafes
694,ChIJeUrc1ugJxkcRQrjDeZ4Jys0,233,0.0127720221454804,wagamama,1637,$$$$$$$,Aziatisch restaurant,"[""Aziatisch restaurant"",""Japans restaurant"",""Pan-Aziatisch restaurant"",""Ramen-noedelrestaurant"",""Restaurant"",""Thais restaurant""]",restaurants in leidseplein,52.3626557,4.8834765,Dining & Cafes
695,ChIJcX1bWfIJxkcRKHkZIDeKH7M,233,0.0127720221454804,Orontes De Pijp Amsterdam - Mediterraans restaurant - Turks restaurant,769,,Mediterraans restaurant,"[""Mediterraans restaurant"",""Catering"",""Familierestaurant"",""Groepsaccommodatie"",""Restaurant"",""Turks restaurant""]",restaurants in de pijp,52.354565,4.888655,Dining & Cafes
696,ChIJY_sM4LgJxkcRSmLtPQEHRJY,233,0.0127720221454804,Red Light Bar,2976,$$,Bar,"[""Bar"",""Poolcentrum"",""Cafe"",""Sportcafe""]",bars in wallengebied,52.373202,4.898999,Dining & Cafes
698,ChIJwdw_2I8JxkcRVA7cevIhgZ4,232,0.0127172065997917,Casa Nostra,912,$$$$$$$,Italiaans restaurant,"[""Italiaans restaurant""]",restaurants in de pijp,52.3555819,4.9030179,Dining & Cafes
699,ChIJXThyt9oJxkcRw0IvHkBtfpE,231,0.0126623910541029,Restaurant La Oliva Pintxos Y Vinos,1253,$$,Spaans restaurant,"[""Spaans restaurant"",""Restaurant""]",bars in de jordaan,52.3767509,4.882256,Dining & Cafes
700,ChIJAVKnxgjixUcR0FFXQUY0Qp8,230,0.0126075755084141,Craft & Draft,1179,$$$$$$$,Bar,"[""Bar"",""Cafe""]",bars in vondelpark,52.3590573,4.8612011,Dining & Cafes
701,ChIJucTnIm0JxkcRaSH4Je0Anuk,230,0.0126075755084141,Restaurant Nour,1267,$$$$$$$,Midden-Oosters restaurant,"[""Midden-Oosters restaurant""]",bars in indische buurt,52.3639016,4.9365241,Dining & Cafes
702,ChIJryiJR8YJxkcRiuKFuaNjjsw,230,0.0126075755084141,Tales & Spirits,1838,$$$$$$$,Cocktailbar,"[""Cocktailbar"",""Restaurant""]",bars in wallengebied,52.3761301,4.8917236,Dining & Cafes
703,ChIJd4ERe7fjxUcRoC5WBTZKSWE,230,0.0126075755084141,Bariq Mediterranean Food & Wine Bar,510,$$$$$$$,Wijnbar,"[""Wijnbar"",""Bar"",""Brunchrestaurant"",""Koffiehuis"",""Koffiebar"",""Espressobar"",""Restaurant""]",bars in vondelpark,52.3591063,4.861316899999999,Dining & Cafes
704,ChIJ6SotGMcJxkcRzbvSeq1YjJ4,230,0.0126075755084141,Swissotel Amsterdam,1394,,Hotel,"[""Hotel"",""Restaurant""]",hotels in de wallen,52.3736102,4.8933273,Hotel
705,ChIJI022GNwJxkcRzT4MmuiWgBM,229,0.0125527599627254,Coffeeshop 1eHulp,2510,,Cannabiswinkel,"[""Cannabiswinkel""]",coffeeshops in haarlemmerbuurt,52.3715587,4.8758411,Cannabisshop
706,ChIJxaB3v8AJxkcRDuTc9pwZ1hI,229,0.0125527599627254,The Lobby Nesplein,1535,$$,Restaurant,"[""Restaurant"",""Bar"",""Ontbijtrestaurant"",""Lunchrestaurant""]",restaurants in de wallen,52.3709531,4.8936747,Dining & Cafes
708,ChIJHaKrQZwJxkcRk_O8AcmVfoI,229,0.0125527599627254,Il Pacioccone,1726,$$$$$$$,Italiaans restaurant,"[""Italiaans restaurant""]",restaurants in leidseplein,52.3774941,4.8937512,Dining & Cafes
709,ChIJFatVe6IJxkcRDR7l-nLfHPI,229,0.0125527599627254,Cafe Koosje,1494,$$$$$$$,Koffiehuis,"[""Koffiehuis"",""Nederlands restaurant"",""Europees restaurant""]",restaurants in buikslotermeerplein,52.3666429,4.9116502,Dining & Cafes
710,ChIJ-bLLsJEJxkcRS6TH8T9IhQQ,229,0.0125527599627254,Coffeeshop IBIZA Amsterdam,2285,,Cannabiswinkel,"[""Cannabiswinkel"",""Koffiebar"",""Cafe"",""Lounge""]",bars in zuid,52.3574448,4.9020715,Cannabisshop
711,ChIJp8WKOdsJxkcRVL-xZ7kdT60,229,0.0125527599627254,Cafe Chris,900,$$$$$$$,Cafe,"[""Cafe""]",bars in de jordaan,52.3742752,4.8816114,Dining & Cafes
712,ChIJQWe06uoJxkcRGNSE2q6OQTY,228,0.0124979444170366,Cafe Kramer | Gezellig cafe in Amsterdam,1241,$$$$$$$,Restaurant,"[""Restaurant"",""Evenementenlocatie"",""Cafe""]",bars in rembrandtplein,52.36543,4.892567199999999,Dining & Cafes
713,ChIJdYB9WMMJxkcR5oMtolrRz14,228,0.0124979444170366,Bussia (Lunch-Fine dining-Private dining),921,$$$,Italiaans restaurant,"[""Italiaans restaurant"",""Restaurant""]",restaurants in negen straatjes,52.372469,4.8833641,Dining & Cafes
714,ChIJMbm3n_IJxkcRMqTb9QCge4g,228,0.0124979444170366,"Cafe Gollem, De Pijp",1403,$$$$$$$,Cafe,"[""Cafe""]",bars in de pijp,52.3560964,4.8908784,Dining & Cafes
715,ChIJHxtDV4MJxkcRpxQJdcydURw,228,0.0124979444170366,BAUT Oost,1217,$$,Restaurant,"[""Restaurant""]",bars in oud-oost,52.3546072,4.9126784,Dining & Cafes
716,ChIJ8ZRUM84LxkcRyzPk8PfW6Rw,228,0.0124979444170366,Bastion Hotel Amsterdam Amstel,2374,,Hotel,"[""Hotel"",""Hotel voor langdurig verblijf""]",hotels in bijlmer arena,52.3336607,4.9276234,Hotel
717,ChIJl-w7_cgJxkcRfHbxmZwXWYA,228,0.0124979444170366,Popeye Coffeeshop,1925,$$$$$$$,Koffiebar,"[""Koffiebar""]",cafes in haarlemmerbuurt,52.3799522,4.8928135,Dining & Cafes
718,ChIJK69AQQzixUcRlfwNSRmv3SY,227,0.0124431288713479,"Het Sieraad, Amsterdam",653,,Evenementenlocatie,"[""Evenementenlocatie""]",event venues in de pijp,52.3644916,4.8589103,Event venue
719,ChIJsWBR7kwJxkcRHGethkXs_Nk,227,0.0124431288713479,Van Gogh & Rembrandt in Amsterdam,506,,Toeristische attractie,"[""Toeristische attractie"",""Kunstcentrum""]",tourist attractions in negen straatjes,52.3795189,4.8862997,Cultural & Historic
720,ChIJ_R_GDccJxkcRjIPrA98swRk,227,0.0124431288713479,Rob Wigboldus Vishandel,1431,$$$$$$,Visrestaurant,"[""Visrestaurant"",""Koffiehuis"",""Viswinkel""]",restaurants in de wallen,52.3741861,4.8938745,Dining & Cafes
721,ChIJCaGP47cJxkcR8twLxDlwrKo,227,0.0124431288713479,Cafe De Ster,1121,$$$$$$$,Koffiehuis,"[""Koffiehuis"",""Cafe""]",cafes in de wallen,52.3779678,4.896065699999999,Dining & Cafes
722,ChIJ-8JKljEJxkcRWui9IZA9WVo,227,0.0124431288713479,TAQUERIA LOCAL DEALER FOOD INC.,740,$$,Mexicaans restaurant,"[""Mexicaans restaurant"",""Brunchrestaurant"",""Cocktailbar"",""Afhaalrestaurant"",""Tacorestaurant""]",bars in oud-oost,52.3621628,4.9282819,Dining & Cafes
723,ChIJ3Ux1NrgJxkcRxzK4FJWHvPk,227,0.0124431288713479,China Sichuan Restaurant / Zeedijk,1513,$$$$$$$,Chinees bezorgrestaurant,"[""Chinees bezorgrestaurant"",""Chinees restaurant"",""Restaurant"",""Sichuan-restaurant""]",restaurants in de wallen,52.3738553,4.9003492,Dining & Cafes
724,ChIJqwhUpYgJxkcR_z4UVzTFYFo,227,0.0124431288713479,Pind Punjabi,1201,$$$$$$$,Indiaas restaurant,"[""Indiaas restaurant""]",restaurants in de pijp,52.3495562,4.9037466,Dining & Cafes
726,ChIJb_iqHpUJxkcR-P4pd9CIbFU,226,0.0123883133256591,Tapas Amsterdam Tia Rosa,1118,$$,Tapas restaurant,"[""Tapas restaurant"",""Spaans restaurant"",""Tapasbar""]",bars in de jordaan,52.3643025,4.8962809,Dining & Cafes
727,ChIJofhvrLIJxkcRfsvp9Xfz0kM,226,0.0123883133256591,Davie's Amsterdam,357,$$$$$$$,Restaurant,"[""Restaurant""]",restaurants in de jordaan,52.3755054,4.8808126,Dining & Cafes
728,ChIJXbROsrkJxkcR7q2r1JpovrE,226,0.0123883133256591,Brouwerij De Prael - Bierproeflokaal,4049,$$$$$$$,Restaurant,"[""Restaurant"",""Bar"",""Bierzaal"",""Brouwerij"",""Brouwerijcafe"",""Evenementenlocatie"",""Cafe""]",bars in wallengebied,52.3756047,4.8993874,Dining & Cafes
731,ChIJLzFDGVLixUcR4_WFd6wDeNk,225,0.0123334977799704,Goreme Restaurant,802,$$$$$$$,Restaurant,"[""Restaurant"",""Maaltijdbezorging"",""Afhaalrestaurant"",""Turks restaurant""]",restaurants in sloterdijk,52.3813291,4.8235842,Dining & Cafes
733,ChIJp3YbhbgJxkcRQwpqHN8Y8lc,225,0.0123334977799704,Durty Nellys Irish pub and hostel,1683,,Herberg,"[""Herberg""]",hotels in de wallen,52.3741273,4.8965155,Hotel
734,ChIJU9ZPEO0JxkcRudfaJ9vs7Oo,225,0.0123334977799704,Cafe Berkhout,800,$$$$$$$,Koffiehuis,"[""Koffiehuis"",""Ontbijtrestaurant"",""Eetcafe"",""Lunchrestaurant""]",cafes in de pijp,52.3579347,4.8906834,Dining & Cafes
735,ChIJmzTQmpQJxkcR4UyV4wJ3_u4,225,0.0123334977799704,"Fiaschetteria ""Pistoia""",309,,Italiaans restaurant,"[""Italiaans restaurant""]",restaurants in de jordaan,52.3800201,4.8846112,Dining & Cafes
736,ChIJoUw8jWIJxkcRcTP8YKhJJF4,225,0.0123334977799704,Rise Bakery,482,$$$$$$,Bakkerij,"[""Bakkerij"",""Koffiehuis""]",cafes in de pijp,52.3560554,4.8961991,Dining & Cafes
737,ChIJFdxxhAAKxkcRCQB4teu2dYQ,225,0.0123334977799704,"Coffeeshop ""De Kade""",1024,,Cannabiswinkel,"[""Cannabiswinkel""]",coffeeshops in negen straatjes,52.343483,4.8642756,Cannabisshop
738,ChIJ97k1LLkJxkcRglUIG23Uisc,224,0.0122786822342816,Green Place Coffeeshop Kloveniersburgwal,1198,,Cannabiswinkel,"[""Cannabiswinkel"",""Koffiebar""]",coffeeshops in buikslotermeerplein,52.3721177,4.8992756,Cannabisshop
739,ChIJ9yAzpcYJxkcRadnouM6tu3g,224,0.0122786822342816,W Lounge,819,,Cocktailbar,"[""Cocktailbar"",""Bar"",""Restaurant""]",bars in wallengebied,52.3730213,4.8898397,Dining & Cafes
740,ChIJcxxPGJcLxkcRmGbjx4zJ_7Y,224,0.0122786822342816,Asian Kitchen,1614,$$$$$$$,Aziatisch restaurant,"[""Aziatisch restaurant"",""Chinees noedelrestaurant""]",bars in bijlmer arena,52.3134561,4.9429877,Dining & Cafes
741,ChIJYUEzRrkJxkcRbecAPkzwvYU,223,0.0122238666885928,Cafe Fonteyn,1150,$$$$$$$,Cafe,"[""Cafe"",""Bar""]",bars in nieuwmarkt,52.3723585,4.9009087,Dining & Cafes
742,ChIJZbDDAiMJxkcRHn7rUbJuGNM,223,0.0122238666885928,ARIE,633,$$$$$$$,Restaurant,"[""Restaurant"",""Bar"",""Bistro""]",bars in de pijp,52.3566797,4.8904842,Dining & Cafes
743,ChIJYyFCfc8JxkcRWzud2tTxz3A,223,0.0122238666885928,Restaurant Bleu,1145,$$,Restaurant,"[""Restaurant"",""Eetcafe"",""Haute-cuisinerestaurant"",""Visrestaurant"",""Frans steakhouse restaurant"",""Lunchrestaurant"",""Restaurant voor vleesgerechten"",""Mediterraans restaurant"",""Modern-Europees restaurant"",""Steakhouse""]",restaurants in haarlemmerbuurt,52.3778222,4.8872347,Dining & Cafes
744,ChIJ1QH_1NUJxkcRj8R73zr4tLw,222,0.0121690511429041,Bella Storia,1102,$$$$$$$,Italiaans restaurant,"[""Italiaans restaurant"",""Afhaalrestaurant"",""Pizzeria""]",restaurants in sloterdijk,52.3838013,4.874181399999999,Dining & Cafes
745,ChIJxdCs7poJxkcRkZBW4qk-A5I,222,0.0121690511429041,Loetje Amsterdam Oost,2083,$$$$$$$,Restaurant,"[""Restaurant"",""Steak- en karbonaderestaurant"",""Familierestaurant"",""Restaurant voor vleesgerechten"",""Steakhouse""]",bars in oud-oost,52.3571788,4.9083116,Dining & Cafes
746,ChIJ2z9uuZAJxkcRTdWVTMl58-o,222,0.0121690511429041,Amstel Hotel,1585,,Hotel,"[""Hotel"",""Congrescentrum"",""Trouwlocatie""]",hotels in dapperbuurt,52.3600068,4.9051643,Hotel
748,ChIJ5apPQdsJxkcRkI4MrXpLt6s,221,0.0121142355972153,Indonesisch Restaurant Long Pura,1076,$$,Indonesisch restaurant,"[""Indonesisch restaurant"",""Aziatisch fusion-restaurant"",""Aziatisch restaurant"",""Restaurant""]",restaurants in de jordaan,52.3736798,4.8811089,Dining & Cafes
749,ChIJ1UTIFscJxkcRTjMiVuX6pNM,221,0.0121142355972153,Hotel Amsterdam De Roode Leeuw,968,,Hotel,"[""Hotel""]",hotels in negen straatjes,52.373704,4.893591,Hotel
750,ChIJf1m-ppoJxkcRK95MoODfb9E,221,0.0121142355972153,Beyoglu Restaurant & Cafe,740,$$$$$$$,Mediterraans restaurant,"[""Mediterraans restaurant""]",bars in oosterparkbuurt,52.3572595,4.9137716,Dining & Cafes
751,ChIJtSJSK_MLxkcRQEAKt6XGh4Q,221,0.0121142355972153,Decathlon Arena,2034,,Sportwinkel,"[""Sportwinkel"",""Fietsenmaker"",""Fietsenwinkel"",""Kampeerwinkel"",""Winkel voor visbenodigdheden"",""Fitnesswinkel"",""Hardloopwinkel"",""Skateboardwinkel"",""Skiwinkel"",""Sportkledingwinkel""]",stores in bijlmer arena,52.3131859,4.943617,Shopping
752,ChIJy8k2FukJxkcRxo0X4kT46Wk,220,0.0120594200515266,Taste of Culture,779,$$$$$$$,Chinees restaurant,"[""Chinees restaurant"",""Restaurant""]",restaurants in leidseplein,52.3630556,4.8851191,Dining & Cafes
753,ChIJ6dCrSgwJxkcRYh0z4saEZxQ,220,0.0120594200515266,Euro Pizza Restaurant,456,,Restaurant,"[""Restaurant""]",restaurants in buikslotermeerplein,52.3839406,4.9219912,Dining & Cafes
754,ChIJYRhI9OLjxUcRvHiLOYX9ct8,220,0.0120594200515266,Atilla Turkish Cusine,706,$$$$$$$,Turks restaurant,"[""Turks restaurant""]",restaurants in sloterdijk,52.3781641,4.8407557,Dining & Cafes
755,ChIJwdkA9xQJxkcR1LXiUJYjbcg,219,0.0120046045058378,Mitts Restaurant,692,$$,Restaurant,"[""Restaurant"",""Cocktailbar"",""Mediterraans restaurant"",""Wijnbar""]",bars in indische buurt,52.3638169,4.9335217,Dining & Cafes
756,ChIJXwpkVLgJxkcRwIvphmgLNQg,219,0.0120046045058378,Cafe Centraal Bar,1250,$$$$$$$,Bar,"[""Bar"",""Koffiehuis"",""Cafe""]",bars in nieuwmarkt,52.3747887,4.899060899999999,Dining & Cafes
757,ChIJTxF9UsEJxkcR0CrdTTcgcUs,218,0.011949788960149,Cafe Schuim,1199,$$$$$$$,Bar & Grill,"[""Bar & Grill""]",bars in 9 straatjes,52.3719981,4.889630299999999,Dining & Cafes
758,ChIJr9XfzXMJxkcRds-30Cw5Fh0,217,0.0118949734144603,La Condesa Taqueria,481,$$$$$$$,Restaurant,"[""Restaurant""]",restaurants in negen straatjes,52.3709193,4.8873576,Dining & Cafes
759,ChIJhY24W5UJxkcRE2HKeWJaX8Q,217,0.0118949734144603,Flying Tiger Copenhagen,1495,,Cadeauwinkel,"[""Cadeauwinkel"",""Winkel met accessoires voor mobiele telefoons"",""Prijsvechter"",""Winkel in modeaccessoires"",""Meubelaccessoires"",""Woonwinkel"",""Bouwmarkt"",""Feestwinkel"",""Kantoorboekhandel"",""Speelgoedwinkel""]",stores in de rembrandtplein,52.3662168,4.8956144,Shopping
760,ChIJz-rWtccJxkcRzjdzVuhbqJA,217,0.0118949734144603,Cafe Restaurant Verlan,451,,Restaurant,"[""Restaurant""]",restaurants in negen straatjes,52.3715741,4.8832418,Dining & Cafes
761,ChIJT9Cn8jfjxUcRr1YtflYhHVc,217,0.0118949734144603,Ekmekci Bos en Lommerplein,1080,$$$$$$$,Restaurant,"[""Restaurant""]",restaurants in sloterdijk,52.3785533,4.8457572,Dining & Cafes
762,ChIJTTHhnycIxkcRdRQBCrr_7AY,216,0.0118401578687715,Moxy Amsterdam Houthavens,1558,,Hotel,"[""Hotel"",""Planning van vergaderingen"",""Trouwlocatie""]",hotels in sloterdijk,52.4014948,4.8750142,Hotel
763,ChIJYzzNrfQJxkcROs4U-vzMoq8,216,0.0118401578687715,Loetje Amsterdam de Pijp,1496,$$,Restaurant,"[""Restaurant"",""Steak- en karbonaderestaurant"",""Familierestaurant"",""Restaurant voor vleesgerechten"",""Steakhouse""]",restaurants in de pijp,52.3503239,4.891301299999999,Dining & Cafes
764,ChIJ8w6Rg1nixUcRFxe0quvaP2U,215,0.0117853423230828,Urban Lodge Hotel,2115,,Hotel,"[""Hotel""]",hotels in museumkwartier,52.385546,4.834622,Hotel
765,ChIJZX7XhLgJxkcRatingmb6tAA,215,0.0117853423230828,St Christopher's Inn The Winston,2042,,Herberg,"[""Herberg"",""Hotel""]",hotels in de wallen,52.373999,4.8962872,Hotel
767,ChIJG9IvJ0gJxkcRtwco9_-FEug,215,0.0117853423230828,Yakitori HANABi,437,$$$$$$$,Yakitori-restaurant,"[""Yakitori-restaurant""]",restaurants in leidseplein,52.3647122,4.8827509,Dining & Cafes
768,ChIJI9r5F1QJxkcRhS523hjSxnc,214,0.011730526777394,Sins of Sal,334,$$,Cocktailbar,"[""Cocktailbar"",""Latijns-Amerikaans restaurant"",""Wijnbar""]",bars in haarlemmerbuurt,52.3787541,4.8839722,Dining & Cafes
769,ChIJGb9v0oAJxkcRi95rEb68F7U,214,0.011730526777394,Cafe Vrijdag,1584,$$$$$$$,Restaurant,"[""Restaurant"",""Koffiehuis""]",cafes in zuidas,52.3466667,4.911111099999999,Dining & Cafes
770,ChIJMxnKT8gJxkcRzU8RA4ssfdw,214,0.011730526777394,Cafe Kobalt,1609,$$$$$$$,Restaurant,"[""Restaurant""]",bars in haarlemmerbuurt,52.3795194,4.8942994,Dining & Cafes
772,ChIJpdtTtGXhxUcRj3GVCmqqNo0,214,0.011730526777394,De Patatzaak,1149,$$$$$$,Snackbar,"[""Snackbar""]",restaurants in osdorpplein,52.3413572,4.7925305,Dining & Cafes
773,ChIJPcnUmWjixUcRizUL6agVtvU,214,0.011730526777394,Birtat Restaurant,1411,$$$$$$$,Turks restaurant,"[""Turks restaurant""]",restaurants in sloterdijk,52.3786088,4.8482249,Dining & Cafes
774,ChIJ8ZNGAgjixUcR9oPQG-FLNUk,213,0.0116757112317053,Vondelpark Openluchttheater,1662,,Theater,"[""Theater""]",event venues in vondelpark,52.3584457,4.871018299999999,Event venue
775,ChIJBWJ5NSoJxkcRTnKiY29yqzw,213,0.0116757112317053,Kikkie van de Prinsensluis,442,$$$$$$$,Eetcafe,"[""Eetcafe""]",restaurants in haarlemmerbuurt,52.3780471,4.8865777,Dining & Cafes
776,ChIJmwwwRA_ixUcRpPzmP7TtcbM,213,0.0116757112317053,Gustatio oud west,1005,$$$$$$$,Italiaans restaurant,"[""Italiaans restaurant""]",restaurants in vondelpark,52.358455,4.858806,Dining & Cafes
777,ChIJUQbHQ7kJxkcRhGvmZfXVAaM,213,0.0116757112317053,Cafe Stevens,1109,$$$$$$$,Eetcafe,"[""Eetcafe"",""Bar"",""Restaurant""]",cafes in de wallen,52.372842,4.9011251,Dining & Cafes
778,ChIJ35H6tMQJxkcRBKR7oU3makc,213,0.0116757112317053,Amigo Grill Restaurant,1322,$$$$$$$,Argentijns restaurant,"[""Argentijns restaurant"",""Bar & Grill"",""Pizzeria"",""Steakhouse""]",restaurants in de jordaan,52.3736532,4.8826525,Dining & Cafes
779,ChIJIQQtRLgJxkcRHk6_gQpoO3s,213,0.0116757112317053,Seafood Bistro Amsterdam,1006,$$$$$$$,Visrestaurant,"[""Visrestaurant""]",restaurants in de wallen,52.3754861,4.898427799999999,Dining & Cafes
780,ChIJ7dwIk8YJxkcRuxiiMOudWl0,212,0.0116208956860165,Hotel Die Port van Cleve,1436,,Hotel,"[""Hotel"",""Ontbijtrestaurant"",""Monument"",""Restaurant""]",hotels in de wallen,52.3740512,4.8906021,Hotel
781,ChIJ_WN5MBXixUcRa_6cVgYum7k,211,0.0115660801403277,Floor17,1133,$$$,Restaurant,"[""Restaurant"",""Bar"",""Cocktailbar"",""Dj""]",bars in sloterdijk,52.36813,4.844072,Dining & Cafes
782,ChIJB-yTpF4JxkcRihSLj0bEBiM,211,0.0115660801403277,Restaurant Black and Blue - Reguliersdwarsstraat,452,$$,Restaurant,"[""Restaurant"",""Eetcafe"",""Haute-cuisinerestaurant"",""Lunchrestaurant"",""Modern-Europees restaurant"",""Steakhouse""]",restaurants in negen straatjes,52.3663237,4.890756,Dining & Cafes
783,ChIJsY8odsgJxkcRX1QkUoMSOKk,211,0.0115660801403277,Bitterzoet,1471,,Club,"[""Club"",""Concertzaal"",""Discotheek"",""Locatie voor live muziek"",""Nachtclub""]",night clubs in amsterdam,52.377392,4.89413,Entertainment & Nightlife
784,ChIJRRZ4xUMLxkcR4tUGaJfy7F0,210,0.011511264594639,Nela Restaurant,455,$$$$$$,Restaurant,"[""Restaurant""]",bars in zuid,52.3374257,4.8773086,Dining & Cafes
785,ChIJO0hQNvMJxkcR4EARJaFExdg,210,0.011511264594639,easyHotel Amsterdam City Centre,2302,,Hotel,"[""Hotel""]",hotels in bijlmer arena,52.3522896,4.8916618,Hotel
786,ChIJD5pd5rsJxkcRaR8JpvC76is,210,0.011511264594639,Lido Bar & Kitchen,449,$$$$$$$,Restaurant,"[""Restaurant""]",bars in leidseplein,52.362389,4.882001,Dining & Cafes
787,ChIJ6aWA3ssJxkcRr-roXgFOyi8,210,0.011511264594639,Restaurant Wolf Atelier,1207,$$$$$$,Restaurant,"[""Restaurant""]",restaurants in haarlemmerbuurt,52.3830859,4.8924236,Dining & Cafes
788,ChIJQ5Fp_sEJxkcR0GTPNdIhyrA,210,0.011511264594639,Herengracht,1461,$$,Restaurant,"[""Restaurant"",""Bar"",""Nederlands restaurant""]",restaurants in negen straatjes,52.3671625,4.8884177,Dining & Cafes
789,ChIJ5RtU72oJxkcRJMGn_KxPy9A,209,0.0114564490489502,Verena Restaurant,797,$$$$$$$,Italiaans restaurant,"[""Italiaans restaurant""]",restaurants in nieuwmarkt,52.3703741,4.9110042,Dining & Cafes
790,ChIJmWAI6a8JxkcR-gSomKoa6Sw,209,0.0114564490489502,Le French Cafe - Javastraat,347,,Restaurant,"[""Restaurant""]",bars in indische buurt,52.3635145,4.9334488,Dining & Cafes
791,ChIJGa4H2sUJxkcRBbWOt9x4_tk,209,0.0114564490489502,Amnesia Cannabis THC Dispensary,2694,$$,Cannabiswinkel,"[""Cannabiswinkel"",""Koffiehuis""]",cafes in haarlemmerbuurt,52.3755356,4.8890924,Cannabisshop
792,ChIJE5NsV5ALxkcRTf6QVW4ZfnU,209,0.0114564490489502,Brasserie Hoekenrode,1041,$$$$$$$,Restaurant,"[""Restaurant"",""Koffiehuis""]",bars in bijlmer arena,52.3131046,4.9482374,Dining & Cafes
793,ChIJ8eFv0dHjxUcRGp7zNCdKpbw,209,0.0114564490489502,Citiez Hotel Amsterdam,1495,,Hotel,"[""Hotel""]",hotels in osdorpplein,52.3592529,4.8041311,Hotel
794,ChIJ9dfSNIYLxkcR7ieYXoAeEQM,209,0.0114564490489502,The Traveller Zuidoost,675,$$,Restaurant,"[""Restaurant"",""Bar""]",bars in bijlmer arena,52.3149006,4.9504939,Dining & Cafes
795,ChIJC16wJI8JxkcRnPMU485Gv2Q,209,0.0114564490489502,Noori Fusion,413,,Sushirestaurant,"[""Sushirestaurant"",""Aziatisch fusion-restaurant"",""Indiaas restaurant"",""Japans restaurant"",""Sushi takeaway""]",restaurants in leidseplein,52.3649607,4.8830043,Dining & Cafes
797,ChIJVVVxlCoKxkcR6Dsy49SRGcE,208,0.0114016335032615,Ode aan de Amstel,443,,Restaurant,"[""Restaurant"",""Bar"",""Koffiehuis""]",bars in oud-oost,52.3434384,4.914918,Dining & Cafes
798,ChIJm-3KVMcJxkcRJ7gSEPWq2s0,208,0.0114016335032615,Argentinos,1702,$$$$$$$,Argentijns restaurant,"[""Argentijns restaurant"",""Steakhouse""]",restaurants in de wallen,52.3719235,4.895186499999999,Dining & Cafes
799,ChIJ-ZRrbQYJxkcRdrxOtkANF4M,208,0.0114016335032615,Steak Club Leidse,790,$$,Steakhouse,"[""Steakhouse"",""Bar"",""Club"",""Restaurant""]",bars in leidseplein,52.3635586,4.8836775,Dining & Cafes
800,ChIJ1SWGspQJxkcRiv7l-usVSBU,208,0.0114016335032615,Houseboat Museum,1162,,Museum,"[""Museum"",""Streekmuseum"",""Historisch museum"",""Lokaal historisch museum"",""Maritiem museum"",""Excursiebedrijf"",""Toeristische attractie""]",tourist attractions in negen straatjes,52.3700159,4.8823463,Cultural & Historic
801,ChIJO8KiX8MJxkcRhXshm_C99Mo,208,0.0114016335032615,PLUK Berenstraat Amsterdam,1906,$$$$$$$,Restaurant,"[""Restaurant"",""Koffiebar"",""Health Food-restaurant""]",restaurants in negen straatjes,52.3703059,4.8834783,Dining & Cafes
803,ChIJ5X98VI0JxkcRnpR0gFR5AQg,208,0.0114016335032615,PILSVOGEL,953,$$$$$$$,Eetcafe,"[""Eetcafe"",""Restaurant""]",bars in de pijp,52.3558443,4.8927777,Dining & Cafes
804,ChIJEf2gWOgJxkcRevGwnHGDgWg,208,0.0114016335032615,Hoopman,1463,$$$$$$$,Ierse pub,"[""Ierse pub""]",bars in leidseplein,52.3645953,4.8830078,Dining & Cafes
805,ChIJD_tjOBILxkcRlImDYGgPWSE,208,0.0114016335032615,BLVD 020,1073,$$$$$$$,Restaurant,"[""Restaurant""]",bars in bijlmer arena,52.312958,4.9436197,Dining & Cafes
806,ChIJB5j6Q5QJxkcRS-7zRxQeqww,208,0.0114016335032615,De Margaritabar,472,,Restaurant,"[""Restaurant"",""Bar""]",bars in leidseplein,52.3634851,4.8854103,Dining & Cafes
807,ChIJI6lxduYJxkcRBkKZxDTOlus,207,0.0113468179575727,Leonardo Hotel Amsterdam City Center,1685,,Hotel,"[""Hotel""]",hotels in museumkwartier,52.3621739,4.8781702,Hotel
808,ChIJ97iUeo4LxkcRjdpXWqxNJDc,207,0.0113468179575727,Kam Yin,961,$$$$$$$,Surinaams restaurant,"[""Surinaams restaurant""]",restaurants in bijlmer arena,52.3156717,4.955301899999999,Dining & Cafes
809,ChIJTz9j_cgJxkcRHmTGGEXPMPw,207,0.0113468179575727,Coffeeshop Amsterdam,2144,,Cannabiswinkel,"[""Cannabiswinkel"",""Koffiebar""]",coffeeshops in negen straatjes,52.3800848,4.8929082,Cannabisshop
810,ChIJK_XmVugJxkcRA0jpLtbXTOQ,207,0.0113468179575727,Maoz Vegan,1174,$$$$$$,Vegetarisch restaurant,"[""Vegetarisch restaurant""]",restaurants in leidseplein,52.3647787,4.8841725,Dining & Cafes
811,ChIJDY8OYsMJxkcRNqaKHHoTNFQ,207,0.0113468179575727,Pulitzer Amsterdam,2063,,Hotel,"[""Hotel""]",hotels in negen straatjes,52.373038,4.8833892,Hotel
812,ChIJX0Cc7eYJxkcRVu1PePBPfU4,207,0.0113468179575727,PLUK Amsterdam,475,$$$$$$$,Restaurant,"[""Restaurant"",""Koffiebar"",""Winkel""]",restaurants in negen straatjes,52.3723303,4.883761499999999,Dining & Cafes
813,ChIJC83Lp7kJxkcR6e4dkMmc6fQ,206,0.011292002411884,Mata Hari,1703,$$,Restaurant,"[""Restaurant"",""Bar"",""Bistro""]",bars in wallengebied,52.3746613,4.90013,Dining & Cafes
814,ChIJy8OzLckJxkcRG4pGVAsXjWM,206,0.011292002411884,Barney's Uptown Amsterdam,1689,$$$$$$$,Bar,"[""Bar"",""Cafetaria"",""Restaurant""]",bars in haarlemmerbuurt,52.380656,4.890534,Dining & Cafes
815,ChIJ_bBss3YJxkcRFejJ1Asz9dM,206,0.011292002411884,The Manor Amsterdam,1652,,Hotel,"[""Hotel"",""Bar"",""Restaurant""]",hotels in negen straatjes,52.3591453,4.9263607,Hotel
816,ChIJQVp5vOkJxkcRyFX8xDVao2I,206,0.011292002411884,Club Church,796,,Club,"[""Club"",""Homobar"",""Gaynachtclub"",""Cafe""]",night clubs in amsterdam,52.365254,4.885574999999999,Entertainment & Nightlife
817,ChIJUWhyDW3ixUcRRrcJecUi82U,206,0.011292002411884,Bar Baarsch,1122,$$$$$$$,Restaurant,"[""Restaurant""]",restaurants in sloterdijk,52.3704424,4.8535769,Dining & Cafes
818,ChIJbypb4NHjxUcRmwMOWaOx7Io,206,0.011292002411884,McDonald's Amsterdam Osdorp,1023,$$$$$$,Hamburgerrestaurant,"[""Hamburgerrestaurant"",""Familierestaurant"",""Snackbar"",""Afhaalrestaurant"",""Restaurant""]",bars in osdorpplein,52.3596133,4.8052078,Dining & Cafes
819,ChIJOwztOYcJxkcRz7E1pwJXyqk,205,0.0112371868661952,Bar Bellini,355,,Restaurant,"[""Restaurant"",""Bar"",""Eetcafe"",""Italiaans restaurant"",""Lunchrestaurant""]",bars in museumkwartier,52.3562747,4.890877199999999,Dining & Cafes
820,ChIJBfjiWcgJxkcRbUFoMVUlgxI,205,0.0112371868661952,Neuf Amsterdam,978,$$,Frans restaurant,"[""Frans restaurant""]",bars in haarlemmerbuurt,52.3793325,4.8936765,Dining & Cafes
821,ChIJr2DprYoJxkcRCcEM0BM26aA,204,0.0111823713205064,Vinnies,627,$$$$$$$,Lunchrestaurant,"[""Lunchrestaurant"",""Ontbijtrestaurant"",""Koffiebar""]",cafes in zuidas,52.3461254,4.8913307,Dining & Cafes
822,ChIJlavM7LkJxkcRoBELDXmPMlY,204,0.0111823713205064,Hotel MAI Amsterdam,762,,Hotel,"[""Hotel"",""Aziatisch restaurant""]",hotels in negen straatjes,52.3754438,4.901445799999999,Hotel
824,ChIJwxKbZAXixUcRZppEUWVbuYs,204,0.0111823713205064,Conscious Hotel Amsterdam City (The Tire Station),1232,,Hotel,"[""Hotel""]",hotels in sloterdijk,52.3572817,4.8553934,Hotel
825,ChIJvSIqq8AJxkcRxrsFRe5vGeY,204,0.0111823713205064,The Mexican,1343,$$$$$$$,Mexicaans restaurant,"[""Mexicaans restaurant"",""Restaurant"",""Tacorestaurant""]",restaurants in de wallen,52.3722646,4.8943849,Dining & Cafes
826,ChIJ__8sMbgJxkcRPntXLPqr4LI,203,0.0111275557748177,THIS HO(S)TEL,667,,Herberg,"[""Herberg""]",hotels in de wallen,52.3762445,4.8990423,Hotel
827,ChIJsy_fhZUJxkcRoqW4Hkfe5IA,203,0.0111275557748177,wagamama,1775,$$$$$$$,Aziatisch restaurant,"[""Aziatisch restaurant"",""Aziatisch fusion-restaurant"",""Japans restaurant"",""Ramen-noedelrestaurant"",""Restaurant"",""Thais restaurant""]",restaurants in rembrandtplein,52.3661734,4.898560499999999,Dining & Cafes
828,ChIJ5cAsnpUJxkcRFmdVohavWrk,203,0.0111275557748177,Hunter's Coffeeshop Amsterdam Centrum,1389,$$,Cannabiswinkel,"[""Cannabiswinkel"",""Koffiebar"",""Wietshop""]",coffeeshops in negen straatjes,52.3654954,4.8975366,Cannabisshop
829,ChIJhaPR903jxUcRqFgPJQ2Ppt0,203,0.0111275557748177,Erasmuspark,931,,Park,"[""Park""]",parks in negen straatjes,52.3746222,4.851553099999999,Green Recreation
830,ChIJGW-Q2sIJxkcRZpXlXgtlQHM,202,0.0110727402291289,Cafe Garcon,412,,Frans restaurant,"[""Frans restaurant""]",bars in museumkwartier,52.3543966,4.8722265,Dining & Cafes
831,ChIJQy6Vf9oJxkcRUSPPkDZ3954,202,0.0110727402291289,The Good Companion,819,$$,Visrestaurant,"[""Visrestaurant"",""Bar"",""Fish & chips-restaurant"",""Oesterbar"",""Restaurant"",""Wijnbar""]",restaurants in de jordaan,52.3778848,4.879792699999999,Dining & Cafes
832,ChIJV-jqPbkJxkcRkAPVfQnBy_w,202,0.0110727402291289,Coffeeshop De Jolly Joker,1553,,Cannabiswinkel,"[""Cannabiswinkel"",""Koffiehuis""]",coffeeshops in buikslotermeerplein,52.373047,4.9001559,Cannabisshop
833,ChIJSeBqvvEJxkcRgNd_D_BQv3Q,202,0.0110727402291289,Corner Bakery,1398,$$$$$$$,Ontbijtrestaurant,"[""Ontbijtrestaurant"",""Bakkerij"",""Koffiebar"",""Lunchrestaurant""]",restaurants in museumkwartier,52.3547191,4.8840308,Dining & Cafes
834,ChIJ9ZHtVLgJxkcRtJ6Wv-VGggQ,202,0.0110727402291289,Erotic Museum,2602,,Museum,"[""Museum"",""Toeristische attractie""]",museums in negen straatjes,52.3739104,4.8992368,Cultural & Historic
835,ChIJgcwage8JxkcRB7M88hwsn70,202,0.0110727402291289,Hotel Van Gogh,1373,,Hotel,"[""Hotel""]",hotels in bijlmer arena,52.3592489,4.880069499999999,Hotel
836,ChIJ_W7OyNULxkcRNZLem8QpvAk,202,0.0110727402291289,The Traveller Zuid,366,,Restaurant,"[""Restaurant""]",restaurants in zuidas,52.3434562,4.8901164,Dining & Cafes
838,ChIJj8-AdhwJxkcRo_voTs7NCFE,202,0.0110727402291289,Fuku Ramen,272,,Restaurant,"[""Restaurant""]",restaurants in indische buurt,52.3552595,4.9258048,Dining & Cafes
840,ChIJ913hXX3jxUcR6qANCnBHMOA,201,0.0110179246834402,No Man's Art Gallery & de bar,542,$$$$$$$,Restaurant,"[""Restaurant"",""Kunstgalerie"",""Ontbijtrestaurant"",""Brunchrestaurant"",""Koffiehuis"",""Museum""]",cafes in sloterdijk,52.3824293,4.8552896,Dining & Cafes
842,ChIJV-yJtXoJxkcRFS5up1xkens,201,0.0110179246834402,Elsa's Cafe,996,$$,Restaurant,"[""Restaurant"",""Bar"",""Koffiehuis"",""Nederlands restaurant"",""Jazzclub""]",bars in museumkwartier,52.3531861,4.931966699999999,Dining & Cafes
843,ChIJd9K1rcUJxkcR5mDqU_cw4tI,201,0.0110179246834402,De Luwte,800,$$$,Restaurant,"[""Restaurant"",""Nederlands restaurant"",""Brasserie""]",restaurants in negen straatjes,52.3752507,4.8868501,Dining & Cafes
844,ChIJ380jGkUJxkcR7hxcS0XJTRk,201,0.0110179246834402,The Lebanese Sajeria Haarlemmerstraat,427,$$$$$$$,Restaurant,"[""Restaurant"",""Libanees restaurant"",""Afhaalrestaurant""]",bars in haarlemmerbuurt,52.3801942,4.8925389,Dining & Cafes
845,ChIJqVNOoGwJxkcR_-mCTqkhKCE,201,0.0110179246834402,restaurant Wilde Zwijnen,1259,$$,Restaurant,"[""Restaurant""]",bars in indische buurt,52.3635846,4.9404468,Dining & Cafes
847,ChIJAQDAttYLxkcRIrFRzxtbtMQ,201,0.0110179246834402,A Beautiful Mess - Amsterdam,637,$$$$$$$,Restaurant,"[""Restaurant"",""Cocktailbar"",""Halal-restaurant"",""Midden-Oosters restaurant"",""Vegetarisch restaurant""]",bars in bijlmer arena,52.3759157,4.9105392,Dining & Cafes
848,ChIJFS4HyLkJxkcRoMP5yz4NcJ4,200,0.0109631091377514,Restaurant de Haven van Texel,1037,$$$$$$$,Bistro,"[""Bistro"",""Restaurant""]",restaurants in de wallen,52.3758233,4.900238,Dining & Cafes
849,ChIJv4Nts7wJxkcRk3PpdJb4-J4,200,0.0109631091377514,"Holiday Inn Express Amsterdam - City Hall, an IHG Hotel",1079,,Hotel,"[""Hotel"",""Congrescentrum"",""Trouwlocatie""]",hotels in dapperbuurt,52.3704059,4.9083648,Hotel
850,ChIJw0-tDsAJxkcRaW2mhNKHU0Y,200,0.0109631091377514,De L'Europe Amsterdam,1904,,Hotel,"[""Hotel""]",hotels in negen straatjes,52.3675112,4.8942865,Hotel
851,ChIJ4QUYPPAIxkcR5cRdIufWpjk,200,0.0109631091377514,KFC,825,$$$$$$$,Snackbar,"[""Snackbar"",""Amerikaans restaurant"",""Kiprestaurant"",""Familierestaurant"",""Maaltijdbezorging"",""Afhaalrestaurant"",""Restaurant"",""Restaurant met kleine porties""]",bars in buikslotermeerplein,52.3977873,4.9378399,Dining & Cafes
852,ChIJXxt1qwTixUcR2LqiCWtoZyU,200,0.0109631091377514,Stadscafe Van Mechelen,1322,$$,Gastropub,"[""Gastropub"",""Koffiehuis"",""Cafe""]",cafes in vondelpark,52.3527298,4.8524728,Dining & Cafes
853,ChIJEZjpLbgJxkcRJg3H6RewsYE,200,0.0109631091377514,Dwaze Zaken,1238,$$$$$$$,Eetcafe,"[""Eetcafe"",""Bistro"",""Ontbijtrestaurant"",""Koffiebar"",""Lunchrestaurant"",""Restaurant"",""Brasserie""]",cafes in de wallen,52.3765423,4.8993207,Dining & Cafes
854,ChIJq3BhJObjxUcRws5XzK1LVDA,199,0.0109082935920627,Nike Factory Store Amsterdam,1650,,Sportwinkel,"[""Sportwinkel"",""Kledingwinkel"",""Schoenenwinkel"",""Sportkledingwinkel""]",stores in osdorpplein,52.3601816,4.7818825,Shopping
855,ChIJy6c7h5wJxkcRrPbBc-EP7dk,199,0.0109082935920627,4850,748,$$$$$$,Restaurant,"[""Restaurant"",""Wijnbar""]",bars in museumkwartier,52.3577937,4.913378,Dining & Cafes
856,ChIJ6ff6-ssJxkcRE6xkV5nRsKA,199,0.0109082935920627,Cafe Restaurant Hoogendam,1064,$$,Restaurant,"[""Restaurant"",""Bar"",""Koffiehuis"",""Cafe""]",bars in haarlemmerbuurt,52.3834114,4.8915601,Dining & Cafes
857,ChIJXxMBZi0KxkcRC9EaMAr3jzo,199,0.0109082935920627,Van der Valk Hotel Amsterdam - Amstel,1950,,Hotel,"[""Hotel"",""Bar"",""Conferentiecentrum"",""Laadstation voor elektrische voertuigen"",""Evenementenlocatie"",""Multifunctionele ruimte"",""Parkeerplaats"",""Restaurant""]",hotels in bijlmer arena,52.3332259,4.9147943,Hotel
858,ChIJIQnErRQJxkcRbOaQcd6oetc,198,0.0108534780463739,Coffeeshop The Stud,2558,,Cannabiswinkel,"[""Cannabiswinkel""]",coffeeshops in dapperbuurt,52.3587976,4.9410105,Cannabisshop
859,ChIJmZyUWpYJxkcRDG98IK0_bf4,198,0.0108534780463739,Brasserie Lolita,609,$$,Restaurant,"[""Restaurant"",""Frans restaurant"",""Lunchrestaurant"",""Brasserie""]",restaurants in de pijp,52.3555364,4.890289,Dining & Cafes
860,ChIJ_dZhWgUKxkcRpOz1cKJp-vs,198,0.0108534780463739,Crowne Plaza Amsterdam - South,1685,,Hotel,"[""Hotel"",""Congrescentrum"",""Trouwlocatie""]",hotels in negen straatjes,52.335791,4.8745579,Hotel
861,ChIJK39fmCkJxkcRxt21ASTaUN8,198,0.0108534780463739,Coffeeshop Sativa Amsterdam,517,,Cannabiswinkel,"[""Cannabiswinkel""]",coffeeshops in haarlemmerbuurt,52.3746176,4.8902468,Cannabisshop
862,ChIJ29HIP20JxkcR5fR0alvUGz0,198,0.0108534780463739,Bar Basquiat,1094,$$$$$$$,Restaurant,"[""Restaurant"",""Bar"",""Brunchrestaurant"",""Cocktailbar"",""Lunchrestaurant""]",bars in museumkwartier,52.3636223,4.935834,Dining & Cafes
863,ChIJWyCxX-gJxkcRkUmcs2uB-5U,198,0.0108534780463739,Boom Chicago,1681,,Comedyclub,"[""Comedyclub"",""Bar"",""Evenementenlocatie"",""Theater"",""Toeristische attractie""]",event venues in leidseplein,52.3728574,4.8790169,Entertainment & Nightlife
865,ChIJI6yhZQ_ixUcRl99QUxGvgXE,197,0.0107986625006851,Parallel Amsterdam,887,$$,Spaans restaurant,"[""Spaans restaurant"",""Wijnbar""]",bars in vondelpark,52.3581278,4.857525,Dining & Cafes
866,ChIJWV90XbgJxkcRW73F8XOctnk,197,0.0107986625006851,De Bakkerswinkel Centrum,905,$$$$$$$,Restaurant,"[""Restaurant""]",restaurants in de wallen,52.3750867,4.8979363,Dining & Cafes
867,ChIJKYp_RJUJxkcRYlDySXnEmm8,197,0.0107986625006851,La Madonnina,2193,$$$$$$$,Italiaans restaurant,"[""Italiaans restaurant""]",bars in rembrandtplein,52.3659266,4.8954988,Dining & Cafes
868,ChIJgyW5V-EJxkcRls3CQsa8ebA,197,0.0107986625006851,Gollem's Proeflokaal,1625,$$$$$$$,Eetcafe,"[""Eetcafe"",""Cafe"",""Restaurant""]",bars in museumkwartier,52.3623389,4.8729917,Dining & Cafes
869,ChIJAwdCLLkJxkcRFdfSU_U6Ihw,197,0.0107986625006851,De Bekeerde Suster,1432,$$$$$$$,Brouwerijcafe,"[""Brouwerijcafe"",""Brouwerij"",""Eetcafe"",""Cafe"",""Restaurant"",""Steakhouse""]",bars in wallengebied,52.3720689,4.8992417,Dining & Cafes
870,ChIJqUWM-yMJxkcRsyaAhM0-6ac,197,0.0107986625006851,Bella ciao Amsterdam,866,$$$$$$$,Pizzeria,"[""Pizzeria"",""Carvery"",""Kiprestaurant"",""Hamburgerrestaurant"",""Noedelwinkel""]",restaurants in nieuwmarkt,52.3733611,4.9004562,Dining & Cafes
871,ChIJtyeHUcMJxkcRXOeW2AMi7sA,196,0.0107438469549964,Rainarai Prinsengracht,1216,$$$$$$$,Noord-Afrikaans restaurant,"[""Noord-Afrikaans restaurant""]",restaurants in de jordaan,52.3720163,4.8825538,Dining & Cafes
872,ChIJK0mKqegJxkcRe2a0RJmvg60,196,0.0107438469549964,Midtown Grill,963,$$$,Steakhouse,"[""Steakhouse"",""Restaurant""]",restaurants in leidseplein,52.3624697,4.8802175,Dining & Cafes
873,ChIJ00q9ZYgJxkcRw2ZA_4MHFu8,196,0.0107438469549964,Cafecito,412,$$$$$$,Koffiebar,"[""Koffiebar"",""Koffiemachineleverancier"",""Koffiebranders"",""Koffiewinkel"",""Koffiegroothandel"",""Espressobar""]",cafes in museumkwartier,52.3542065,4.8816198,Dining & Cafes
874,ChIJ0W63_cgJxkcRI3lohqHmOtU,195,0.0106890314093076,Klaproos Amsterdam,642,$$,Pizzeria,"[""Pizzeria""]",restaurants in buikslotermeerplein,52.3936514,4.911982699999999,Dining & Cafes
875,ChIJ___j3fkJxkcRlo27mNOIFtU,195,0.0106890314093076,Ferilli's Caffe Ristorante,611,,Italiaans restaurant,"[""Italiaans restaurant"",""Bar"",""Espressobar"",""Restaurant""]",restaurants in sloterdijk,52.3499857,4.8778676,Dining & Cafes
876,ChIJ-_VFLbgJxkcR6Io_ONVcqX0,195,0.0106890314093076,Hotel Prins Hendrik,1050,,Hotel,"[""Hotel"",""Bar"",""Ontbijtrestaurant"",""Restaurant""]",hotels in de wallen,52.3765275,4.8995948,Hotel
877,ChIJOxJ6fcIJxkcRa3kbCQlhPs8,195,0.0106890314093076,"Huis Marseille, Museum for Photography",1244,,Kunstmuseum,"[""Kunstmuseum"",""Boekwinkel"",""Film- en fotografiebibliotheek"",""Tuin""]",museums in negen straatjes,52.3676378,4.8848239,Cultural & Historic
878,ChIJ7-RL38MJxkcRpCx1xAEjo5I,195,0.0106890314093076,Hotel Estherea,1492,,Congrescentrum,"[""Congrescentrum"",""Multifunctionele ruimte"",""Hotel""]",hotels in negen straatjes,52.3705447,4.8886439,Conference
879,ChIJYc76f7YJxkcRQBxfEzOpL8o,195,0.0106890314093076,Oh My Bun! Rembrandt,361,$$$$$$$,Hamburgerrestaurant,"[""Hamburgerrestaurant"",""Snackbar"",""Restaurant""]",bars in rembrandtplein,52.3664055,4.895033,Dining & Cafes
880,ChIJ8z35rcEJxkcRDo_fje2MgiY,194,0.0106342158636189,Lova - All Day Brunch & Breakfast,321,$$$$$$$,Brunchrestaurant,"[""Brunchrestaurant"",""Bakkerij"",""Ontbijtrestaurant"",""Koffiehuis"",""Koffiebar"",""Espressobar"",""Health Food-restaurant"",""Lunchrestaurant"",""Banketbakker"",""Patisserie""]",cafes in haarlemmerbuurt,52.3841947,4.8846434,Dining & Cafes
881,ChIJVbi1y3YJxkcR-fwDKsrgQ7k,194,0.0106342158636189,Freddy Fryday,830,$$$$$$$,Snackbar,"[""Snackbar""]",bars in oosterparkbuurt,52.3585401,4.9260112,Dining & Cafes
882,ChIJ734ObuUJxkcRRvdj29-GlwI,194,0.0106342158636189,Conservatorium Hotel,1625,,Hotel,"[""Hotel""]",hotels in museumkwartier,52.3585521,4.8794723,Hotel
883,ChIJtW22IK_jxUcR0I6IaaQ52zI,194,0.0106342158636189,Kaap West,516,$$,Restaurant,"[""Restaurant""]",bars in osdorpplein,52.3607027,4.8086966,Dining & Cafes
884,ChIJP5ZYwPMJxkcRA5aJSYHIAIw,194,0.0106342158636189,Sir Pita,1350,$$$$$$$,Midden-Oosters restaurant,"[""Midden-Oosters restaurant"",""Broodjeswinkel""]",restaurants in de pijp,52.3525203,4.8868999,Dining & Cafes
885,ChIJ2dyrSOkJxkcRMFoc59_dWjk,194,0.0106342158636189,Shiraz Jardin des Vins,760,$$,Wijnbar,"[""Wijnbar""]",bars in 9 straatjes,52.3623729,4.8858728,Dining & Cafes
886,ChIJY4TmxfQJxkcRLzOr1jCUzag,193,0.0105794003179301,Cabron,534,$$$$$$$,Tacorestaurant,"[""Tacorestaurant""]",restaurants in de pijp,52.3557352,4.8948373,Dining & Cafes
887,ChIJ1RwvWe4JxkcRRDkroDqK3I8,193,0.0105794003179301,Cobra Cafe,1271,$$$$$$$,Koffiehuis,"[""Koffiehuis""]",bars in museumkwartier,52.3589101,4.8843636,Dining & Cafes
888,ChIJg3dDsvIJxkcRFQ5RmzuG4hM,193,0.0105794003179301,The Butcher,2002,$$$$$$$,Hamburgerrestaurant,"[""Hamburgerrestaurant"",""Bar"",""Snackbar"",""Restaurant""]",bars in de pijp,52.3554837,4.8923082,Dining & Cafes
889,ChIJkW2m-7cJxkcRYPl0YLvVRrk,192,0.0105245847722414,art'otel amsterdam,1548,,Hotel,"[""Hotel"",""Bar"",""Business to Business-service"",""Fitnessruimte"",""Sportschool"",""Restaurant""]",hotels in negen straatjes,52.37764,4.89716,Hotel
890,ChIJc3cODscJxkcR9jEtPSiRMaU,192,0.0105245847722414,Hasta La Pasta,1125,$$$$$$$,Italiaans restaurant,"[""Italiaans restaurant""]",restaurants in negen straatjes,52.3741603,4.8936035,Dining & Cafes
891,ChIJd58vDYUJxkcROi91FSo3Wz0,192,0.0105245847722414,Pestana Amsterdam Riverside,1112,,Hotel,"[""Hotel"",""Wellnesscentrum"",""Zwembad""]",hotels in bijlmer arena,52.353394,4.9071055,Hotel
892,ChIJnb6AqcAJxkcRYyBObJBOyik,192,0.0105245847722414,Susie's Saloon,1393,$$$$$$$,Bar,"[""Bar""]",bars in wallengebied,52.371669,4.89525,Dining & Cafes
893,ChIJZabaHsAJxkcRy92UyRY-mT0,192,0.0105245847722414,Munttoren,2024,,Toeristische attractie,"[""Toeristische attractie""]",tourist attractions in negen straatjes,52.367041,4.8932901,Cultural & Historic
894,ChIJ94w4vvMJxkcRON_qhKoRxUU,191,0.0104697692265526,Maydanoz Turks Restaurant Amsterdam /Mediterranaans Restaurant Amsterdam!,717,$$$$$$$,Turks restaurant,"[""Turks restaurant"",""Grillrestaurant"",""Libanees restaurant"",""Mediterraans restaurant"",""Tapas restaurant"",""Veganistisch restaurant""]",restaurants in dapperbuurt,52.3524591,4.8873148,Dining & Cafes
895,ChIJhY-Kp4cJxkcR68g3SGyR93w,191,0.0104697692265526,Decathlon Amsterdam Noord,709,,Sportwinkel,"[""Sportwinkel""]",stores in buikslotermeerplein,52.3976361,4.938579799999999,Shopping
896,ChIJ4TCXoJgJxkcRa8jSbESQzcM,191,0.0104697692265526,The Lancaster Hotel Amsterdam,1602,,Hotel,"[""Hotel"",""Lodge""]",hotels in dapperbuurt,52.3658723,4.9129011,Hotel
897,ChIJ39amEXIMxkcRLxfTTQXbz0k,191,0.0104697692265526,Winkelcentrum de Kameleon,1247,,Winkelcentrum,"[""Winkelcentrum""]",shopping malls in bijlmer arena,52.3162663,4.9773732,Shopping
898,ChIJc1B79JEJxkcRpe6XyUxmnoo,190,0.0104149536808638,Bar Kaspar,712,$$,Restaurant,"[""Restaurant"",""Bar""]",bars in vondelpark,52.347101,4.8772115,Dining & Cafes
899,ChIJsZP0Y5oLxkcRwiYpjvf7ldA,190,0.0104149536808638,Courtyard Amsterdam Arena Atlas,1307,,Hotel,"[""Hotel"",""Planning van vergaderingen""]",hotels in bijlmer arena,52.3097809,4.9466304,Hotel
900,ChIJTWHE2C4KxkcR5YEQ6sE52hg,190,0.0104149536808638,Amstel Boathouse,1128,$$,Evenementenlocatie,"[""Evenementenlocatie""]",event venues in bijlmer arena,52.3384361,4.9066227,Event venue
901,ChIJ3ZEjhg7ixUcRQ32STf2egn0,190,0.0104149536808638,Boerejongens West,2782,,Cannabiswinkel,"[""Cannabiswinkel""]",coffeeshops in buikslotermeerplein,52.362315,4.8575481,Cannabisshop
902,ChIJQWLc8NjjxUcRIo52JdaBelg,190,0.0104149536808638,KEYF CAFE RESTAURANT,957,$$$$$$$,Restaurant,"[""Restaurant"",""Koffiehuis""]",bars in osdorpplein,52.3515617,4.7965515,Dining & Cafes
903,ChIJ3wkiTc8JxkcRy1UlaAAdmB8,189,0.0103601381351751,Satchmo,766,,Restaurant,"[""Restaurant"",""Cocktailbar"",""Wijnbar""]",bars in de jordaan,52.3700218,4.8928364,Dining & Cafes
904,ChIJG1aQRHQJxkcRgaX4MFW6l8Y,189,0.0103601381351751,Roopram Roti,1274,$$$$$$$,Surinaams restaurant,"[""Surinaams restaurant"",""Restaurant""]",restaurants in dapperbuurt,52.3619278,4.9248639,Dining & Cafes
905,ChIJmf_gHk4JxkcRsUrmyHGinck,189,0.0103601381351751,Massimo Gelato Oost,510,$$$$$$,IJssalon,"[""IJssalon""]",stores in de oud-oost,52.3543641,4.920969899999999,Dining & Cafes
906,ChIJZehJuMEJxkcRcNFWEy3dd8M,189,0.0103601381351751,Law & Order Cocktail Bar,569,$$$$$$$,Cocktailbar,"[""Cocktailbar"",""Bar""]",bars in 9 straatjes,52.368343,4.890591199999999,Dining & Cafes
907,ChIJJzXQYcAJxkcRWqkb_r9D0Kc,189,0.0103601381351751,Cafe 't Gasthuys,1070,$$$$$$$,Gastropub,"[""Gastropub"",""Koffiehuis""]",bars in wallengebied,52.3694444,4.8936111,Dining & Cafes
908,ChIJJwMtBWgJxkcRSvBojxdX7YQ,188,0.0103053225894863,Mama Impasto,559,$$$$$$$,Italiaans restaurant,"[""Italiaans restaurant""]",restaurants in leidseplein,52.3634733,4.8850232,Dining & Cafes
909,ChIJz80nRMMJxkcR-reQKHiMxto,188,0.0103053225894863,Pasta e Pizza,575,$$$$$$$,Italiaans restaurant,"[""Italiaans restaurant""]",restaurants in de pijp,52.3574421,4.8996483,Dining & Cafes
910,ChIJ59pIXpUJxkcRUaUv9pdGCWU,188,0.0103053225894863,Tante Roosje,1175,$$,Bar,"[""Bar"",""Koffiehuis"",""Restaurant""]",bars in de jordaan,52.366435,4.896027999999999,Dining & Cafes
911,ChIJGexsNLgJxkcRVsWR-_SAwvA,188,0.0103053225894863,Kokopelli,1180,,Smartshop,"[""Smartshop""]",stores in de wallen,52.3761414,4.8991646,Cannabisshop
912,ChIJoxHWXLgJxkcRKpavW4bnDdI,188,0.0103053225894863,Drink n Sink - Cafe Bar Amsterdam,1196,$$$$$$$,Bar,"[""Bar"",""Nachtclub"",""Cafe"",""Restaurant"",""Sportcafe""]",bars in wallengebied,52.3753438,4.897882399999999,Dining & Cafes
913,ChIJSe-HUwAJxkcRVMM18XRyVFk,188,0.0103053225894863,Hotel De Goudfazant,1160,$$,Restaurant,"[""Restaurant""]",restaurants in buikslotermeerplein,52.3837719,4.930115,Dining & Cafes
914,ChIJtUptyeQJxkcRF8u0aSLiTFc,188,0.0103053225894863,GEORGE W.P.A.,880,$$$,Restaurant,"[""Restaurant""]",restaurants in museumkwartier,52.3572904,4.8747794,Dining & Cafes
915,ChIJYaT5NonixUcRHPzAGrh83Us,188,0.0103053225894863,Kringloopwinkel RataPlan Amsterdam Generatorstraat,1074,,Tweedehandswinkel,"[""Tweedehandswinkel"",""Kringloopwinkel""]",stores in sloterdijk,52.3946762,4.8513522,Shopping
916,ChIJobHenXUJxkcRwZXqlB-XlzA,187,0.0102505070437976,Screaming Beans Runstraat,587,$$$$$$,Koffiebranders,"[""Koffiebranders""]",coffeeshops in negen straatjes,52.3689606,4.883902,Dining & Cafes
917,ChIJp4vW6MIJxkcRtXJMa-_71ho,187,0.0102505070437976,Restaurant Smelt,460,,Restaurant,"[""Restaurant"",""Fonduerestaurant"",""Wijnbar""]",restaurants in negen straatjes,52.3689821,4.8837005,Dining & Cafes
918,ChIJHzJL4rcJxkcR2lG19jD66D4,187,0.0102505070437976,Cafe Karpershoek,1182,$$$$$$$,Koffiehuis,"[""Koffiehuis"",""Bar""]",bars in haarlemmerbuurt,52.3781851,4.8967176,Dining & Cafes
919,ChIJzXWl1uAJxkcRrPiISZh4g8c,187,0.0102505070437976,Bosco,851,$$$$$$$,Lunchrestaurant,"[""Lunchrestaurant"",""Bar"",""Ontbijtrestaurant"",""Koffiebar"",""Restaurant""]",bars in vondelpark,52.3652128,4.8739236,Dining & Cafes
920,ChIJ8REu94wJxkcRFn4nO0WV70s,187,0.0102505070437976,Glouglou,1010,$$$$$$$,Wijnbar,"[""Wijnbar"",""Bar""]",bars in de pijp,52.3525063,4.8950262,Dining & Cafes
921,ChIJiQ5TCOkJxkcRib0qLEK1x3o,187,0.0102505070437976,Coffeeshop Superskunk,1413,,Cannabiswinkel,"[""Cannabiswinkel"",""Kunstcafe"",""Koffiehuis""]",bars in leidseplein,52.3642588,4.8851546,Cannabisshop
922,ChIJrfsm9dkLxkcRrijAuTLqsnQ,187,0.0102505070437976,30ML Coffee & Food Arena,514,$$$$$$$,Lunchrestaurant,"[""Lunchrestaurant""]",bars in bijlmer arena,52.3139593,4.952187299999999,Dining & Cafes
923,ChIJ--5Ki5UJxkcRaVIVCb2RSX8,187,0.0102505070437976,Kooi Coffeeshop,891,$$$$$$$,Koffiebar,"[""Koffiebar"",""Koffiewinkel""]",coffeeshops in rembrandtplein,52.3662393,4.8994313,Dining & Cafes
924,ChIJh7dOBgsJxkcRQfDKSiuA0ZY,186,0.0101956914981088,Sjefietshe,508,$$,Restaurant,"[""Restaurant""]",restaurants in de pijp,52.3516313,4.8870853,Dining & Cafes
925,ChIJ-RS-x8cJxkcRix6HMEVbC0c,186,0.0101956914981088,Avenue Hotel,1382,,Hotel,"[""Hotel""]",hotels in de wallen,52.37665,4.8946467,Hotel
926,ChIJu-Yq5ukJxkcRkQOPH2Z5Qz0,186,0.0101956914981088,Morlang Cafe Restaurant Amsterdam,1342,$$,Restaurant,"[""Restaurant"",""Grillrestaurant"",""Bar"",""Ontbijtrestaurant"",""Koffiehuis"",""Cocktailbar"",""Evenementenlocatie"",""Lunchrestaurant"",""Steakhouse"",""Wijnbar""]",cafes in leidseplein,52.366414,4.8864841,Dining & Cafes
927,ChIJ62JaaWbNxUcRqDyr_angWTs,186,0.0101956914981088,Kamera Express Amsterdam,924,,Camerawinkel,"[""Camerawinkel"",""Camerareparateur"",""Dronewinkel"",""Elektronicawinkel"",""Paspoortfotoverwerker"",""Fotowinkel"",""Fotografiecursus"",""Fotoservice"",""Reparatieservice voor videocamera's""]",stores in zuidas,52.3422213,4.867961,Shopping
928,ChIJTSPP-b0JxkcRLA8ijPzllJQ,186,0.0101956914981088,Eetcafe Blauwbrug,979,$$,Eetcafe,"[""Eetcafe"",""Koffiehuis"",""Cafe"",""Restaurant""]",bars in nieuwmarkt,52.3665676,4.901897,Dining & Cafes
930,ChIJA0VFBakJxkcRLR1Ei7sWQ70,184,0.0100860604067313,Rosario Cocina Mexicana,537,,Mexicaans restaurant,"[""Mexicaans restaurant""]",restaurants in de jordaan,52.3768074,4.8821277,Dining & Cafes
931,ChIJQ0IGVrgJxkcRXhQvrLGI4h8,184,0.0100860604067313,Quartier Putain,1082,$$$$$$$,Ontbijtrestaurant,"[""Ontbijtrestaurant"",""Bar"",""Bierzaal"",""Cocktailbar"",""Koffiebar"",""Lunchrestaurant"",""Cafe""]",restaurants in de wallen,52.3746117,4.898705,Dining & Cafes
932,ChIJYXtJl7kJxkcRTlKsbDwGB3U,184,0.0100860604067313,Azzurro,1645,$$$$$$$,Pizzeria,"[""Pizzeria"",""Italiaans restaurant""]",restaurants in de wallen,52.375,4.9008333,Dining & Cafes
933,ChIJFx-aGPsJxkcRzRRNZaAB5cw,184,0.0100860604067313,Le 4 Stagioni,913,$$$$$$$,Pizzeria,"[""Pizzeria"",""Restaurant""]",restaurants in museumkwartier,52.3555681,4.8754564,Dining & Cafes
934,ChIJc2voP8IJxkcRaRHLMy1sAVQ,184,0.0100860604067313,Moche,321,,Peruviaans restaurant,"[""Peruviaans restaurant""]",restaurants in dapperbuurt,52.3552526,4.929088,Dining & Cafes
935,ChIJmYbGveUJxkcRyLGZ0kr8jbE,184,0.0100860604067313,Flying Pig Uptown,1830,,Herberg,"[""Herberg"",""Hotel""]",hotels in bijlmer arena,52.3603214,4.8784034,Hotel
936,ChIJK4jsEZQJxkcRfXVCd_P7OU0,184,0.0100860604067313,Onder de Ooievaar,901,$$$$$$$,Cafe,"[""Cafe""]",bars in rembrandtplein,52.3619424,4.8991443,Dining & Cafes
937,ChIJYfe7VMcJxkcR2sL1FF1IhnA,183,0.0100312448610425,Fantasyshop Chimera,907,,Winkel,"[""Winkel""]",stores in de wallen,52.3723226,4.8947917,Shopping
938,ChIJD_AbkJcJxkcRzISpnp1X8yg,183,0.0100312448610425,Petit Lou,541,$$$$$$$,Restaurant,"[""Restaurant"",""Ontbijtrestaurant"",""Koffiebar"",""Dinertheater"",""Lunchrestaurant"",""Restaurant voor vleesgerechten""]",cafes in oosterparkbuurt,52.364105,4.906586,Dining & Cafes
939,ChIJj2Yd-bsJxkcRRXDmVFUoaSU,183,0.0100312448610425,Coffeeshop Solo,1426,,Cannabiswinkel,"[""Cannabiswinkel""]",coffeeshops in buikslotermeerplein,52.3718645,4.9026614,Cannabisshop
940,ChIJjZupQuYJxkcRh7fta25paxA,183,0.0100312448610425,Hotel van de Vijsel,836,,Hotel,"[""Hotel""]",hotels in negen straatjes,52.3633806,4.8781736,Hotel
941,ChIJI2EjXHvjxUcRy4eRx55b-lk,183,0.0100312448610425,Dilek Chicken Westpoort,369,$$$$$$,Kiprestaurant,"[""Kiprestaurant""]",restaurants in sloterdijk,52.3905913,4.8043611,Dining & Cafes
942,ChIJS6e-OgrjxUcRfylKiCmjaFo,183,0.0100312448610425,Graca Amsterdam,421,,Restaurant,"[""Restaurant"",""Halal-restaurant""]",bars in osdorpplein,52.3580278,4.8055715,Dining & Cafes
943,ChIJMw_mP8gJxkcRCvjq8fhRPcs,183,0.0100312448610425,Wonder Lounge,1953,$$$$$$$,Waterpijpcafe,"[""Waterpijpcafe"",""Bar""]",bars in haarlemmerbuurt,52.3786967,4.8950136,Dining & Cafes
944,ChIJ1-7V9O4JxkcRUKtqQx7VKTo,182,0.0099764293153538,Rijksmuseumtuinen,875,,Tuin,"[""Tuin"",""Toeristische attractie""]",activities in negen straatjes,52.3592705,4.884879,Green Recreation
945,ChIJn5o-ClcJxkcRe_CwhwNQDa4,182,0.0099764293153538,Craft Coffee & Pastry Amsterdam,535,$$$$$$,Bakkerij,"[""Bakkerij"",""Koffiebar"",""Patisserie""]",cafes in de pijp,52.356152,4.8934824,Dining & Cafes
946,ChIJjTtuWcYJxkcR2dcTL8Pc65A,182,0.0099764293153538,The Plug Coffeeshop,991,,Cannabiswinkel,"[""Cannabiswinkel"",""Vereniging/organisatie""]",coffeeshops in haarlemmerbuurt,52.3750993,4.8916121,Cannabisshop
947,ChIJ6b0RpsEJxkcR_wBH4jp6v0Y,182,0.0099764293153538,Petit-Restaurant De Rozenboom,790,$$$$$$$,Nederlands restaurant,"[""Nederlands restaurant""]",restaurants in haarlemmerbuurt,52.3692357,4.890767299999999,Dining & Cafes
948,ChIJif66w7sJxkcRpQIjMbMWH0I,182,0.0099764293153538,Hemelse Modder,867,$$,Nederlands restaurant,"[""Nederlands restaurant"",""Europees restaurant"",""Restaurant""]",restaurants in nieuwmarkt,52.3731918,4.9034486,Dining & Cafes
949,ChIJWWjb6HgJxkcRCQhrq9E2NM8,182,0.0099764293153538,Vergulden Eenhoorn,1399,,Restaurant,"[""Restaurant"",""Bar"",""Koffiehuis"",""Tuin"",""Hotel"",""Trouwplanner"",""Trouwlocatie"",""Wijnbar""]",bars in museumkwartier,52.3510419,4.9207366,Dining & Cafes
950,ChIJQxfr-L0JxkcRCeFdB7Iy2jE,181,0.009921613769665,Cafe 't Hooischip,670,$$$$$$$,Cafe,"[""Cafe""]",bars in rembrandtplein,52.3665265,4.9017524,Dining & Cafes
951,ChIJd_OCz8cJxkcRuDm1vW7Mm2k,181,0.009921613769665,WestCord City Centre Hotel Amsterdam,1249,,Hotel,"[""Hotel""]",hotels in negen straatjes,52.3765734,4.893757,Hotel
952,ChIJ3f6x4ugJxkcReGNoeUtG62I,181,0.009921613769665,NJOY,1065,$$$,Cocktailbar,"[""Cocktailbar""]",bars in de jordaan,52.3638025,4.8840542,Dining & Cafes
953,ChIJYeBJizYJxkcRIlKOv2-BMLA,181,0.009921613769665,Restaurant Sebastian,320,$$$$$$$,Restaurant,"[""Restaurant"",""Italiaans restaurant"",""Lunchrestaurant"",""Pizzeria"",""Afhaalpizza"",""Broodjeswinkel"",""Wijnbar""]",restaurants in negen straatjes,52.372409,4.8857126,Dining & Cafes
954,ChIJXzhr4tUJxkcRe35UyYT1wr8,181,0.009921613769665,Black Gold Amsterdam,635,$$$$$$,Koffiebar,"[""Koffiebar"",""Koffiewinkel"",""Platenwinkel""]",stores in de nieuwmarkt,52.371788,4.9030432,Dining & Cafes
955,ChIJt5OxeZUJxkcRZj-1erhRI-Y,181,0.009921613769665,Starbucks,2441,$$$$$$,Koffiehuis,"[""Koffiehuis"",""Ontbijtrestaurant"",""Brunchrestaurant"",""Cafetaria"",""Taartenwinkel"",""Koffiewinkel"",""Saladewinkel"",""Broodjeswinkel"",""Theewinkel"",""Wifi-spot""]",coffeeshops in rembrandtplein,52.365957,4.897736999999999,Dining & Cafes
956,ChIJGcCPxnkJxkcROTgR0l_F3-8,181,0.009921613769665,Beers & Barrels Amsterdam,303,,Restaurant,"[""Restaurant"",""Grillrestaurant"",""Bar & Grill"",""Cafe"",""Steakhouse""]",bars in 9 straatjes,52.3663999,4.8974319,Dining & Cafes
957,ChIJoe7ppb8JxkcR4PA5ZooY0T4,181,0.009921613769665,Badhuis Amsterdam | Restaurant Amsterdam,237,,Restaurant,"[""Restaurant"",""Bar"",""Cafe""]",bars in indische buurt,52.3635346,4.9399918,Dining & Cafes
958,ChIJW49D6XQJxkcRQb0_7xnUwUI,180,0.0098667982239763,LOT61 Amsterdam Centraal Station,430,$$$$$$,Koffiebar,"[""Koffiebar""]",cafes in de wallen,52.376894,4.9043325,Dining & Cafes
959,ChIJQ9P8LsYJxkcREqeQt8F2zyU,180,0.0098667982239763,Louis,1036,$$$$$$$,Cafe,"[""Cafe"",""Bar"",""Koffiebar"",""Lunchrestaurant"",""Broodjeswinkel""]",bars in de jordaan,52.3769883,4.8924797,Dining & Cafes
960,ChIJhRCxdcgJxkcRh8CJXVuOrEY,180,0.0098667982239763,Renaissance Amsterdam Hotel,2921,,Hotel,"[""Hotel"",""Planning van vergaderingen"",""Trouwlocatie""]",hotels in negen straatjes,52.3777114,4.894681299999999,Hotel
961,ChIJPcEtxHEKxkcRx84qVvhT_uE,180,0.0098667982239763,Cityden Zuidas,1159,,Hotel,"[""Hotel"",""Bar"",""Hotel voor langdurig verblijf"",""Restaurant""]",hotels in zuidas,52.3169719,4.8717681,Hotel
963,ChIJNUsOiaIJxkcRv03DwxQa5w0,180,0.0098667982239763,Nationaal Holocaustmuseum,1014,,Historisch museum,"[""Historisch museum"",""Museum"",""Toeristische attractie""]",museums in negen straatjes,52.3669081,4.911054,Cultural & Historic
964,ChIJWREZRkPixUcRs5Mdv7li4Qo,180,0.0098667982239763,Hotel New Kit,707,,Hotel,"[""Hotel""]",hotels in sloterdijk,52.3789884,4.8383846,Hotel
965,ChIJY_IxVu0JxkcRi3NPxcHUO4o,179,0.0098119826782875,Restaurant Zaza's,823,$$,Restaurant,"[""Restaurant""]",restaurants in de pijp,52.35623,4.892197299999999,Dining & Cafes
966,ChIJvUexvb8JxkcR3qla0L1s8sc,179,0.0098119826782875,Cafe De Doelen,1048,$$$$$$$,Koffiehuis,"[""Koffiehuis""]",cafes in negen straatjes,52.3683708,4.8967382,Dining & Cafes
967,ChIJr0jWcvIJxkcRHa4lbW0VwOU,179,0.0098119826782875,Purnama - Indonesian Kitchen & Bar,290,$$$$$$$,Indonesisch restaurant,"[""Indonesisch restaurant"",""Halal-restaurant"",""Restaurant""]",cafes in indische buurt,52.3638778,4.9337705,Dining & Cafes
968,ChIJsQNqvPIJxkcR4_sYbmGpNrs,179,0.0098119826782875,Pho 91,1103,$$$$$$$,Vietnamees restaurant,"[""Vietnamees restaurant""]",restaurants in de pijp,52.3552346,4.8912175,Dining & Cafes
969,ChIJ34ZYp2UKxkcR1g_HUrZell0,179,0.0098119826782875,Kostverlorenhof Winkelgebied,194,,Winkelcentrum,"[""Winkelcentrum""]",shopping malls in negen straatjes,52.3134273,4.8754799,Shopping
970,ChIJ0XTn41pvxkcRi_XM4zHf8Y8,179,0.0098119826782875,Kitchen & Bar Van Rijn B.V.,990,$$$,Restaurant,"[""Restaurant""]",bars in rembrandtplein,52.3663868,4.8968538,Dining & Cafes
971,ChIJvZRYx9QLxkcRTUYpW3Say80,179,0.0098119826782875,George Marina,857,$$$,Restaurant,"[""Restaurant"",""Evenementenlocatie""]",event venues in bijlmer arena,52.3419796,4.9187423,Dining & Cafes
972,ChIJab1xc2XixUcRKUGdoW0wg4k,178,0.0097571671325988,Podium Mozaiek,1213,$$,Theater,"[""Theater"",""Koffiehuis"",""Evenementenlocatie"",""Afhaalrestaurant"",""Restaurant""]",event venues in sloterdijk,52.380097,4.854324,Event venue
973,ChIJH6FjfPIJxkcREkFPHLJiRFM,178,0.0097571671325988,Brasserie Sent,724,$$,Restaurant,"[""Restaurant"",""Barbecuerestaurant"",""Frans restaurant"",""Steakhouse""]",restaurants in de pijp,52.3558274,4.888988299999999,Dining & Cafes
975,ChIJRy2BEJUJxkcRMVdwHVMS0r0,178,0.0097571671325988,Waldorf Astoria Amsterdam,1297,,Hotel,"[""Hotel"",""Eetzaal"",""Evenementenlocatie"",""Planning van vergaderingen"",""Wellnesscentrum"",""Trouwplanner"",""Trouwlocatie""]",hotels in de pijp,52.364768,4.896945,Hotel
976,ChIJv4yrfHQJxkcRVhRnYQVlhdo,178,0.0097571671325988,Nefis,774,$$$$$$$,Restaurant,"[""Restaurant"",""Pizza aan huis"",""Pizzeria"",""Afhaalpizza"",""Turks restaurant""]",restaurants in dapperbuurt,52.362288,4.926285,Dining & Cafes
977,ChIJxet1r-UJxkcRQbFf2Hc10fY,178,0.0097571671325988,The Uptown Meat Club,1172,$$$,Restaurant,"[""Restaurant"",""Restaurant voor vleesgerechten""]",bars in museumkwartier,52.359929,4.877525,Dining & Cafes
978,ChIJw5K8RscJxkcR6p45e6rBgXk,178,0.0097571671325988,Euro Pub,827,$$$,Cafe,"[""Cafe"",""Koffiehuis""]",bars in wallengebied,52.3730059,4.8943348,Dining & Cafes
979,ChIJDWgEu5YJxkcR5EoFxd22PRg,177,0.00970235158691,Bistrot des Alpes,830,$$,Frans restaurant,"[""Frans restaurant"",""Modern-Frans restaurant""]",restaurants in nieuwmarkt,52.3619758,4.9014215,Dining & Cafes
980,ChIJ-3W8SdsJxkcRGYsdshtf-MM,177,0.00970235158691,Kessens,748,$$$$$$$,Lunchrestaurant,"[""Lunchrestaurant"",""Ontbijtrestaurant"",""Brunchrestaurant""]",restaurants in de jordaan,52.3738632,4.881938,Dining & Cafes
981,ChIJU_TFgiAKxkcRXaChYZpQYC8,177,0.00970235158691,Tapzuid (Tap Zuid),1072,$$$$$$$,Eetcafe,"[""Eetcafe"",""Bar"",""Bierzaal"",""Lunchrestaurant"",""Cafe"",""Restaurant""]",bars in de pijp,52.3452376,4.8948366,Dining & Cafes
982,ChIJX1HjG3QJxkcR0YJkbDyYzZY,177,0.00970235158691,Buurtcafe De Tros,247,,Restaurant,"[""Restaurant"",""Bar"",""Bistro"",""Koffiehuis""]",bars in museumkwartier,52.3604551,4.9254231,Dining & Cafes
983,ChIJpV231j0JxkcRirAdnzOejqw,177,0.00970235158691,Koninklijk Paleis op de Dam,299,,Museum,"[""Museum""]",museums in negen straatjes,52.3731468,4.8921223,Cultural & Historic
984,ChIJDd6p-9QJxkcR9M4b-fwpLSY,177,0.00970235158691,Restaurant Bar Kantoor,856,$$,Restaurant,"[""Restaurant""]",restaurants in sloterdijk,52.386606,4.875297,Dining & Cafes
986,ChIJ7fSZTZUJxkcRfwe8JqIgH9M,176,0.0096475360412212,Thai restaurant Bangkok,1053,$$,Thais restaurant,"[""Thais restaurant"",""Aziatisch restaurant"",""Kiprestaurant"",""Visrestaurant"",""Maaltijdbezorging"",""Afhaalrestaurant"",""Restaurant voor vleesgerechten"",""Restaurant""]",restaurants in rembrandtplein,52.36603,4.8946839,Dining & Cafes
987,ChIJcTkcmYMJxkcROAD-0A-vi4w,176,0.0096475360412212,Feed Amsterdam,1213,$$$$$$$,Restaurant,"[""Restaurant"",""Bar"",""Buurthuis"",""Locatie voor live muziek"",""Radio-omroep""]",bars in oosterparkbuurt,52.3520402,4.9130674,Dining & Cafes
988,ChIJ28JdEfAJxkcRcJOmVU5suNk,176,0.0096475360412212,L'Entrecote et les Dames,631,$$,Restaurant,"[""Restaurant""]",bars in museumkwartier,52.3556956,4.8805113,Dining & Cafes
989,ChIJWyH52rsJxkcRoYXHOQQ6lAw,176,0.0096475360412212,Ristorante Italia Oggi,1070,$$,Italiaans restaurant,"[""Italiaans restaurant""]",restaurants in nieuwmarkt,52.3738719,4.9022621,Dining & Cafes
990,ChIJidnjAvIJxkcRmPlm8mE0oNQ,176,0.0096475360412212,Avani Museum Quarter Amsterdam Hotel,1281,,Hotel,"[""Hotel""]",hotels in de pijp,52.35571,4.88632,Hotel
991,ChIJL1KsVeUJxkcR7bfaEtF0hGs,176,0.0096475360412212,Brasserie Keyzer,915,$$$,Brasserie,"[""Brasserie"",""Restaurant""]",bars in museumkwartier,52.3567829,4.8791543,Dining & Cafes
992,ChIJR0UpAL0JxkcRoEaQZ-_2ShY,176,0.0096475360412212,Monet Garden Hotel,1223,,Hotel,"[""Hotel""]",hotels in negen straatjes,52.3699155,4.9073163,Hotel
993,ChIJmZLfVFfjxUcRH0d5iz_-l8s,176,0.0096475360412212,Dilek Chicken,947,$$$$$$,Snackbar,"[""Snackbar"",""Kiprestaurant""]",restaurants in osdorpplein,52.3591179,4.784296599999999,Dining & Cafes
994,ChIJ25tqTOEJxkcROAmiYa-TKnA,175,0.0095927204955325,CityHub Amsterdam,1438,,Hotel,"[""Hotel""]",hotels in vondelpark,52.3672879,4.867098899999999,Hotel
995,ChIJRyW66n0JxkcRAO3hGrNP9Nc,175,0.0095927204955325,The Lobby Fizeaustraat,900,$$$,Restaurant,"[""Restaurant"",""Bar"",""Brunchrestaurant"",""Lunchrestaurant"",""Wijnbar""]",bars in oosterparkbuurt,52.3453606,4.9255584,Dining & Cafes
996,ChIJkQyWuxEKxkcRoc54h_ZVKW4,174,0.0095379049498437,Element Amsterdam,1138,,Hotel,"[""Hotel"",""Planning van vergaderingen""]",hotels in bijlmer arena,52.3316679,4.8775461,Hotel
997,ChIJu_wKgNsJxkcRcvWywIjFd4M,174,0.0095379049498437,Chin Chin Club,1370,$$,Discotheek,"[""Discotheek"",""Bar"",""Club"",""Cocktailbar"",""Nachtclub""]",night clubs in amsterdam,52.3727778,4.8788889,Entertainment & Nightlife
998,ChIJ8Qy3OPIJxkcRkhW2cg5g8ec,174,0.0095379049498437,"Sir Albert Hotel, part of Sircle Collection",1271,,Hotel,"[""Hotel""]",hotels in negen straatjes,52.354481,4.8873696,Hotel
999,ChIJX_xgEZIJxkcR0JnjCgCkj74,174,0.0095379049498437,The Bee Hostel,946,,Herberg,"[""Herberg""]",hotels in oosterparkbuurt,52.3661504,4.911230799999999,Hotel
1001,ChIJgZ3EzrkJxkcRpZKAL_eiIWk,173,0.009483089404155,In 't Aepjen,695,$$$$$$$,Bar,"[""Bar"",""Monument""]",bars in wallengebied,52.3762704,4.900167499999999,Dining & Cafes
1003,ChIJKZopXnUJxkcRP0lM3sd2heI,173,0.009483089404155,Muiderpoort,387,,Historisch herkenningspunt,"[""Historisch herkenningspunt"",""Historische plaats""]",monuments in buikslotermeerplein,52.3636976,4.9194552,Cultural & Historic
1005,ChIJo_ULDJIJxkcRjZlNuOdbI4c,172,0.0094282738584662,Arles,826,,Frans restaurant,"[""Frans restaurant"",""Bistro"",""Europees restaurant"",""Haute-cuisinerestaurant"",""Restaurant""]",bars in de pijp,52.3563052,4.8980834,Dining & Cafes
1007,ChIJt_XnF9kJxkcRQKuHQqgeBg0,172,0.0094282738584662,Bake my Day,1502,$$$$$$$,Bakkerij,"[""Bakkerij"",""Ontbijtrestaurant"",""Catering""]",bars in haarlemmerbuurt,52.3800606,4.8924739,Dining & Cafes
1008,ChIJXyeLEbkJxkcRw9bjljFGRN0,172,0.0094282738584662,Nam Kee,913,$$$$$$$,Chinees restaurant,"[""Chinees restaurant""]",restaurants in nieuwmarkt,52.373014,4.901246,Dining & Cafes
1009,ChIJw1nCPNsJxkcRF8yS6ZBl6-M,172,0.0094282738584662,Paradox Coffeeshop,1514,,Cannabiswinkel,"[""Cannabiswinkel""]",coffeeshops in haarlemmerbuurt,52.3745562,4.8812221,Cannabisshop
1010,ChIJBxLFePYJxkcRuOvPguxH1eM,171,0.0093734583127775,The Harbour Club Amsterdam Zuid,1169,$$$,Restaurant,"[""Restaurant""]",bars in zuid,52.3480301,4.8845687,Dining & Cafes
1011,ChIJO5EC3RkJxkcRcQuGnXnj4bo,171,0.0093734583127775,Bar Bouche,537,$$,Restaurant,"[""Restaurant"",""Cafe""]",bars in museumkwartier,52.3560243,4.9118928,Dining & Cafes
1012,ChIJN2Rj2I8JxkcRnbwbrmS-6Oc,171,0.0093734583127775,Cafe Sarphaat,894,$$$$$$$,Koffiehuis,"[""Koffiehuis"",""Restaurant""]",bars in de pijp,52.3543735,4.899266,Dining & Cafes
1013,ChIJ65_VXdAJxkcRMSIPupGG_eQ,171,0.0093734583127775,Moods Coffee Corner,741,$$$$$$$,Ontbijtrestaurant,"[""Ontbijtrestaurant"",""Brunchrestaurant"",""Lunchrestaurant""]",restaurants in de jordaan,52.3794825,4.8806432,Dining & Cafes
1014,ChIJTfz8RbgJxkcRsvwOJAuzBFM,171,0.0093734583127775,La Paella,908,$$$$$$$,Spaans restaurant,"[""Spaans restaurant""]",restaurants in de wallen,52.3754581,4.8985153,Dining & Cafes
1015,ChIJmyivBOwJxkcRQxN0Qx3IOZ0,171,0.0093734583127775,Restaurant Levant,664,$$,Turks restaurant,"[""Turks restaurant"",""Koffiehuis""]",restaurants in leidseplein,52.3610249,4.8873337,Dining & Cafes
1016,ChIJU92joJHhxUcRXySZ-NgjdRc,171,0.0093734583127775,Park de Oeverlanden,1523,,Park,"[""Park"",""Toeristische attractie""]",parks in negen straatjes,52.3353729,4.8234372,Green Recreation
1017,ChIJF_DNqekJxkcR9BHCTNlH0Vc,170,0.0093186427670887,Rockclub The Cave,505,$$,Bar met live muziek,"[""Bar met live muziek""]",bars in museumkwartier,52.3644007,4.8848357,Dining & Cafes
1018,ChIJLWzYfOAJxkcRm7JJT2D7kpo,170,0.0093186427670887,Coffee Room.,819,$$$$$$$,Koffiebar,"[""Koffiebar"",""Ontbijtrestaurant""]",cafes in leidseplein,52.3670472,4.8711194,Dining & Cafes
1019,ChIJRzj0mYQJxkcRSni9SfMqx8A,170,0.0093186427670887,Taka Ramen Nieuwmarkt,265,$$$$$$$,Japans restaurant,"[""Japans restaurant"",""Ramen-noedelrestaurant""]",restaurants in nieuwmarkt,52.3743558,4.9008867,Dining & Cafes
1020,ChIJ521Xq_IJxkcRtnEuDevP9Ro,170,0.0093186427670887,Brut de mer,640,,Visrestaurant,"[""Visrestaurant"",""Bistro"",""Oesterbar"",""Wijnbar""]",bars in de pijp,52.3557834,4.8925606,Dining & Cafes
1021,ChIJzfayl0QJxkcRrDpFzfgA4ac,170,0.0093186427670887,Clos Amsterdam,616,$$,Restaurant,"[""Restaurant"",""Wijnbar""]",bars in museumkwartier,52.3567071,4.9180793,Dining & Cafes
1022,ChIJrShpvgQKxkcRmGVTfdQ0BfA,169,0.0092638272213999,Qbic Hotel WTC Amsterdam,1422,,Hotel,"[""Hotel""]",hotels in bijlmer arena,52.339934,4.8750732,Hotel
1023,ChIJSQdRlmMJxkcRoWwD7y12alU,169,0.0092638272213999,Rum Baba,380,$$$$$$,Koffiebranders,"[""Koffiebranders"",""Koffiehuis"",""Koffiebar"",""Koffiewinkel""]",cafes in de jordaan,52.3691337,4.8787234,Dining & Cafes
1024,ChIJ7X_fDt0JxkcROcRD78_9cG4,169,0.0092638272213999,Burgermeester | Jordaan,1542,$$$$$$$,Hamburgerrestaurant,"[""Hamburgerrestaurant"",""Amerikaans restaurant"",""Eclectisch restaurant"",""Restaurant""]",bars in de jordaan,52.3691845,4.8788526,Dining & Cafes
1025,ChIJ5RJMhJw5ZUER2c4TUSO2Z_A,169,0.0092638272213999,Cafe Bern,1016,$$$$$$$,Zwitsers restaurant,"[""Zwitsers restaurant"",""Cafe""]",bars in nieuwmarkt,52.372513,4.90098,Dining & Cafes
1027,ChIJs01eRrgJxkcR5jnrl3llcqM,169,0.0092638272213999,Hotel CC,1340,,Hotel,"[""Hotel""]",hotels in bijlmer arena,52.375656,4.8984916,Hotel
1028,ChIJ3QX9ysQJxkcRbwelKBJNiGA,169,0.0092638272213999,Cafe de Oude Wester,989,$$$$$$$,Bar & Grill,"[""Bar & Grill"",""Koffiehuis"",""Restaurant""]",bars in haarlemmerbuurt,52.3740663,4.8826987,Dining & Cafes
1029,ChIJYT1ZSb4JxkcRQvAYJ-3JNLk,169,0.0092638272213999,Frenzi,1066,$$,Italiaans restaurant,"[""Italiaans restaurant"",""Lunchrestaurant"",""Afhaalrestaurant"",""Pizzeria"",""Afhaalpizza"",""Restaurant""]",restaurants in buikslotermeerplein,52.3681355,4.8985175,Dining & Cafes
1031,ChIJv726-s3jxUcRxaKrYdV5HiM,169,0.0092638272213999,Sensemillia CoffeeShop,1020,,Cannabiswinkel,"[""Cannabiswinkel""]",coffeeshops in museumkwartier,52.3602041,4.8079096,Cannabisshop
1032,ChIJfaUJvAnjxUcRHlZj8kBUv4s,168,0.0092090116757112,Taco Bell,253,$$$$$$$,Tacorestaurant,"[""Tacorestaurant""]",restaurants in osdorpplein,52.3577311,4.805233299999999,Dining & Cafes
1033,ChIJH6N0g_0JxkcRXFhIhraQbuE,168,0.0092090116757112,"Park Plaza Vondelpark, Amsterdam",892,,Hotel,"[""Hotel"",""Bar"",""Business to Business-service"",""Restaurant""]",hotels in museumkwartier,52.3543085,4.8663656,Hotel
1034,ChIJpbkBKL8JxkcRpTHYTAQqEiE,168,0.0092090116757112,Goa Coffeeshop,1140,,Cannabiswinkel,"[""Cannabiswinkel""]",coffeeshops in buikslotermeerplein,52.3712425,4.8985725,Cannabisshop
1035,ChIJkx5CZPkJxkcR-F4MXXZOV7s,168,0.0092090116757112,Bilderberg Garden Hotel,1234,,Hotel,"[""Hotel"",""Bar"",""Evenementenlocatie"",""Restaurant""]",hotels in bijlmer arena,52.3512438,4.8741211,Hotel
1036,ChIJ5cl9GukJxkcR2iEchDlSrHA,168,0.0092090116757112,Kop van Jut,553,$$$$$$$,Restaurant,"[""Restaurant"",""Eetcafe""]",restaurants in leidseplein,52.3635495,4.8848613,Dining & Cafes
1037,ChIJ82ZfMzsJxkcRbLol22WOtwE,168,0.0092090116757112,BANH MI DELI Amsterdam,352,$$$$$$,Vietnamees restaurant,"[""Vietnamees restaurant"",""Delicatessenwinkel"",""Lunchrestaurant"",""Broodjeswinkel""]",restaurants in de jordaan,52.3745504,4.8827738,Dining & Cafes
1038,ChIJL4osDqgJxkcRjR_3yE9Ani0,168,0.0092090116757112,Pakhuis de Zwijger,1148,,Cultureel centrum,"[""Cultureel centrum"",""Congrescentrum"",""Evenementenlocatie"",""Monument"",""Openluchtbioscoop"",""Restaurant""]",event venues in buikslotermeerplein,52.3767651,4.9221266,Cultural & Historic
1039,ChIJ9bxIKd0JxkcRYcpdOATaUH4,168,0.0092090116757112,Rakang,739,$$$$$$$,Thais restaurant,"[""Thais restaurant""]",restaurants in de jordaan,52.369669,4.881332,Dining & Cafes
1040,ChIJR_22I8QJxkcR2hLke23mATQ,168,0.0092090116757112,Restaurant Breda,973,$$$$$$,Restaurant,"[""Restaurant""]",restaurants in negen straatjes,52.3738276,4.8886278,Dining & Cafes
1041,ChIJx336FsQJxkcRaH2uja-qLVg,168,0.0092090116757112,Bagels & Beans,1135,$$$$$$$,Bagelwinkel,"[""Bagelwinkel"",""Ontbijtrestaurant"",""Brunchrestaurant"",""Koffiebar"",""Koffiewinkel"",""Smoothiewinkel"",""Veganistisch restaurant"",""Vegetarisch restaurant""]",cafes in haarlemmerbuurt,52.3734803,4.8880187,Shopping
1042,ChIJazoXvmjixUcRx4riGFsK3A0,167,0.0091541961300224,POTAE (King Kumpir),772,$$$$$$,Vegetarisch restaurant,"[""Vegetarisch restaurant""]",restaurants in sloterdijk,52.378179,4.8484417,Dining & Cafes
1043,ChIJQUnoInYJxkcRRFEFeZvLQ4E,167,0.0091541961300224,Ristorante Pizzeria Amarone,511,$$$$$$$,Italiaans restaurant,"[""Italiaans restaurant""]",restaurants in leidseplein,52.363898,4.8841098,Dining & Cafes
1044,ChIJwy20c90JxkcRqwrRrQ0Z1BA,167,0.0091541961300224,Brasserie Blazer,704,$$$$$$$,Restaurant,"[""Restaurant"",""Bar"",""Bistro"",""Brunchrestaurant"",""Eetcafe"",""Cafe"",""Brasserie""]",bars in de jordaan,52.3684556,4.8788944,Dining & Cafes
1045,ChIJrwlpHr8JxkcR1QZJyOGSiMI,167,0.0091541961300224,De Engelbewaarder,930,$$$$$$$,Cafe,"[""Cafe""]",bars in wallengebied,52.3702765,4.8984618,Dining & Cafes
1046,ChIJwzFqqLoLxkcRHUeCGrViuMU,167,0.0091541961300224,De Pizzabakkers Zuidas,357,$$$$$$$,Pizzeria,"[""Pizzeria"",""Italiaans restaurant"",""Afhaalpizza"",""Restaurant""]",restaurants in zuidas,52.3378387,4.8771282,Dining & Cafes
1047,ChIJ8-XY4sUJxkcRP2nASsgaJCo,166,0.0090993805843337,Brasserie Baton/ Espressamente Baton,933,$$$$$$$,Brasserie,"[""Brasserie"",""Ontbijtrestaurant"",""Espressobar"",""Restaurant""]",cafes in haarlemmerbuurt,52.3769146,4.889535599999999,Dining & Cafes
1048,ChIJD1u07LsJxkcR1sGaDsiU_Bk,166,0.0090993805843337,de Dakduif,330,$$$$$$$,Cafe,"[""Cafe"",""Brasserie""]",bars in de pijp,52.356403,4.8973566,Dining & Cafes
1049,ChIJK3RbJ8IJxkcRPKdWj-PIhkg,166,0.0090993805843337,Strain Hunters Coffeeshop,509,$$$$$$$,Koffiebar,"[""Koffiebar"",""Koffiehuis"",""Cannabiswinkel""]",coffeeshops in haarlemmerbuurt,52.3687577,4.8882697,Dining & Cafes
1050,ChIJE7ActXQJxkcRCZuiJ4d1J9w,166,0.0090993805843337,Beste Doner,816,$$$$$$,Restaurant,"[""Restaurant""]",restaurants in dapperbuurt,52.3651304,4.9258596,Dining & Cafes
1051,ChIJn0D3W8gJxkcRI3VmEYVEc_c,166,0.0090993805843337,The Bulldog Rock Shop,1899,,Cannabiswinkel,"[""Cannabiswinkel""]",coffeeshops in haarlemmerbuurt,52.3790873,4.893846,Cannabisshop
1052,ChIJtYtcFOQJxkcRhd-LP7Pimo8,165,0.0090445650386449,Parkzuid,1285,$$$$$$$,Restaurant,"[""Restaurant""]",restaurants in zuidas,52.3610414,4.8749588,Dining & Cafes
1053,ChIJZcWiWbsJxkcRmr9aZRD3Ilc,165,0.0090445650386449,Hiding in Plain Sight,922,$$$$$$$,Cocktailbar,"[""Cocktailbar""]",bars in wallengebied,52.3717227,4.9077136,Dining & Cafes
1054,ChIJuSZB67gJxkcR_-6Y3J0sq8w,165,0.0090445650386449,Ivy and Bros,1074,$$$$$$$,Restaurant,"[""Restaurant""]",restaurants in de wallen,52.373497,4.8975,Dining & Cafes
1055,ChIJLaW8nVAJxkcRB8tH38OGniU,165,0.0090445650386449,Cafe Heuvel,431,$$$$$$,Bar,"[""Bar""]",bars in rembrandtplein,52.3624788,4.8879128,Dining & Cafes
1056,ChIJZeVR8OgJxkcRlaI2PwwplYQ,165,0.0090445650386449,The Bulldog Ex-Police Station Coffeeshop,1129,,Cannabiswinkel,"[""Cannabiswinkel"",""Vereniging/organisatie"",""Souvenirwinkel""]",stores in de leidseplein,52.3639611,4.883357,Cannabisshop
1057,ChIJdXov18IJxkcR2ApdynzKaPs,165,0.0090445650386449,Coffeeshop La Tertulia,841,,Cannabiswinkel,"[""Cannabiswinkel"",""Koffiehuis""]",coffeeshops in negen straatjes,52.3694808,4.8822851,Cannabisshop
1058,ChIJi9K1XW3jxUcRRzKnvfOUBC4,165,0.0090445650386449,Tostcu Mahmut Amsterdam,420,$$$$$$,Restaurant,"[""Restaurant""]",bars in osdorpplein,52.3577454,4.8054565,Dining & Cafes
1059,ChIJOdHsM-UJxkcRx5LSLFXX5Eo,165,0.0090445650386449,XO HOTEL Inner,1287,,Hotel,"[""Hotel""]",hotels in bijlmer arena,52.356967,4.877575,Hotel
1060,ChIJy0YESccJxkcRcTJMqyW15LI,165,0.0090445650386449,Cafe Zwart,726,$$$$$$$,Koffiehuis,"[""Koffiehuis""]",cafes in de wallen,52.372531,4.894093,Dining & Cafes
1061,ChIJWbLjaesJxkcRPR8bCMv2ZEI,165,0.0090445650386449,Tokyo Ramen Takeichi Vijzel,1020,$$$$$$$,Ramen-noedelrestaurant,"[""Ramen-noedelrestaurant"",""Japans restaurant""]",restaurants in museumkwartier,52.3624076,4.892106399999999,Dining & Cafes
1062,ChIJa0b2gOgJxkcRn7QmFujeD6g,164,0.0089897494929562,Trattoria Fantasia,911,$$$$$$$,Italiaans restaurant,"[""Italiaans restaurant"",""Pizzeria""]",bars in leidseplein,52.364504,4.881174,Dining & Cafes
1063,ChIJvczMZ7kOxkcRQnpHjc0KzXA,164,0.0089897494929562,Winkelcentrum IJburg,998,,Winkelcentrum,"[""Winkelcentrum"",""Winkel""]",shopping malls in indische buurt,52.358699,4.9890276,Shopping
1064,ChIJ9aueLMAJxkcRIBcTeobbSNg,164,0.0089897494929562,Calf & Bloom,673,$$$$$$$,Restaurant,"[""Restaurant"",""Koffiehuis""]",bars in rembrandtplein,52.3671824,4.8915377,Dining & Cafes
1065,ChIJ45xDBekJxkcRoC7mHvkm7Yw,164,0.0089897494929562,restaurant Bollywood,1102,$$$$$$$,Indiaas restaurant,"[""Indiaas restaurant""]",restaurants in leidseplein,52.3639154,4.8845212,Dining & Cafes
1066,ChIJ-4xviugJxkcRyw5ePa1mRUg,164,0.0089897494929562,Dan Murphy's,910,$$$$$$$,Ierse pub,"[""Ierse pub""]",bars in leidseplein,52.3644943,4.8822699,Dining & Cafes
1067,ChIJxwL4aZUJxkcRHZ6F5-Q07qY,164,0.0089897494929562,Downtown,1125,$$$$$$$,Amerikaans restaurant,"[""Amerikaans restaurant"",""Restaurant""]",restaurants in rembrandtplein,52.3656358,4.8960637,Dining & Cafes
1068,ChIJA8u91QMJxkcR3xf4ImsdPLE,163,0.0089349339472674,Hangar,1203,$$,Restaurant,"[""Restaurant""]",restaurants in buikslotermeerplein,52.3836421,4.9308765,Dining & Cafes
1069,ChIJN5jG2B4JxkcRXo3Gu7640HA,163,0.0089349339472674,Namche Amsterdam,350,$$$$$$$,Indiaas restaurant,"[""Indiaas restaurant"",""Bar"",""Cocktailbar"",""Nepalees restaurant""]",bars in leidseplein,52.3631792,4.8858868,Dining & Cafes
1071,ChIJvQSxss8JxkcRoJpyunkM3Bk,163,0.0089349339472674,PIQNIQ,1492,$$$$$$$,Brunchrestaurant,"[""Brunchrestaurant"",""Ontbijtrestaurant"",""Koffiehuis"",""Glutenvrij restaurant"",""Lunchrestaurant"",""Afhaalrestaurant"",""Restaurant"",""Broodjeswinkel""]",cafes in haarlemmerbuurt,52.3803024,4.8860939,Dining & Cafes
1072,ChIJQRor5isKxkcRCsrZzJksAKA,163,0.0089349339472674,Martin Luther Kingpark,1133,,Park,"[""Park"",""Toeristische attractie""]",tourist attractions in negen straatjes,52.3403749,4.910205299999999,Green Recreation
1073,ChIJf2ly3FMJxkcR0rfdI9JGnDE,163,0.0089349339472674,Restaurant Black Olive,504,,Restaurant,"[""Restaurant""]",bars in nieuwmarkt,52.3684797,4.9057377,Dining & Cafes
1074,ChIJ2Uwc_88JxkcRlP-uXvdeJQk,162,0.0088801184015786,Indiaas Restaurant Shah Jahan,1124,$$$$$$$,Indiaas restaurant,"[""Indiaas restaurant"",""Restaurant""]",restaurants in de jordaan,52.377969,4.8833818,Dining & Cafes
1075,ChIJfQr69MQJxkcRkDnL5HEY5X8,162,0.0088801184015786,Nadia Hotel,1048,,Hotel,"[""Hotel""]",hotels in negen straatjes,52.3737566,4.8855932,Hotel
1076,ChIJV5ZnZbAJxkcRhkiVQ7jkbXw,162,0.0088801184015786,Choux,837,$$$$$$,Restaurant,"[""Restaurant""]",restaurants in nieuwmarkt,52.3775976,4.9072254,Dining & Cafes
1078,ChIJNV8sZvwNxkcR5Kf9nQfL180,161,0.0088253028558899,Sama Sebo,1122,$$$$$$$,Indonesisch restaurant,"[""Indonesisch restaurant""]",restaurants in museumkwartier,52.3606674,4.8831197,Dining & Cafes
1079,ChIJc0HtDOgJxkcRRx3wm0CtrRI,161,0.0088253028558899,Cafe George,1017,$$,Bistro,"[""Bistro""]",restaurants in de jordaan,52.3659598,4.881675899999999,Dining & Cafes
1080,ChIJ8aIni3zjxUcRHLo3kPu7aGg,161,0.0088253028558899,Met Hotel Amsterdam,561,,Hotel,"[""Hotel""]",hotels in sloterdijk,52.362638,4.8352803,Hotel
1081,ChIJPRS-6x8KxkcRMZRGE9OP1Rg,161,0.0088253028558899,Hakata Senpachi,985,$$,Japans restaurant,"[""Japans restaurant"",""Yakitori-restaurant""]",restaurants in zuidas,52.3445069,4.8892912,Dining & Cafes
1082,ChIJDU_4_MYJxkcRvQZkM49uQUk,161,0.0088253028558899,De Drie Fleschjes,571,$$$$$$$,Cafe,"[""Cafe""]",bars in 9 straatjes,52.3742843,4.8923114,Dining & Cafes
1083,ChIJLYIWaPwNxkcRxNVPxkWwJMM,161,0.0088253028558899,Hotel City Garden Amsterdam,1218,,Hotel,"[""Hotel""]",hotels in bijlmer arena,52.3591774,4.8762438,Hotel
1084,ChIJQ4iYXTIJxkcRLIf9SugwPtE,161,0.0088253028558899,Porchetteria,587,$$$$$$$,Pizzeria,"[""Pizzeria""]",restaurants in de pijp,52.3559508,4.888825199999999,Dining & Cafes
1085,ChIJM6cFwqQJxkcRcMU7LJ5Yb74,161,0.0088253028558899,Spaghetteria,238,$$$$$$$,Restaurant,"[""Restaurant"",""Italiaans restaurant"",""Noord-Italiaans restaurant"",""Zuid-Italiaans restaurant""]",cafes in indische buurt,52.3639391,4.940033199999999,Dining & Cafes
1086,ChIJA3otBJwJxkcRLMVxWAd5K04,160,0.0087704873102011,Bar Do,633,$$$$$$$,Bar,"[""Bar""]",bars in museumkwartier,52.3609249,4.8915084,Dining & Cafes
1087,ChIJhVaZmu0JxkcRErbwsgAo38U,160,0.0087704873102011,Boutique Del Caffe Torrefazione.,773,$$$$$$,Koffiebar,"[""Koffiebar""]",cafes in de pijp,52.3573615,4.8890779,Dining & Cafes
1089,ChIJqQ75RHAJxkcR-EIxuwfV4J0,160,0.0087704873102011,Restaurant Nomads,693,$$,Restaurant,"[""Restaurant"",""Lunchrestaurant"",""Afhaalrestaurant""]",bars in de dapperbuurt,52.3564173,4.9299214,Dining & Cafes
1090,ChIJRbO7e5ALxkcRVzpWXKh2rgY,160,0.0087704873102011,Roots Coffeeshop,1184,,Cannabiswinkel,"[""Cannabiswinkel""]",stores in bijlmer arena,52.3116642,4.948173499999999,Cannabisshop
1091,ChIJYzPqibgJxkcRjwXw67yGi9M,160,0.0087704873102011,King's Cross,633,,Bar,"[""Bar"",""Koffiehuis"",""Club"",""Waterpijpcafe""]",bars in wallengebied,52.3745288,4.8970813,Dining & Cafes
1092,ChIJFzaLU-gJxkcRsiJ1x6NBS0o,160,0.0087704873102011,Restaurant Crystal,1191,$$$$$$$,Restaurant voor vleesgerechten,"[""Restaurant voor vleesgerechten"",""Halal-restaurant""]",restaurants in leidseplein,52.3647156,4.8840069,Dining & Cafes
1093,ChIJVbDx--gJxkcRYGYKHtLcacI,160,0.0087704873102011,Rancho Leidseplein,927,$$$$$$$,Restaurant voor vleesgerechten,"[""Restaurant voor vleesgerechten"",""Restaurant"",""Steakhouse""]",bars in leidseplein,52.3641299,4.8837323,Dining & Cafes
1094,ChIJbQUFpm7ixUcRK5Oo2vHXoZ4,160,0.0087704873102011,Terrasmus,796,$$$$$$,Koffiehuis,"[""Koffiehuis"",""Ontbijtrestaurant"",""Koffiebar"",""Lunchrestaurant""]",restaurants in sloterdijk,52.374103,4.850274,Dining & Cafes
1095,ChIJnY1JQisJxkcRp8hl_0nR4RE,159,0.0087156717645124,de Willem,233,,Restaurant,"[""Restaurant""]",bars in haarlemmerbuurt,52.3849429,4.8829166,Dining & Cafes
1096,ChIJVYZ2RZUJxkcRzhn39M9qvjQ,159,0.0087156717645124,Tomo Sushi,1094,$$,Restaurant,"[""Restaurant"",""Aziatisch restaurant"",""Bar"",""Sushirestaurant""]",restaurants in rembrandtplein,52.3658897,4.895302,Dining & Cafes
1097,ChIJTwy5mfIJxkcRL3oNgHwetG0,159,0.0087156717645124,Onigiri YA! -Japan Market,664,$,Japanse kruidenierswinkel,"[""Japanse kruidenierswinkel"",""Afhaalrestaurant""]",supermarkets in de pijp,52.3530756,4.8908554,Shopping
1098,ChIJIUMe97cJxkcRFZHPTxYL4HA,159,0.0087156717645124,illy espressamente Amsterdam,1691,$$$$$$,Koffiebar,"[""Koffiebar""]",cafes in de wallen,52.377486,4.897479,Dining & Cafes
1099,ChIJh9FTjowJxkcR3Y0v84lYk3U,159,0.0087156717645124,Renato's Osteria - De Pijp,630,$$,Italiaans restaurant,"[""Italiaans restaurant""]",restaurants in de pijp,52.3514902,4.895222,Dining & Cafes
1100,ChIJ8eqzO8UJxkcRnaqZbdTHTL0,159,0.0087156717645124,Cafe Wester,810,$$$$$$$,Cafe,"[""Cafe""]",bars in haarlemmerbuurt,52.3760187,4.8838742,Dining & Cafes
1101,ChIJ-ZNHaxcIxkcRMyIkItZ8Zns,158,0.0086608562188236,Zonnehuis,754,,Cultureel centrum,"[""Cultureel centrum"",""Monument"",""Theater""]",event venues in buikslotermeerplein,52.4135074,4.891349,Cultural & Historic
1102,ChIJfyYbKEQJxkcRnCiu6tkI468,158,0.0086608562188236,Green Place Coffeeshop Haarlemmerstraat,215,,Cannabiswinkel,"[""Cannabiswinkel"",""Koffiebar""]",bars in haarlemmerbuurt,52.3794428,4.8940335,Cannabisshop
1103,ChIJIcrgu9oJxkcRU6r5hVs7G60,158,0.0086608562188236,Le Petit Deli,498,$$$$$$$,Patisserie,"[""Patisserie"",""Afhaalrestaurant"",""Broodjeswinkel""]",cafes in de jordaan,52.3765908,4.8821448,Dining & Cafes
1104,ChIJjbCuMnkJxkcRQlR2ZPaKhrg,158,0.0086608562188236,House of Watt,639,$$,Restaurant,"[""Restaurant""]",bars in oud-oost,52.3496197,4.9221802,Dining & Cafes
1106,ChIJYUvhJjoIxkcRIgfMGCmtoS4,157,0.0086060406731349,DoubleTree by Hilton Hotel Amsterdam - NDSM Wharf,1514,,Hotel,"[""Hotel""]",hotels in haarlemmerbuurt,52.4006571,4.893825,Hotel
1107,ChIJGSh-6p0JxkcRb5g-7m-7VoY,157,0.0086060406731349,The Meets,599,$$,Restaurant,"[""Restaurant"",""Italiaans restaurant"",""Veganistisch restaurant"",""Vegetarisch restaurant""]",restaurants in indische buurt,52.3641579,4.9351701,Dining & Cafes
1108,ChIJ7Ri6K8QJxkcRW0_hwFeU8N8,157,0.0086060406731349,Caffe il Momento,819,$$$$$$,Koffiebar,"[""Koffiebar""]",cafes in nieuwmarkt,52.3746846,4.8890461,Dining & Cafes
1109,ChIJKxJ4Ok0IxkcR5AT1Q4ERz_g,157,0.0086060406731349,Boka's Koffiebar,501,$$$$$$$,Koffiebar,"[""Koffiebar"",""Lunchrestaurant""]",cafes in buikslotermeerplein,52.3880938,4.9094265,Dining & Cafes
1110,ChIJjVl8qW3ixUcRHe6iFoVRg9U,157,0.0086060406731349,Cafe Cook,898,$$,Restaurant,"[""Restaurant"",""Biertuin"",""Koffiehuis"",""Lunchrestaurant"",""Vegetarisch restaurant"",""Wijnbar""]",restaurants in sloterdijk,52.3712896,4.8526246,Dining & Cafes
1111,ChIJ5-9Ez7kJxkcRjM7DpbsBOrY,157,0.0086060406731349,"Het Elfde Gebod, Zeedijk",866,$$$$$$$,Bar,"[""Bar"",""Cafe""]",bars in wallengebied,52.3761833,4.9002278,Dining & Cafes
1113,ChIJmQreiOMJxkcR8WKMmgZ5Auc,156,0.0085512251274461,citizenM Amstel Amsterdam hotel,593,,Hotel,"[""Hotel""]",hotels in negen straatjes,52.3610835,4.906267,Hotel
1115,ChIJkxQLT-kJxkcRL84p6aY2lGA,156,0.0085512251274461,Mayur Indian/Indiaas Restaurant,876,$$$,Indiaas restaurant,"[""Indiaas restaurant""]",restaurants in leidseplein,52.362355,4.886161,Dining & Cafes
1116,ChIJPS14LMcJxkcRCu1n87iH_8Q,156,0.0085512251274461,LUCY'S,509,$$$$$$,Koffiehuis,"[""Koffiehuis"",""Koffiewinkel"",""Dessertrestaurant""]",cafes in de wallen,52.3723337,4.8925911,Dining & Cafes
1118,ChIJid7DpeYJxkcRlG7Et4uem_M,156,0.0085512251274461,Koffie Academie,804,$$$$$$,Koffiehuis,"[""Koffiehuis"",""Espressobar""]",cafes in leidseplein,52.362383,4.8746811,Dining & Cafes
1119,ChIJPzQzNrgJxkcRYBGnA-Ylm0U,156,0.0085512251274461,Hotel Old Quarter,1091,,Hotel,"[""Hotel""]",hotels in de wallen,52.3759688,4.8988942,Hotel
1120,ChIJ42qtkbMJxkcRwWb-lV0ikSU,156,0.0085512251274461,Tolhuistuin,2112,,Cultureel centrum,"[""Cultureel centrum"",""Concertzaal"",""Dansschool"",""Evenementenlocatie"",""Tuin"",""Theater"",""Cafe"",""Restaurant""]",event venues in bijlmer arena,52.383077,4.903027,Cultural & Historic
1121,ChIJwdve5i8JxkcRSNbrFKqWJE0,156,0.0085512251274461,AMI - Cafe Manger,206,,Frans restaurant,"[""Frans restaurant"",""Bar"",""Bistro"",""Restaurant""]",bars in de pijp,52.3550195,4.8934678,Dining & Cafes
1122,ChIJZcjK8JUJxkcRstbgS2u0_dY,155,0.0084964095817573,Cafe Langereis,846,$$$$$$$,Bar,"[""Bar"",""Cafe""]",bars in rembrandtplein,52.366129,4.9001399,Dining & Cafes
1123,ChIJycmSme0JxkcReMbks4jH_ZU,155,0.0084964095817573,Cafe Caron,651,$$,Restaurant,"[""Restaurant"",""Bistro"",""Eetcafe"",""Frans restaurant"",""Frans haute cuisine-restaurant""]",restaurants in de pijp,52.3573724,4.8887136,Dining & Cafes
1124,ChIJnXFV2egJxkcRQm6_5ziRw7k,155,0.0084964095817573,Palladium,912,$$$,Restaurant,"[""Restaurant"",""Bar"",""Lunchrestaurant"",""Nachtclub"",""Brasserie""]",bars in leidseplein,52.3636151,4.8836086,Dining & Cafes
1125,ChIJORAB88QJxkcRosGTKrR0CEA,155,0.0084964095817573,Homomonument,1338,,Cultureel monument,"[""Cultureel monument"",""Stichting"",""Monument"",""Toeristische attractie""]",tourist attractions in negen straatjes,52.3744126,4.884922899999999,Cultural & Historic
1126,ChIJ2e9iNNgJxkcRWrLfbn0gE5s,155,0.0084964095817573,Cafe Parlotte,382,,Restaurant,"[""Restaurant""]",restaurants in de jordaan,52.3782572,4.8817517,Dining & Cafes
1127,ChIJ1QrPqRvixUcRD5U-WFCujbE,154,0.0084415940360686,Caffenation Amsterdam,827,$$$$$$,Koffiebar,"[""Koffiebar""]",cafes in vondelpark,52.354718,4.849319,Dining & Cafes
1128,ChIJBysmqXoJxkcRe5TxdtJrrrE,154,0.0084415940360686,Restaurant JA,397,$$$$$$,Haute-cuisinerestaurant,"[""Haute-cuisinerestaurant"",""Aziatisch fusion-restaurant"",""Nederlands restaurant"",""Frans restaurant"",""Fusion-restaurant"",""Japans restaurant""]",restaurants in de pijp,52.3556833,4.8983018,Dining & Cafes
1129,ChIJKSEjycMJxkcRHhlcbqsS5Ao,154,0.0084415940360686,BUFFET van Odette,959,$$,Modern-Europees restaurant,"[""Modern-Europees restaurant"",""Restaurant"",""Wijnbar""]",restaurants in museumkwartier,52.3623386,4.8890787,Dining & Cafes
1131,ChIJmeN4pQQJxkcRvUzUR1SPeqg,154,0.0084415940360686,Onze Zaak - Italiaans Restaurant,461,,Italiaans restaurant,"[""Italiaans restaurant"",""Bar"",""Bistro"",""Lunchrestaurant"",""Mediterraans restaurant"",""Restaurant"",""Wijnbar""]",restaurants in negen straatjes,52.3694869,4.890647,Dining & Cafes
1132,ChIJZzH1VlAJxkcR5CMEPagzjbw,154,0.0084415940360686,Anook Bakehouse,206,$$$$$$,Dessertrestaurant,"[""Dessertrestaurant"",""Koffiebar"",""Koffiewinkel"",""IJssalon"",""Patisserie""]",cafes in de pijp,52.351248,4.891265,Dining & Cafes
1133,ChIJ67WXNscJxkcR6Nww9PNynow,154,0.0084415940360686,Old Amsterdam Cheese Store,731,,Kaaswinkel,"[""Kaaswinkel"",""Winkel voor cadeaumanden"",""Delicatessenwinkel"",""Souvenirwinkel""]",supermarkets in nieuwmarkt,52.3749398,4.8950526,Shopping
1134,ChIJ7YbINQEJxkcRcotwZ9DwrEM,154,0.0084415940360686,Oliva (restaurant & club),657,,Club,"[""Club"",""Bar"",""Nachtclub"",""Restaurant""]",bars in rembrandtplein,52.3664853,4.8966298,Entertainment & Nightlife
1135,ChIJsfsUJd0JxkcRCztH_o2UIkI,154,0.0084415940360686,Pazzi,799,$$$$$$$,Pizzeria,"[""Pizzeria"",""Italiaans restaurant""]",bars in de jordaan,52.3692794,4.8807277,Dining & Cafes
1136,ChIJ5dUFtW4JxkcRWFQLYERXHbo,154,0.0084415940360686,Flevopark,897,,Park,"[""Park""]",parks in negen straatjes,52.3586371,4.948333,Green Recreation
1137,ChIJJwK0FvgJxkcRmp_uSt9qKH4,154,0.0084415940360686,Thephonelab,1232,,Reparatiewinkel voor mobiele telefoons,"[""Reparatiewinkel voor mobiele telefoons"",""Winkel met accessoires voor mobiele telefoons"",""Mobiele-telefoonwinkel"",""Computerreparatie"",""Electronicareparatiewinkel"",""Elektronicareparatiewerkplaats"",""Telefoonreparatieservice"",""Reparatiebedrijf"",""Leverancier van telecommunicatieapparatuur"",""Telefoonbedrijf""]",stores in zuidas,52.3471231,4.876575,Shopping
1138,ChIJIUP83w1zxkcRvy8hwrNZrHE,153,0.0083867784903798,Leonardo Hotel Vinkeveen Amsterdam,1329,,Hotel,"[""Hotel""]",hotels in bijlmer arena,52.2230556,4.9813889,Hotel
1139,ChIJWT0tb7gJxkcRz3DRZcMvt20,153,0.0083867784903798,Sherlocked Escape Rooms,945,,Escaperoomcentrum,"[""Escaperoomcentrum"",""Toeristische attractie""]",tourist attractions in bijlmer arena,52.3746507,4.8953688,Activities
1140,ChIJXau-U5TjxUcRfHVyvZWJsrk,153,0.0083867784903798,NESS Amsterdam,845,,Restaurant,"[""Restaurant""]",bars in osdorpplein,52.3607945,4.8081739,Dining & Cafes
1141,ChIJ1dPTPsoJxkcRTmyCkfNISjI,153,0.0083867784903798,MOS,755,$$$$$$,Haute-cuisinerestaurant,"[""Haute-cuisinerestaurant"",""Restaurant""]",restaurants in haarlemmerbuurt,52.3838045,4.8955074,Dining & Cafes
1142,ChIJ3yFv3JgJxkcRLl-M2luy_Gc,153,0.0083867784903798,Sita Indiaas en Nepalees,545,$$$$$$$,Nepalees restaurant,"[""Nepalees restaurant"",""Indiaas restaurant""]",restaurants in museumkwartier,52.3550974,4.881122,Dining & Cafes
1143,ChIJMy8gn9UJxkcRnK9Ba6RombY,153,0.0083867784903798,Brouwerij Troost Westergas,1792,$$$$$$$,Restaurant,"[""Restaurant"",""Bar"",""Brouwerij"",""Brouwerijcafe""]",bars in sloterdijk,52.3860825,4.8728234,Dining & Cafes
1144,ChIJ_RhD65EJxkcRiOH41wnKX5A,152,0.0083319629446911,Rainbowls Amsterdam,540,$$,Health Food-restaurant,"[""Health Food-restaurant"",""Ontbijtrestaurant"",""Brunchrestaurant"",""Koffiehuis"",""Koffiebar"",""Smoothiewinkel"",""Lunchrestaurant"",""Banketbakker"",""Veganistisch restaurant"",""Vegetarisch restaurant""]",cafes in de pijp,52.3569883,4.8885885,Dining & Cafes
1145,ChIJjT5JJbkJxkcR1X80bE9OLf0,152,0.0083319629446911,Poco Loco,1094,$$$$$$$,Eetcafe,"[""Eetcafe"",""Restaurant voor orgaanvlees"",""Cafe""]",bars in nieuwmarkt,52.3725559,4.8995894,Dining & Cafes
1147,ChIJ5ZuoiMUJxkcR2mcfKIZ7WsA,152,0.0083319629446911,Rode Hoed,782,,Cultureel centrum,"[""Cultureel centrum"",""Evenementenlocatie"",""Monument"",""Toeristische attractie""]",event venues in negen straatjes,52.3773887,4.887186799999999,Cultural & Historic
1148,ChIJseJzXQQKxkcR2h51UTuyrdU,152,0.0083319629446911,wagamama,965,$$$$$$$,Aziatisch restaurant,"[""Aziatisch restaurant"",""Japans restaurant"",""Pan-Aziatisch restaurant"",""Ramen-noedelrestaurant"",""Restaurant"",""Thais restaurant""]",restaurants in zuidas,52.3399376,4.8728113,Dining & Cafes
1149,ChIJD9IhC7wJxkcR0OHTw2WK-E8,152,0.0083319629446911,29 Spices,842,$$$$$$$,Indiaas restaurant,"[""Indiaas restaurant""]",restaurants in de jordaan,52.3700926,4.881522599999999,Dining & Cafes
1150,ChIJZZ0xvrkJxkcR7ZBhNZqXeCU,152,0.0083319629446911,Little Thai Prince,759,$$$$$$$,Thais restaurant,"[""Thais restaurant""]",restaurants in de wallen,52.3756074,4.9010621,Dining & Cafes
1151,ChIJeQ5DFvThxUcR2WoTWfqDC7M,152,0.0083319629446911,Osteria Bella Ciao Zuid,535,$$,Italiaans restaurant,"[""Italiaans restaurant""]",restaurants in zuidas,52.3452144,4.8550321,Dining & Cafes
1152,ChIJT1vCvLkOxkcRu-tMgwn-VZo,152,0.0083319629446911,Amadi Panorama Hotel,1243,,Hotel,"[""Hotel"",""Binnenovernachting"",""Accomodatie""]",hotels in bijlmer arena,52.3593306,4.9881612,Hotel
1153,ChIJcZb4oVjixUcRZ0F94tiLRKQ,152,0.0083319629446911,BRET BAR,1547,$$,Bar,"[""Bar""]",bars in sloterdijk,52.389852,4.8367635,Dining & Cafes
1154,ChIJGcrH86LjxUcRP4g6Z28xHUg,152,0.0083319629446911,Buno Coffee Hoofddorpplein,348,$$$$$$$,Koffiebar,"[""Koffiebar"",""Acai winkel"",""Ontbijtrestaurant"",""Brunchrestaurant"",""Koffiehuis"",""Espressobar"",""Health Food-restaurant"",""Lunchrestaurant"",""Veganistisch restaurant""]",coffeeshops in zuidas,52.3513152,4.850585199999999,Dining & Cafes
1155,ChIJV-z1Y4QLxkcR1PSpzU_9CH0,152,0.0083319629446911,Oma Ietje,1021,$$$$$$$,Restaurant,"[""Restaurant"",""Koffiehuis"",""Koffiebar"",""Lunchrestaurant""]",bars in bijlmer arena,52.3064947,4.9539175,Dining & Cafes
1156,ChIJd9TT9pEJxkcRfxom6A4JuTo,151,0.0082771473990023,Bakkerij Eethuis Lavina,613,$$$$$$,Restaurant,"[""Restaurant""]",restaurants in de pijp,52.3566038,4.8996137,Dining & Cafes
1158,ChIJ2Rb-x8QJxkcRuJfH2Y2VmJ8,151,0.0082771473990023,Bistro Amsterdam,943,$$$$$$$,Restaurant,"[""Restaurant"",""Bistro"",""Nederlands restaurant"",""Lunchrestaurant""]",restaurants in negen straatjes,52.3737925,4.8834846,Dining & Cafes
1159,ChIJAz6N4aUJxkcRhnYULOlHXaI,151,0.0082771473990023,The July - Boat & Co,705,,Hotel,"[""Hotel""]",hotels in haarlemmerbuurt,52.3941655,4.8823508,Hotel
1160,ChIJ4zApUxgJxkcRBgTwUnT6PoI,151,0.0082771473990023,"Papa Ali HALAL Steakhouse, Mix Grill Restaurant",706,$$$$$$$,Steakhouse,"[""Steakhouse""]",restaurants in nieuwmarkt,52.3756517,4.9029703,Dining & Cafes
1161,ChIJfQxee2wJxkcRo0s9O1lXWLM,151,0.0082771473990023,VIJFNULVIJF Amsterdam - Urban Asian Kitchen,818,$$$$$$$,Aziatisch restaurant,"[""Aziatisch restaurant"",""Bar"",""Jazzclub"",""Bar met live muziek"",""Locatie voor live muziek"",""Cafe"",""Restaurant"",""Sushirestaurant"",""Sushi takeaway""]",bars in indische buurt,52.3618098,4.939417,Dining & Cafes
1162,ChIJsUKGLZIJxkcRJnQtYTo6FxE,151,0.0082771473990023,Hotel Notting Hill Amsterdam,937,,Hotel,"[""Hotel""]",hotels in negen straatjes,52.3583679,4.898828,Hotel
1163,ChIJF-BWGOkJxkcRY4XEBLRsEdo,151,0.0082771473990023,Pianobar Maxim,837,,Locatie voor live muziek,"[""Locatie voor live muziek"",""Bar"",""Cocktailbar"",""Entertainer"",""Wifi-spot"",""Wijnbar""]",bars in leidseplein,52.3631919,4.8845834,Event venue
1164,ChIJRWoKAO8JxkcRhTtXVRUjcPs,151,0.0082771473990023,FoodCrib,448,$$$$$$$,Broodjeswinkel,"[""Broodjeswinkel"",""Snackbar""]",bars in museumkwartier,52.35919,4.882879,Shopping
1165,ChIJY07MUVAJxkcRzYJqB9gLS7Y,151,0.0082771473990023,Yuzu Dining Bar,299,,Yakitori-restaurant,"[""Yakitori-restaurant"",""Cocktailbar"",""Evenementenlocatie"",""Modern izakaya restaurant""]",bars in museumkwartier,52.3651378,4.886131499999999,Dining & Cafes
1166,ChIJ4aWiH8kJxkcRyJNMJWCWGnU,151,0.0082771473990023,Green House United,2008,,Cannabiswinkel,"[""Cannabiswinkel""]",cafes in haarlemmerbuurt,52.3803083,4.8921814,Cannabisshop
1167,ChIJQYhYjw_ixUcRuWWCV7vg_tA,151,0.0082771473990023,Bar Kosta,775,$$$$$$$,Bar,"[""Bar"",""Cocktailbar"",""Hamburgerrestaurant"",""Lunchrestaurant""]",bars in museumkwartier,52.3579573,4.8556117,Dining & Cafes
1168,ChIJZ0xtxcQJxkcRpF1UI242jtU,150,0.0082223318533136,Anne Frank Monument,349,,Beeldhouwwerk,"[""Beeldhouwwerk""]",monuments in negen straatjes,52.3743338,4.8839694,Cultural & Historic
1169,ChIJ8wZ87psJxkcRaTJ4M2iCBiQ,150,0.0082223318533136,Safari sranang,392,$$$$$$$,Restaurant voor vleesgerechten,"[""Restaurant voor vleesgerechten"",""Restaurant""]",bars in oosterparkbuurt,52.3596347,4.9121462,Dining & Cafes
1170,ChIJ7yOAaMUJxkcRmytIggT0MOw,150,0.0082223318533136,Cafe P96,936,$$$$$$$,Koffiehuis,"[""Koffiehuis"",""Bar""]",cafes in negen straatjes,52.3770674,4.884865899999999,Dining & Cafes
1172,ChIJnQms098JxkcR2yqRLNCFw1E,150,0.0082223318533136,Monks Coffee Roasters,834,$$$$$$,Koffiehuis,"[""Koffiehuis""]",cafes in sloterdijk,52.3712151,4.8702463,Dining & Cafes
1173,ChIJBypQaZQJxkcRsMmyW6YMrkk,150,0.0082223318533136,Cafe Marcella,719,$$$$$$$,Cafe,"[""Cafe"",""Bar"",""Koffiehuis""]",bars in rembrandtplein,52.362249,4.8982857,Dining & Cafes
1174,ChIJ1Sl947kJxkcR-IbXT-EFTOg,150,0.0082223318533136,Coffeeshop Central,1198,,Cannabiswinkel,"[""Cannabiswinkel""]",coffeeshops in de wallen,52.3767193,4.9019128,Cannabisshop
1175,ChIJYW91DsAJxkcRDWAEbAoSEXY,150,0.0082223318533136,Cafe Katoen,800,$$$$$$$,Koffiehuis,"[""Koffiehuis"",""Lunchrestaurant""]",cafes in de wallen,52.3677698,4.8941472,Dining & Cafes
1176,ChIJ-5FzYvwJxkcR81sMj3bmSmk,150,0.0082223318533136,Le Pain Quotidien,796,$$$$$$$,Restaurant,"[""Restaurant"",""Bakkerij"",""Ontbijtrestaurant"",""Brunchrestaurant"",""Koffiebar""]",restaurants in museumkwartier,52.3546177,4.8720254,Dining & Cafes
1178,ChIJnx2fiOAJxkcRxFHT4JQ_tQ4,149,0.0081675163076248,Seoul Food,967,$$,Koreaanse kruidenierswinkel,"[""Koreaanse kruidenierswinkel""]",supermarkets in leidseplein,52.3669452,4.871675,Shopping
1179,ChIJxU3mA8AJxkcRZBaxdFH9zqw,149,0.0081675163076248,Coffeeshop The Old Church,805,,Cannabiswinkel,"[""Cannabiswinkel""]",coffeeshops in leidseplein,52.3669676,4.8941408,Cannabisshop
1180,ChIJVb-u4s8JxkcRcUjnJhjzILs,149,0.0081675163076248,Cafe De Blaffende Vis,869,$$$$$$$,Cafe,"[""Cafe""]",bars in de jordaan,52.3785341,4.883288299999999,Dining & Cafes
1181,ChIJj2tqVx4JxkcR6oGOu6i2mMM,149,0.0081675163076248,The Park Playground VR Amsterdam,639,,Amusementscentrum,"[""Amusementscentrum"",""Escaperoomcentrum"",""Recreatiecentrum"",""Toeristische attractie"",""Speelhal""]",activities in sloterdijk,52.3951451,4.8749761,Activities
1182,ChIJf9SJCdUJxkcRTuPU01lDhOs,149,0.0081675163076248,Het Ketelhuis,993,,Bioscoop,"[""Bioscoop"",""Koffiehuis"",""Cafe"",""Restaurant""]",movie theaters in dapperbuurt,52.386375,4.8735,Activities
1183,ChIJsZXiwa4JxkcRuxpqDjIObKM,149,0.0081675163076248,Nomu - Boba | Matcha | Coffee,372,$$$$$$,Koffiebar,"[""Koffiebar"",""Aziatisch restaurant"",""Bubbeltheewinkel"",""Koffiewinkel"",""Patisserie"",""Theewinkel""]",cafes in haarlemmerbuurt,52.3830137,4.8868273,Dining & Cafes
1184,ChIJLXURjegJxkcRuOx5rkQLkFA,149,0.0081675163076248,Cafe | Brasserie Internationaal Theater Amsterdam,601,$$$$$$$,Koffiehuis,"[""Koffiehuis"",""Restaurant"",""Brasserie""]",bars in leidseplein,52.363968,4.882302,Dining & Cafes
1185,ChIJxa22YGMJxkcR-50YNI6p7Ss,149,0.0081675163076248,Sandwichshop Amsterdam | Warmoesstraat,1044,$$$$$$$,Broodjeswinkel,"[""Broodjeswinkel"",""Ontbijtrestaurant"",""Koffiebar"",""Lunchrestaurant"",""Maaltijdbezorging"",""Afhaalrestaurant""]",cafes in de wallen,52.3755277,4.898287,Shopping
1186,ChIJEW3IEFAIxkcRPNVuI8uGPRc,149,0.0081675163076248,Restaurant Turquoise Meating,741,$$$$$$$,Turks restaurant,"[""Turks restaurant"",""Restaurant""]",restaurants in buikslotermeerplein,52.3969454,4.9141634,Dining & Cafes
1187,ChIJc4TfX-gJxkcRB_y9-NK07FU,149,0.0081675163076248,Cafe De Waard,951,$$,Cafe,"[""Cafe""]",bars in leidseplein,52.3646173,4.8825531,Dining & Cafes
1188,ChIJd6VVVsYJxkcRezesOAws9Rk,149,0.0081675163076248,Big Shots Cafe Amsterdam: Sports Bar,507,$$$$$$$,Sportcafe,"[""Sportcafe"",""Bar"",""Koffiehuis"",""Cafe""]",cafes in dapperbuurt,52.3749828,4.8922251,Dining & Cafes
1189,ChIJfd0TMAwJxkcRauYYoF90hQQ,149,0.0081675163076248,Oriole,344,,Bistro,"[""Bistro""]",restaurants in de wallen,52.370789,4.895245,Dining & Cafes
1190,ChIJR9J8VZgJxkcRB9OKcdX7Q5U,148,0.008112700761936,Het Ballonnetje Coffeeshop,900,$$$$$$$,Koffiebar,"[""Koffiebar"",""Cannabiswinkel""]",coffeeshops in buikslotermeerplein,52.3634658,4.9105327,Dining & Cafes
1191,ChIJ6VEZtInjxUcR_IsEYjlyzUw,148,0.008112700761936,Rosarium Vondelpark,444,,Tuin,"[""Tuin""]",activities in leidseplein,52.3576252,4.863571299999999,Green Recreation
1192,ChIJkXr1qeYJxkcRoxfyO6-Hs8w,148,0.008112700761936,One Dim Sum,795,$$$$$$$,Dimsumrestaurant,"[""Dimsumrestaurant"",""Restaurant""]",restaurants in vondelpark,52.3622749,4.8742569,Dining & Cafes
1193,ChIJRy1hotoJxkcR1c9fRL0wmO4,148,0.008112700761936,La Trattoria Di Donna Sofia,618,,Italiaans restaurant,"[""Italiaans restaurant""]",restaurants in de jordaan,52.3774396,4.8816482,Dining & Cafes
1194,ChIJnaaCId0JxkcRlq80TjoTcDQ,148,0.008112700761936,Bar Oldenhof,774,$$$$$$$,Cocktailbar,"[""Cocktailbar"",""Bar""]",bars in 9 straatjes,52.3697034,4.8802631,Dining & Cafes
1195,ChIJk9WkDJIJxkcRKpYW2E9GTIY,148,0.008112700761936,Franggo De Pijp,636,$$$$$$$,Kiprestaurant,"[""Kiprestaurant""]",restaurants in de pijp,52.3562685,4.8977381,Dining & Cafes
1197,ChIJp4jRACAKxkcRB_egiMbCHvM,148,0.008112700761936,'t Vliegertje,922,$$,Restaurant,"[""Restaurant"",""Bar"",""Bistro"",""Steakhouse""]",bars in zuid,52.3453452,4.8912095,Dining & Cafes
1198,ChIJGx8oOc4JxkcReogRWWfu_Gs,148,0.008112700761936,Lucky House,420,$$$$$$$,Chinees restaurant,"[""Chinees restaurant""]",restaurants in haarlemmerbuurt,52.3814451,4.8852867,Dining & Cafes
1199,ChIJnZ7nS8cJxkcRsvM3KjGFQuA,147,0.0080578852162473,Louis Bar,800,$$$$$$$,Bar,"[""Bar""]",bars in museumkwartier,52.3762741,4.899661399999999,Dining & Cafes
1200,ChIJU7yBfLgJxkcR_oeghvkpPI8,147,0.0080578852162473,Hotel Ben,1164,,Hotel,"[""Hotel""]",hotels in de wallen,52.3748544,4.8967896,Hotel
1201,ChIJFTin4fsJxkcRGoBY9nJ6-Fg,147,0.0080578852162473,Comedyclub Toomler,856,,Comedyclub,"[""Comedyclub"",""Theater""]",event venues in leidseplein,52.3514487,4.872885,Entertainment & Nightlife
1202,ChIJX9t6TL4JxkcRyVoI5zvGBhE,147,0.0080578852162473,Espressobar Puccini,634,$$$$$$$,Espressobar,"[""Espressobar"",""Restaurant""]",cafes in de wallen,52.3682346,4.898634299999999,Dining & Cafes
1203,ChIJp7I-54wJxkcR_oma_qq4ed4,147,0.0080578852162473,Rialto,735,,Bioscoop,"[""Bioscoop""]",movie theaters in negen straatjes,52.3529759,4.8939264,Activities
1204,ChIJXT9DBMcJxkcR2thaZfmZvdA,146,0.0080030696705585,Cafe Belgique,1034,$$$$$$$,Bar,"[""Bar"",""Koffiehuis""]",bars in wallengebied,52.374329,4.893091,Dining & Cafes
1205,ChIJCZwWu-oJxkcR_E2NYEqQj-o,146,0.0080030696705585,Bar Feijoa,633,$$$$$$$,Cocktailbar,"[""Cocktailbar""]",bars in wallengebied,52.3659906,4.8933116,Dining & Cafes
1206,ChIJEQGgF9kJxkcR9r1pIdgMc8A,146,0.0080030696705585,Mitsos Traiterie,539,$$$$$$$,Grieks restaurant,"[""Grieks restaurant"",""Catering"",""Delicatessenwinkel"",""Voedselproducent"",""Afhaalrestaurant""]",restaurants in sloterdijk,52.3743579,4.8735524,Dining & Cafes
1207,ChIJ66SyTtsJxkcRtr15T5c5jPw,146,0.0080030696705585,Sneaker District,1831,,Schoenenwinkel,"[""Schoenenwinkel""]",stores in de jordaan,52.3735481,4.8819988,Shopping
1208,ChIJdVfGncQJxkcRiHJvkmH1SAg,145,0.0079482541248698,Pulitzer's Bar,644,$$$$$$$,Bar,"[""Bar"",""Cocktailbar""]",bars in 9 straatjes,52.3726429,4.8843648,Dining & Cafes
1209,ChIJCadWgr4JxkcR8wiZuwotIl0,145,0.0079482541248698,Cafe Restaurant Orff,660,$$$$$$$,Eetcafe,"[""Eetcafe""]",restaurants in nieuwmarkt,52.3695406,4.9017159,Dining & Cafes
1210,ChIJZYKXhYwJxkcRv-zdrhMo6C0,145,0.0079482541248698,Renato's Pizzeria - De Pijp,752,$$$$$$$,Pizzeria,"[""Pizzeria"",""Italiaans restaurant"",""Restaurant""]",restaurants in de pijp,52.3511885,4.8945159,Dining & Cafes
1211,ChIJec6XymcJxkcRA-nTt7mwBAk,145,0.0079482541248698,Deyacos Restaurant & Bar,701,$$$$$$$,Restaurant,"[""Restaurant"",""Bar""]",bars in wallengebied,52.3729686,4.899867599999999,Dining & Cafes
1212,ChIJtc6SqNvjxUcRuBcfgKtlxck,145,0.0079482541248698,Beymen Amsterdam - Cafe & Restaurant,867,$$$$$$$,Turks restaurant,"[""Turks restaurant""]",bars in osdorpplein,52.3571122,4.795882199999999,Dining & Cafes
1213,ChIJx1uWJLsJxkcRvR8dZlCeHCo,145,0.0079482541248698,Italian Gourmet,680,$$$$$$$,Italiaans restaurant,"[""Italiaans restaurant""]",restaurants in de wallen,52.3668533,4.8900958,Dining & Cafes
1215,ChIJmzhTjk0IxkcR4W3JTqO0Y3k,145,0.0079482541248698,Meneer Kebab,815,$$$$$$$,Turks restaurant,"[""Turks restaurant""]",restaurants in buikslotermeerplein,52.390739,4.9114627,Dining & Cafes
1216,ChIJTTvOFbkJxkcRINSwsMW1DJE,145,0.0079482541248698,Latei,860,$$$$$$$,Ontbijtrestaurant,"[""Ontbijtrestaurant""]",restaurants in de wallen,52.3732994,4.9003259,Dining & Cafes
1217,ChIJc1kQ65oJxkcRbRaJCvKBVAc,145,0.0079482541248698,Restaurant Maris Piper,498,,Restaurant,"[""Restaurant""]",bars in de pijp,52.3556777,4.8884268,Dining & Cafes
1218,ChIJEV-orY8JxkcR63FAf6tkQ98,145,0.0079482541248698,Spaghetteria Caffe,745,$$$$$$$,Restaurant,"[""Restaurant"",""Italiaans restaurant"",""Lunchrestaurant"",""Noord-Italiaans restaurant"",""Zuid-Italiaans restaurant""]",restaurants in de pijp,52.3535783,4.9025202,Dining & Cafes
1219,ChIJ-fR8PMwJxkcRAEsOP0f0pXw,144,0.007893438579181,'t Blaauwhooft,721,$$$$$$$,Eetcafe,"[""Eetcafe"",""Koffiehuis""]",restaurants in haarlemmerbuurt,52.3837666,4.8888972,Dining & Cafes
1220,ChIJlbYpoOYJxkcRjOf3oKk7tQ0,144,0.007893438579181,Trattoria Toto,734,$$$$$$$,Restaurant,"[""Restaurant"",""Italiaans restaurant"",""Pizzeria""]",bars in vondelpark,52.3622391,4.8753614,Dining & Cafes
1221,ChIJTf3rEuUJxkcRHTS0eHdfA2A,144,0.007893438579181,Bagels & Beans,959,$$$$$$$,Bagelwinkel,"[""Bagelwinkel"",""Ontbijtrestaurant"",""Brunchrestaurant"",""Koffiebar"",""Koffiewinkel"",""Smoothiewinkel"",""Veganistisch restaurant"",""Vegetarisch restaurant""]",cafes in de pijp,52.3552589,4.8899732,Shopping
1222,ChIJ1aDIqsYJxkcRwW0zWDQi5O0,144,0.007893438579181,Cafe het Paleis,975,$$$$$$$,Koffiehuis,"[""Koffiehuis""]",cafes in negen straatjes,52.3723178,4.8889866,Dining & Cafes
1224,ChIJzfXwHXQJxkcRfW99ZpqJKBQ,144,0.007893438579181,Caffe Milo,898,$$$$$$$,Restaurant,"[""Restaurant"",""Bar"",""Biertuin"",""Ontbijtrestaurant"",""Cocktailbar"",""Eetcafe"",""Lunchrestaurant""]",bars in museumkwartier,52.3602524,4.925510399999999,Dining & Cafes
1225,ChIJPxv4o8wJxkcR4BbQdU6To0Q,144,0.007893438579181,JOE & THE JUICE,229,$$$$$$$,Smoothiewinkel,"[""Smoothiewinkel"",""Koffiehuis"",""Koffiebar"",""Health Food-restaurant"",""Modern-Europees restaurant"",""Broodjeswinkel"",""Scandinavisch restaurant""]",cafes in museumkwartier,52.358472,4.878023,Shopping
1226,ChIJaVPD7NQJxkcRR09aNuUhmRE,144,0.007893438579181,Cafe Restaurant Metro,223,,Restaurant,"[""Restaurant""]",restaurants in buikslotermeerplein,52.3911235,4.904046699999999,Dining & Cafes
1227,ChIJd-4p0_ALxkcREWXlGjKKB_4,144,0.007893438579181,Douwe Egberts Cafe,192,$$$$$$,Koffiebar,"[""Koffiebar""]",cafes in bijlmer arena,52.313608,4.9520835,Dining & Cafes
1228,ChIJc-Jidm0JxkcReD0wXBo8_co,144,0.007893438579181,Drovers Dog Atjehstraat,705,$$$$$$$,Australisch restaurant,"[""Australisch restaurant"",""Bar"",""Ontbijtrestaurant"",""Brunchrestaurant"",""Espressobar""]",bars in oosterparkbuurt,52.3625098,4.9348416,Dining & Cafes
1229,ChIJNaLAdQAKxkcR_YLSXFz50fc,144,0.007893438579181,Coffeeshop DNA,1027,,Cannabiswinkel,"[""Cannabiswinkel""]",coffeeshops in museumkwartier,52.3450034,4.8642286,Cannabisshop
1230,ChIJpy8pFGfixUcRTQdeIXq2BEk,143,0.0078386230334922,Dutchies Hostel,1773,,Herberg,"[""Herberg""]",hotels in sloterdijk,52.3832162,4.8462454,Hotel
1231,ChIJT9IWuAvixUcRj5wiv3aRkR0,143,0.0078386230334922,Cafe De Kashmir Lounge,1071,$$$$$$,Lounge,"[""Lounge"",""Locatie voor live muziek""]",bars in vondelpark,52.364058,4.863322999999999,Dining & Cafes
1232,ChIJ6du0Ss8JxkcRmyPwzXlL8RI,143,0.0078386230334922,Domenica,441,,Restaurant,"[""Restaurant""]",restaurants in haarlemmerbuurt,52.3801162,4.8874646,Dining & Cafes
1233,ChIJVed23L4JxkcRdEwmIbrdzPY,143,0.0078386230334922,Cafe Restaurant San Diego,1160,$$$$$$$,Restaurant,"[""Restaurant""]",restaurants in nieuwmarkt,52.3708088,4.8991733,Dining & Cafes
1234,ChIJ31biiZEJxkcR4k_1L1vUfE4,143,0.0078386230334922,Fou Fow Ramen van Woustraat,820,$$$$$$$,Ramen-noedelrestaurant,"[""Ramen-noedelrestaurant"",""Restaurant""]",restaurants in de pijp,52.3575387,4.899568599999999,Dining & Cafes
1235,ChIJVWZIVwsKxkcR4vauw0vYxuk,143,0.0078386230334922,"Holiday Inn Express Amsterdam - South, an IHG Hotel",1125,,Hotel,"[""Hotel"",""Congrescentrum"",""Trouwlocatie""]",hotels in zuidas,52.325754,4.867037,Hotel
1236,ChIJ4eixybkJxkcRhDh_h5TLpm4,143,0.0078386230334922,The End Karaoke Amsterdam,911,$$$$$$$,Karaokebar,"[""Karaokebar""]",night clubs in amsterdam,52.3758773,4.9000207,Dining & Cafes
1237,ChIJU5WVM0gJxkcRHwWd07tLd8Q,143,0.0078386230334922,Gertrude Rest. & Bar,422,,Restaurant,"[""Restaurant"",""Bar"",""Wijnbar""]",bars in vondelpark,52.3656952,4.8761247,Dining & Cafes
1238,ChIJ07stEL8JxkcRmDhrlpIZTPE,143,0.0078386230334922,Basjoe,1213,,Cannabiswinkel,"[""Cannabiswinkel"",""Vereniging/organisatie"",""Koffiebar""]",stores in de wallen,52.3700312,4.8973492,Cannabisshop
1239,ChIJFe1zbhoJxkcRxQFzQskrI1U,143,0.0078386230334922,A'DAM VR Game Park - Virtual Reality Amsterdam,536,,Amusementscentrum,"[""Amusementscentrum"",""Evenementenbureau"",""Evenementenlocatie"",""Recreatiecentrum"",""Toeristische attractie"",""Speelhal""]",tourist attractions in buikslotermeerplein,52.3839552,4.9022782,Activities
1240,ChIJo1TgWYMJxkcRZ0pFoCKmn1Q,143,0.0078386230334922,Bar BAUT,843,$$,Restaurant,"[""Restaurant""]",bars in zuid,52.3457423,4.859712399999999,Dining & Cafes
1241,ChIJC9bcG9_hxUcRQjHbw7ghC-s,143,0.0078386230334922,Coffeeshop The Border,1057,,Cannabiswinkel,"[""Cannabiswinkel""]",coffeeshops in buikslotermeerplein,52.3220073,4.8571268,Cannabisshop
1242,ChIJNzCoW9AJxkcR3fOqWaJH-4E,143,0.0078386230334922,Caramba,504,$$$$$$$,Restaurant,"[""Restaurant""]",restaurants in de jordaan,52.3798166,4.8808922,Dining & Cafes
1243,ChIJJ-GI7zIJxkcRRZmMA-yM5ko,143,0.0078386230334922,Oocker,264,,Restaurant,"[""Restaurant"",""Wijnbar""]",bars in museumkwartier,52.3613933,4.9005657,Dining & Cafes
1244,ChIJNz30cJIJxkcRbwHXLDMI4I0,142,0.0077838074878035,De Japanner,717,$$,Japans restaurant,"[""Japans restaurant"",""Aziatisch restaurant"",""Bar"",""Cocktailbar"",""Dumplingrestaurant"",""Izakaya-restaurant"",""Modern izakaya restaurant"",""Restaurant"",""Sushirestaurant"",""Vegetarisch restaurant""]",restaurants in de pijp,52.356299,4.897117,Dining & Cafes
1245,ChIJzV8Am7wcdkgRlkzS9YLmIYU,142,0.0077838074878035,Super Lyan,494,$$$$$$$,Cocktailbar,"[""Cocktailbar""]",bars in wallengebied,52.3774374,4.8955622,Dining & Cafes
1246,ChIJW6E8ZMEJxkcR2wAXpCtvNUk,142,0.0077838074878035,Coffeeshop New Times,894,,Cannabiswinkel,"[""Cannabiswinkel""]",coffeeshops in haarlemmerbuurt,52.3705697,4.888935,Cannabisshop
1248,ChIJR8Rr7wkJxkcR_B6PkmKBDN0,142,0.0077838074878035,Stephen & Penelope,715,,Handwerkwinkel,"[""Handwerkwinkel"",""Knutselwinkel"",""Hobbywinkel"",""Breiwinkel"",""Winkel""]",stores in de nieuwmarkt,52.3707034,4.900075,Shopping
1249,ChIJe3b1dJoJxkcR8xgq5_KOdKM,142,0.0077838074878035,Gentle Place Coffee,233,$$$$$$,Koffiehuis,"[""Koffiehuis"",""Koffiebar"",""Koffiewinkel""]",cafes in buikslotermeerplein,52.394723,4.8998311,Dining & Cafes
1250,ChIJ7QhSkOYJxkcRYWNXnzHjdfc,142,0.0077838074878035,Hotel Espresso City Centre,1107,,Hotel,"[""Hotel"",""Accomodatie""]",hotels in museumkwartier,52.3628421,4.8764528,Hotel
1252,ChIJzV-RT98JxkcRktk4jnleEks,141,0.0077289919421147,Madame Croissant Amsterdam,873,$$$$$$,Patisserie,"[""Patisserie"",""Koffiehuis"",""Koffiewinkel""]",cafes in negen straatjes,52.3722702,4.8856966,Dining & Cafes
1253,ChIJvXfx10EJxkcR4EKUJKKNTqE,141,0.0077289919421147,cafe40,234,$$$$$$,Cafe,"[""Cafe""]",bars in wallengebied,52.3752213,4.8974056,Dining & Cafes
1254,ChIJhXDLUvnjxUcRYQMaDc_X2Ds,141,0.0077289919421147,Abbey,502,$$,Restaurant,"[""Restaurant"",""Bar"",""Eetcafe""]",bars in sloterdijk,52.382896,4.851033,Dining & Cafes
1255,ChIJfy5uoREKxkcRN1KtEboSGO0,141,0.0077289919421147,Bever,658,,Winkel voor buitensport,"[""Winkel voor buitensport"",""Kampeerwinkel"",""Sportwinkel""]",stores in zuidas,52.3317525,4.8781449,Shopping
1256,ChIJb1EJO4YJxkcRMmO44WPAZLc,141,0.0077289919421147,Coffeeshop Relax | Amsterdam Zuid,701,,Cannabiswinkel,"[""Cannabiswinkel""]",coffeeshops in bijlmer arena,52.3484609,4.9056009,Cannabisshop
1257,ChIJswrI9sEJxkcRzu4YPgxSMGk,141,0.0077289919421147,De Krijtberg,730,,Katholieke kerk,"[""Katholieke kerk"",""Toeristische attractie""]",monuments in haarlemmerbuurt,52.3678343,4.888132,Cultural & Historic
1259,ChIJH5A3EcgJxkcR_G7CU62g3NY,141,0.0077289919421147,Blarney Stone Irish Pub,823,$$$$$$$,Ierse pub,"[""Ierse pub"",""Bar""]",bars in haarlemmerbuurt,52.3782651,4.8954762,Dining & Cafes
1260,ChIJP400CuoJxkcR_RTU03jxHlo,140,0.007674176396426,Coffeeshop The Otherside,1094,,Cannabiswinkel,"[""Cannabiswinkel"",""Koffiebar""]",coffeeshops in negen straatjes,52.366786,4.8892283,Cannabisshop
1261,ChIJl96fNuIJxkcRoOkqccWo5To,140,0.007674176396426,Plan B,755,$$,Poolcentrum,"[""Poolcentrum"",""Bar"",""Dartsbar"",""Poolbiljartclub"",""Sportcafe""]",bars in vondelpark,52.3611816,4.8700553,Activities
1264,ChIJ6yq_j74JxkcRaHZl1QpM4cI,140,0.007674176396426,Tisfris,859,$$$$$$$,Eetcafe,"[""Eetcafe"",""Restaurant""]",bars in nieuwmarkt,52.3696321,4.9007912,Dining & Cafes
1265,ChIJF5zXSb8JxkcRCHWNpvkZBZ0,140,0.007674176396426,Burger Zaken Oude Hoogstraat Amsterdam,1581,$$$$$$$,Hamburgerrestaurant,"[""Hamburgerrestaurant"",""Snackbar"",""Restaurant""]",restaurants in nieuwmarkt,52.3713832,4.8970012,Dining & Cafes
1266,ChIJGYfrDZoJxkcR7b7PdqcF6FQ,140,0.007674176396426,Amstelhaven,718,$$$$$$$,Cafe,"[""Cafe"",""Bar"",""Restaurant""]",bars in oosterparkbuurt,52.3593602,4.9060405,Dining & Cafes
1270,ChIJ0RT-QPMJxkcRJN6CifvHBTI,139,0.0076193608507372,Oche,271,,Dartsbar,"[""Dartsbar"",""Bar"",""Evenementenlocatie"",""Pizzeria"",""Cafe"",""Restaurant"",""Sportcafe"",""Tapasbar"",""Tapas restaurant""]",bars in rembrandtplein,52.3657922,4.8977987,Dining & Cafes
1271,ChIJdVWLs6sJxkcRwIZFYv2wOmk,139,0.0076193608507372,Oedipus Brewing,781,$$$$$$$,Brouwerijcafe,"[""Brouwerijcafe"",""Bar"",""Biertuin"",""Brouwerij"",""Evenementenlocatie""]",bars in buikslotermeerplein,52.385357,4.9241202,Dining & Cafes
1272,ChIJ85DL7sIJxkcRrcAD-Z5B1BE,139,0.0076193608507372,Cafe de Doffer,866,$$$$$$$,Cafe,"[""Cafe"",""Bar"",""Koffiehuis"",""Lunchrestaurant""]",restaurants in negen straatjes,52.3689853,4.8836337,Dining & Cafes
1273,ChIJgXvhuYkJxkcRLYjiffAKNpg,139,0.0076193608507372,Mio,676,$$$$$$$,Restaurant,"[""Restaurant""]",restaurants in de wallen,52.3718988,4.8991381,Dining & Cafes
1274,ChIJneHrqvsJxkcRzrCFco__k48,139,0.0076193608507372,Papa Thang,394,$$$$$$$,Aziatisch restaurant,"[""Aziatisch restaurant""]",restaurants in buikslotermeerplein,52.3931325,4.9073475,Dining & Cafes
1275,ChIJvyVhL78JxkcREEixT72Tme0,139,0.0076193608507372,Destra del Ponte,831,$$$$$$$,Restaurant,"[""Restaurant""]",restaurants in de wallen,52.3712301,4.898067,Dining & Cafes
1276,ChIJUbbALI4JxkcRQNoIorlNgTY,139,0.0076193608507372,Hotel Atlantis,902,,Hotel,"[""Hotel""]",hotels in bijlmer arena,52.3553694,4.9024139,Hotel
1277,ChIJPZM2948JxkcRI63ngVEDLiQ,139,0.0076193608507372,Club Smokey,682,$$$$$$$,Bar,"[""Bar""]",bars in rembrandtplein,52.3656557,4.8961684,Dining & Cafes
1278,ChIJ82fSREoJxkcRIGuuQ8taaNY,139,0.0076193608507372,Moos,214,,Restaurant,"[""Restaurant"",""Bar"",""Bistro"",""Koffiehuis""]",bars in haarlemmerbuurt,52.3891683,4.879356,Dining & Cafes
1279,ChIJl9_gibgJxkcRO_zsm_aQni0,139,0.0076193608507372,Caffe Italia 93,1201,$$$$$$$,Restaurant,"[""Restaurant""]",restaurants in de wallen,52.3745572,4.8971214,Dining & Cafes
1280,ChIJ6ZEEWaMJxkcR6jFjT-eU21Q,139,0.0076193608507372,Burger 'n Shake Amsterdam Noord,320,$$$$$$$,Hamburgerrestaurant,"[""Hamburgerrestaurant"",""IJssalon"",""Restaurant""]",restaurants in buikslotermeerplein,52.3907091,4.91156,Dining & Cafes
1281,ChIJEVbDDsgJxkcRmJmxI718NOQ,139,0.0076193608507372,Resin Coffeeshop,1473,,Cannabiswinkel,"[""Cannabiswinkel""]",coffeeshops in haarlemmerbuurt,52.3778083,4.895382199999999,Cannabisshop
1282,ChIJMXW8ZZ0JxkcRSx9YH8EPeQ4,139,0.0076193608507372,Cafe Maxwell,1016,$$,Restaurant,"[""Restaurant"",""Bar"",""Koffiehuis"",""Eetcafe""]",bars in 9 straatjes,52.356802,4.91865,Dining & Cafes
1283,ChIJe--HpM8JxkcRNtWl5BKigq4,138,0.0075645453050485,Cafe Hegeraad,608,$$$$$$,Koffiehuis,"[""Koffiehuis""]",cafes in haarlemmerbuurt,52.3793461,4.8860358,Dining & Cafes
1284,ChIJYXXXVPwJxkcRRieV-gN9Etc,138,0.0075645453050485,CARTER,737,$$,Restaurant,"[""Restaurant"",""Bar""]",bars in museumkwartier,52.3542,4.8691816,Dining & Cafes
1285,ChIJ34Ogun0JxkcRSaDrUfOIuXk,138,0.0075645453050485,Dignita Westerpark,299,$$$$$$$,Restaurant,"[""Restaurant"",""Bar"",""Ontbijtrestaurant"",""Brunchrestaurant"",""Koffiehuis"",""Lunchrestaurant""]",cafes in haarlemmerbuurt,52.3892119,4.8793352,Dining & Cafes
1286,ChIJmTq_S9QJxkcRBbHJTsE5GnE,138,0.0075645453050485,Braai Westerpark,652,$$$$$$$,Restaurant,"[""Restaurant""]",restaurants in sloterdijk,52.3850573,4.8749253,Dining & Cafes
1287,ChIJ2yr8fs8JxkcR2xvtZ9L9s70,138,0.0075645453050485,Cafe De Klepel,590,,Restaurant,"[""Restaurant"",""Koffiehuis"",""Frans restaurant""]",cafes in haarlemmerbuurt,52.3779406,4.8868202,Dining & Cafes
1288,ChIJ_0I5gzkIxkcRQ7If6PckZ4o,138,0.0075645453050485,Noorderlicht,3472,$$$$$$$,Restaurant,"[""Restaurant"",""Koffiehuis"",""Club""]",bars in buikslotermeerplein,52.399572,4.896833,Dining & Cafes
1289,ChIJI2mqvekJxkcRz_3heGQnwa4,138,0.0075645453050485,Coffeeshop Happy Feelings,1176,,Cannabiswinkel,"[""Cannabiswinkel""]",coffeeshops in leidseplein,52.3652726,4.885896,Cannabisshop
1290,ChIJK8tJHNDjxUcRscpemy5TYJc,138,0.0075645453050485,The Villy | Amsterdam | Rhapsody,297,$$$$$$$,Ontbijtrestaurant,"[""Ontbijtrestaurant"",""Gedeelde werkplek"",""Restaurant""]",restaurants in sloterdijk,52.3783306,4.8430745,Dining & Cafes
1291,ChIJ8_vzxfUJxkcRXbaC1jF9Z_s,138,0.0075645453050485,Truffle boutique,377,$$$$$$$,Restaurant,"[""Restaurant""]",restaurants in vondelpark,52.3606886,4.8678969,Dining & Cafes
1292,ChIJhdXGl7kJxkcRyhcEgrXrl4I,138,0.0075645453050485,Cafe ZILT,959,$$,Bar,"[""Bar"",""Cafe""]",bars in wallengebied,52.3751855,4.9011269,Dining & Cafes
1293,ChIJYywUslnixUcRsOW0m48buCs,138,0.0075645453050485,ID APARTHOTEL,1366,,Hotel,"[""Hotel""]",hotels in sloterdijk,52.38727,4.83432,Hotel
1294,ChIJvykxtrkJxkcRye756jkvI6k,138,0.0075645453050485,Cafe De Regent van Amsterdam,966,$$$$$$$,Cafe,"[""Cafe"",""Eetcafe""]",bars in wallengebied,52.3757834,4.8999634,Dining & Cafes
1295,ChIJTYWAToMJxkcRZZvE5JZqx-o,138,0.0075645453050485,Japans restaurant ISSHIN,383,$$$$$$$,Japans restaurant,"[""Japans restaurant""]",restaurants in museumkwartier,52.3570574,4.8886429,Dining & Cafes
1296,ChIJYXz4FYnjxUcRERN_gWwr90E,137,0.0075097297593597,Lion's Head Restaurant & Brewery,467,,Brouwerij,"[""Brouwerij"",""Brouwerijcafe"",""Gastropub"",""Restaurant"",""Sportcafe""]",bars in de pijp,52.3564925,4.899645,Dining & Cafes
1297,ChIJqUiwbpUJxkcR_ixaKOGkTkA,137,0.0075097297593597,Hotel NH Amsterdam Schiller,1106,,Hotel,"[""Hotel""]",hotels in negen straatjes,52.3658486,4.896989,Hotel
1299,ChIJu5nTBt8JxkcR08DhfmQbvKU,137,0.0075097297593597,Sushi HANABI,236,$$$$$$,Sushirestaurant,"[""Sushirestaurant"",""Japans restaurant""]",restaurants in leidseplein,52.3647284,4.8828006,Dining & Cafes
1300,ChIJ6Qs3U7gJxkcRdf1W6H1UHSU,137,0.0075097297593597,Cafe Trinity,860,$$$$$$$,Koffiehuis,"[""Koffiehuis""]",cafes in de wallen,52.3749657,4.8992467,Dining & Cafes
1301,ChIJz3ekGvAJxkcRu55KgXmGGoo,137,0.0075097297593597,Barpiazza,560,$$$$$$$,Restaurant,"[""Restaurant""]",bars in museumkwartier,52.3560079,4.8802936,Dining & Cafes
1302,ChIJe2-jFW0JxkcRjvpvVlaxqUU,137,0.0075097297593597,Restaurant Mesken,922,$$$$$$$,Turks restaurant,"[""Turks restaurant"",""Cafetaria"",""Lounge"",""Restaurant""]",bars in indische buurt,52.3635915,4.9358382,Dining & Cafes
1303,ChIJZea7PvIJxkcRoSZvAsjqsUE,137,0.0075097297593597,Cafe Binnen Buiten,714,$$$$$$$,Bar,"[""Bar"",""Cafe"",""Restaurant""]",bars in museumkwartier,52.3547976,4.8872165,Dining & Cafes
1304,ChIJ5b21SOkJxkcRXTBitMbopL4,137,0.0075097297593597,"Bar ""Saloon""",810,$$$$$$$,Bar,"[""Bar""]",bars in wallengebied,52.3622763,4.8860283,Dining & Cafes
1305,ChIJbSNwOeMJxkcR-AE2Mvdphfw,137,0.0075097297593597,"TOZI Restaurant & Bar, Vondelpark",416,,Italiaans restaurant,"[""Italiaans restaurant"",""Bar"",""Venetiaans restaurant""]",bars in vondelpark,52.3542707,4.866443299999999,Dining & Cafes
1306,ChIJt6DQt3AJxkcRwSOPcHVUxbw,136,0.0074549142136709,Rum Baba coffeeroasters Shop & Brew-bar East,811,$$$$$$,Koffiebranders,"[""Koffiebranders"",""Bakkerij"",""Koffiewinkel"",""Espressobar"",""Winkel""]",stores in bijlmer arena,52.3559936,4.9265403,Dining & Cafes
1307,ChIJifBQBccJxkcRBNmbfTat4N8,136,0.0074549142136709,Sostrene Grene,830,,Woonwinkel,"[""Woonwinkel""]",stores in de nieuwmarkt,52.3741178,4.8933265,Shopping
1308,ChIJJYUgOLwJxkcRX11yzq7sgPc,136,0.0074549142136709,HOUSE of GASSAN,1209,,Juwelier,"[""Juwelier"",""Goudsmid"",""Slijperij"",""Reparatieservice voor horloges"",""Horlogerie""]",stores in de nieuwmarkt,52.3695852,4.9041305,Shopping
1309,ChIJU85LW8UJxkcRMFSa-szmDBs,136,0.0074549142136709,Mr Haz Taco Bar,746,$$$$$$$,Mexicaans restaurant,"[""Mexicaans restaurant"",""Cocktailbar"",""Gastropub"",""Restaurant"",""Tacorestaurant""]",restaurants in de jordaan,52.3771853,4.8842137,Dining & Cafes
1310,ChIJ_3D0x-njxUcRrOfrv8DJtTY,136,0.0074549142136709,LOT61 Coffee Roasters,351,$$$$$$,Koffiewinkel,"[""Koffiewinkel"",""Koffiehuis"",""Koffiebranders""]",cafes in zuidas,52.3515355,4.8602111,Shopping
1311,ChIJPwgIJZ4JxkcRBKd_5ZCcVGc,136,0.0074549142136709,"Pillows Grand Boutique Hotel Maurits at the Park, an SLH Hotel",256,,Hotel,"[""Hotel""]",hotels in negen straatjes,52.3621916,4.9196837,Hotel
1313,ChIJBwoxNsYJxkcR3BmGjpyeSw0,136,0.0074549142136709,Hotel Tourist Inn (One) Amsterdam,1083,,Hotel,"[""Hotel""]",hotels in de wallen,52.37619,4.89229,Hotel
1314,ChIJ-eng90vjxUcR10PTnhH1hBw,136,0.0074549142136709,Wissenkerke-Sloterdijk,402,$$$$$$$,Restaurant,"[""Restaurant""]",bars in sloterdijk,52.3862648,4.8350181,Dining & Cafes
1315,ChIJh5PbRsEJxkcRtfcmPngIu_U,135,0.0074000986679822,Nova Hotel,1016,,Hotel,"[""Hotel""]",hotels in de wallen,52.371208,4.8900118,Hotel
1316,ChIJWcvb-NsJxkcRH32rlOv7aTw,135,0.0074000986679822,BR020,737,$$$$$$$,Cafe,"[""Cafe""]",bars in de jordaan,52.372901,4.8761955,Dining & Cafes
1317,ChIJUzDHjFgJxkcRuO5hoNuwRCQ,135,0.0074000986679822,Screaming Beans Waterlooplein,189,$$$$$$,Koffiebar,"[""Koffiebar""]",cafes in nieuwmarkt,52.3686094,4.9021188,Dining & Cafes
1318,ChIJ_WKN5THjxUcRuMBsmZ69c0E,135,0.0074000986679822,Ranchi Amsterdam,245,$$$$$$$,Lunchrestaurant,"[""Lunchrestaurant"",""Brunchrestaurant"",""Koffiebar"",""Japans restaurant"",""Restaurant""]",bars in de pijp,52.3567541,4.8985211,Dining & Cafes
1319,ChIJm8jQDOkJxkcRhsqNe3axmaU,135,0.0074000986679822,Poke Perfect,966,$$$$$$$,Restaurant,"[""Restaurant"",""Hawaiaans restaurant""]",restaurants in leidseplein,52.3638911,4.8856934,Dining & Cafes
1320,ChIJyTI6V5UJxkcRWMKFtJef9U4,135,0.0074000986679822,FEBO Amsterdam - Reguliersbreestraat,719,$$$$$$,Snackbar,"[""Snackbar""]",restaurants in rembrandtplein,52.3663237,4.8951729,Dining & Cafes
1322,ChIJP0NyabQJxkcRR6lQ6tgQLew,135,0.0074000986679822,Shelter Amsterdam,660,$$$$$$$,Nachtclub,"[""Nachtclub""]",night clubs in amsterdam,52.3839102,4.902474,Entertainment & Nightlife
1323,ChIJicHuZZUJxkcRDMMNG4QahNU,135,0.0074000986679822,Amsterdam,512,,Toeristische attractie,"[""Toeristische attractie"",""Beeldhouwwerk""]",tourist attractions in negen straatjes,52.366004,4.896562299999999,Cultural & Historic
1324,ChIJn0b7f1LixUcR8Tntyo5FaJE,135,0.0074000986679822,LAWA * Ijssalon & Cafe,538,$$$$$$$,IJssalon,"[""IJssalon"",""Koffiehuis""]",cafes in sloterdijk,52.3804693,4.8206622,Dining & Cafes
1325,ChIJNTvXcJUJxkcRlzP6srgsJs4,135,0.0074000986679822,American grill restaurant & cafe,718,$$$$$$$,Amerikaans restaurant,"[""Amerikaans restaurant"",""Restaurant""]",bars in rembrandtplein,52.3657687,4.8972389,Dining & Cafes
1326,ChIJq6pBSo4JxkcRwfT36ewntII,135,0.0074000986679822,Rayleigh & Ramsay Van Wou,457,$$$$$$$,Wijnbar,"[""Wijnbar""]",bars in de pijp,52.3542901,4.9020038,Dining & Cafes
1327,ChIJ-xTdupwJxkcRIDijhVU_jrE,134,0.0073452831222934,De Groene Olifant,494,$$,Bar,"[""Bar""]",bars in oosterparkbuurt,52.364006,4.920014,Dining & Cafes
1328,ChIJbww32dMJxkcRjVVp3_BSkmE,134,0.0073452831222934,The Bulldog Energy Coffeeshop,203,$$$$$$$,Koffiebar,"[""Koffiebar"",""Koffiewinkel""]",cafes in de wallen,52.3725133,4.8962623,Dining & Cafes
1329,ChIJx7T-5OgJxkcRSF3XBFvHMAQ,134,0.0073452831222934,Cafe in the City,815,$$,Restaurant,"[""Restaurant""]",bars in leidseplein,52.3636695,4.8834646,Dining & Cafes
1330,ChIJC0utm-0JxkcRaXhc88CXaSs,134,0.0073452831222934,De Waaghals,704,$$,Vegetarisch restaurant,"[""Vegetarisch restaurant""]",restaurants in de pijp,52.3571819,4.8889914,Dining & Cafes
1331,ChIJFTdsYMMJxkcRryoUM7EyJY0,133,0.0072904675766047,Nooch,795,$$$$$$$,Aziatisch fusion-restaurant,"[""Aziatisch fusion-restaurant"",""Aziatisch restaurant"",""Chinees restaurant"",""Indonesisch restaurant"",""Japans restaurant"",""Thais restaurant"",""Vietnamees restaurant""]",restaurants in negen straatjes,52.3723397,4.8840769,Dining & Cafes
1333,ChIJy3oFAOAJxkcRKHlhMoo40vM,133,0.0072904675766047,Hotel De Hallen,1064,,Hotel,"[""Hotel"",""Bar"",""Evenementenlocatie"",""Restaurant"",""Trouwlocatie""]",hotels in negen straatjes,52.3677502,4.868214699999999,Hotel
1334,ChIJuxEF048JxkcR15pVW0z5s2Y,133,0.0072904675766047,Woof & Me,287,$$$$$$$,Restaurant,"[""Restaurant"",""Koffiehuis"",""Koffiebar"",""Hondencafe""]",cafes in de pijp,52.3531551,4.8990347,Dining & Cafes
1335,ChIJ9zaaCG3jxUcRZLCt_rCkb8A,133,0.0072904675766047,Trattoria Sorridi,465,$$$$$$$,Italiaans restaurant,"[""Italiaans restaurant""]",bars in osdorpplein,52.3589603,4.806109999999999,Dining & Cafes
1336,ChIJGWSqRcMJxkcRtdf2p9NG-4w,133,0.0072904675766047,Restaurant Cafe Van Puffelen,867,$$,Restaurant,"[""Restaurant""]",restaurants in negen straatjes,52.3716667,4.883333299999999,Dining & Cafes
1338,ChIJ071WEuwJxkcRMIoiOzRWJlM,133,0.0072904675766047,Cafe Mankind,779,$$$$$$$,Ontbijtrestaurant,"[""Ontbijtrestaurant"",""Koffiehuis"",""Lunchrestaurant""]",restaurants in leidseplein,52.3607729,4.8882255,Dining & Cafes
1339,ChIJl455kR8JxkcRXIcE-dcqM7s,133,0.0072904675766047,Cookies Lounge,243,,Cannabiswinkel,"[""Cannabiswinkel""]",coffeeshops in haarlemmerbuurt,52.3802953,4.8921769,Cannabisshop
1341,ChIJbam851jixUcREm-t7Zmmqjw,133,0.0072904675766047,Grand Cafe Hermes,1200,$$$$$$$,Brasserie,"[""Brasserie"",""Eetcafe""]",bars in sloterdijk,52.3882639,4.8367539,Dining & Cafes
1342,ChIJcy8P8uMIxkcRjiCpO2oqzlw,133,0.0072904675766047,Ibo's,623,$$$$$$,Turks restaurant,"[""Turks restaurant""]",restaurants in buikslotermeerplein,52.3906671,4.9440277,Dining & Cafes
1343,ChIJpRoiRLkJxkcRe3nYuFV3LzI,133,0.0072904675766047,Cafe Cuba,1212,$$$$$$$,Bar,"[""Bar"",""Koffiehuis""]",bars in rembrandtplein,52.3726804,4.90102,Dining & Cafes
1344,ChIJy8FeiBvixUcRW5IqMCpXsKc,133,0.0072904675766047,Foodbar 63 Graden,501,$$,Restaurant,"[""Restaurant"",""Bar"",""Eetcafe""]",bars in zuid,52.3527548,4.8479706,Dining & Cafes
1345,ChIJRxHtWkULxkcRjXH1I3koDLw,132,0.0072356520309159,Cannacenter Best Friends Zuidoost,233,,Cannabiswinkel,"[""Cannabiswinkel""]",stores in bijlmer arena,52.3054864,4.9427267,Cannabisshop
1346,ChIJCSNAopX8xUcRajJnAa_0vqI,132,0.0072356520309159,Winkelcentrum Westerkoog,1023,,Winkelcentrum,"[""Winkelcentrum""]",shopping malls in sloterdijk,52.4573884,4.8004715,Shopping
1349,ChIJg7-Ho1cJxkcRn3xuOI5u030,132,0.0072356520309159,Rascasse,332,$$$$$$$,Visrestaurant,"[""Visrestaurant"",""Viswinkel"",""Spaans restaurant""]",bars in oosterparkbuurt,52.3565826,4.9121589,Dining & Cafes
1350,ChIJpxZcm74JxkcRAvksE-s0cs0,132,0.0072356520309159,Coffeeshop Reefer,737,,Cannabiswinkel,"[""Cannabiswinkel""]",coffeeshops in buikslotermeerplein,52.3698126,4.9009828,Cannabisshop
1351,ChIJj6m18fwJxkcRE0idAId0Nl0,132,0.0072356520309159,Taigu De Pijp,209,$$$$$$$,Koffiehuis,"[""Koffiehuis"",""Dessertrestaurant""]",cafes in de pijp,52.352433,4.889616999999999,Dining & Cafes
1352,ChIJw6kuO4MLxkcR5po2kBjCK9E,132,0.0072356520309159,De Proefzaak Amsterdam,790,$$$$$$$,Bierzaal,"[""Bierzaal"",""Koffiehuis"",""Eetcafe"",""Evenementenlocatie"",""Lunchrestaurant""]",bars in bijlmer arena,52.3035771,4.9511329,Dining & Cafes
1353,ChIJ812E5n0LxkcRoOjZqTKL7e8,131,0.0071808364852272,Museum Vrolik,755,,Museum,"[""Museum"",""Toeristische attractie""]",tourist attractions in bijlmer arena,52.2941667,4.96,Cultural & Historic
1354,ChIJC9Bk-9QJxkcReuSira-i35I,131,0.0071808364852272,Conscious Hotel Westerpark,850,,Hotel,"[""Hotel""]",hotels in haarlemmerbuurt,52.3866903,4.8753421,Hotel
1355,ChIJ7xiqh6sJxkcRSvNrZy9Mfmg,131,0.0071808364852272,Roux Amsterdam,331,,Restaurant,"[""Restaurant""]",restaurants in de jordaan,52.3784617,4.8827603,Dining & Cafes
1356,ChIJw6qpm5EJxkcRtD1Iffo6hFE,131,0.0071808364852272,Ibis Styles Amsterdam City,1544,,Hotel,"[""Hotel""]",hotels in bijlmer arena,52.3579117,4.9007379,Hotel
1359,ChIJ64IAVkAJxkcRqCYj000pzYE,131,0.0071808364852272,Distilleerderij en Proeflokaal 't Nieuwe Diep,545,$$$$$$$,Bar,"[""Bar""]",bars in indische buurt,52.3620528,4.9501333,Dining & Cafes
1360,ChIJTQ-2pqMJxkcReIHpR1sXM8s,131,0.0071808364852272,Restaurant Entrepot,614,,Restaurant,"[""Restaurant""]",restaurants in buikslotermeerplein,52.3696556,4.9119782,Dining & Cafes
1361,ChIJ5Q9p1ocMxkcRkeukaKT0-h8,131,0.0071808364852272,Vomar,639,,Discountsupermarkt,"[""Discountsupermarkt"",""Supermarkt""]",supermarkets in indische buurt,52.2969423,4.9750782,Shopping
1362,ChIJ5zbUT-kJxkcRRtveczIgJ8w,131,0.0071808364852272,Lunch Cafe De Spiegel,700,$$$$$$$,Lunchrestaurant,"[""Lunchrestaurant"",""Koffiehuis""]",restaurants in leidseplein,52.3622336,4.8863385,Dining & Cafes
1363,ChIJT0X88IwJxkcRTZNT_OhwLeU,131,0.0071808364852272,De Pizzakamer,801,$$$$$$$,Pizzeria,"[""Pizzeria""]",restaurants in de pijp,52.3524251,4.8946201,Dining & Cafes
1364,ChIJ60zK8MUJxkcRMHRD2uNzYzA,131,0.0071808364852272,Tasca Bellota,650,$$,Spaans restaurant,"[""Spaans restaurant"",""Mediterraans restaurant"",""Tapasbar"",""Tapas restaurant""]",restaurants in haarlemmerbuurt,52.3855799,4.8902248,Dining & Cafes
1365,ChIJ63o1HuoJxkcRwtkdPcG1j18,131,0.0071808364852272,Chimney Cake Bakery & Cafe,358,$$$$$$,Koffiehuis,"[""Koffiehuis""]",cafes in de wallen,52.3755521,4.8983301,Dining & Cafes
1366,ChIJ5_JGIWXixUcRIQYGBwgP7xM,131,0.0071808364852272,Marhaba - Marokkaans Restaurant (Amsterdam West),604,$$$$$$$,Marokkaans restaurant,"[""Marokkaans restaurant"",""Kiprestaurant"",""Nederlands restaurant"",""Pizzeria"",""Restaurant"",""Visrestaurant"",""Vegetarisch restaurant""]",restaurants in sloterdijk,52.3813936,4.855912,Dining & Cafes
1367,ChIJ3YAVgxrixUcRKuOlFIBGff8,131,0.0071808364852272,Hotel Belfort,1049,,Hotel,"[""Hotel""]",hotels in bijlmer arena,52.3576736,4.8507245,Hotel
1368,ChIJk4Dqu-oJxkcR9tGqYaPMX3c,131,0.0071808364852272,The Albus,937,,Hotel,"[""Hotel""]",hotels in negen straatjes,52.3657845,4.893365,Hotel
1369,ChIJoV84AdwJxkcRzuImV9BOroU,131,0.0071808364852272,Bar Brandstof,706,$$$$$$$,Eetcafe,"[""Eetcafe"",""Bar"",""Cocktailbar""]",bars in 9 straatjes,52.3725151,4.8760965,Dining & Cafes
1370,ChIJ6Uekd30JxkcRdSM2b2pG78A,130,0.0071260209395384,Trattoria Graziella,287,,Italiaans restaurant,"[""Italiaans restaurant"",""Restaurant""]",restaurants in museumkwartier,52.3678926,4.8948217,Dining & Cafes
1371,ChIJ_6ifJu8JxkcRsFEYEqQUJ84,130,0.0071260209395384,Hotel Cornelisz,818,,Hotel,"[""Hotel""]",hotels in de pijp,52.3609975,4.8829709,Hotel
1372,ChIJGTWpP8cJxkcRLGLyhTa7ov4,130,0.0071260209395384,Louis Vuitton de Bijenkorf Amsterdam,731,$$$$,Lederwarenwinkel,"[""Lederwarenwinkel"",""Winkel in modeaccessoires"",""Parfumerie"",""Zonnebrillenwinkel""]",stores in de wallen,52.3732529,4.8940721,Shopping
1373,ChIJ63n6vucJxkcRpl4Jkh-nm0w,130,0.0071260209395384,Waterloo,701,$$$$$$$,Koffiehuis,"[""Koffiehuis"",""Bakkerij"",""Ontbijtrestaurant"",""Taartenwinkel"",""Catering"",""Nederlands restaurant"",""Glutenvrij restaurant"",""Delicatessenwinkel"",""Hamburgerrestaurant""]",cafes in nieuwmarkt,52.368426,4.902717,Dining & Cafes
1374,ChIJq2fVehYJxkcRMZz9PllMTPk,130,0.0071260209395384,Bar TwentySeven,440,$$$$,Cocktailbar,"[""Cocktailbar""]",bars in museumkwartier,52.3724914,4.8933255,Dining & Cafes
1375,ChIJBzdy_cEJxkcRedXHQ823deg,130,0.0071260209395384,ARKET,611,,Kledingwinkel,"[""Kledingwinkel"",""Babykledingwinkel"",""Kinderkleding"",""Woonwinkel"",""Herenmode"",""Damesmode""]",stores in de leidseplein,52.3670028,4.888487899999999,Shopping
1376,ChIJy_iYz8cJxkcRKdiNRMlXee4,130,0.0071260209395384,The ED Amsterdam,940,,Hotel,"[""Hotel"",""Lodge""]",hotels in negen straatjes,52.3641238,4.8783541,Hotel
1377,ChIJpR_KCqIJxkcRIM6Z2NnHV0k,130,0.0071260209395384,Coffee & Bites Amsterdam,601,$$$$$$$,Ontbijtrestaurant,"[""Ontbijtrestaurant"",""Koffiebar"",""Lunchrestaurant""]",cafes in oosterparkbuurt,52.3659455,4.9125044,Dining & Cafes
1379,ChIJNb1kys0LxkcRz8FyOhJdsqo,129,0.0070712053938496,BLCK. Coffee and The Masters,275,$$$$$$,Koffiebar,"[""Koffiebar"",""Koffiehuis"",""Lunchrestaurant""]",restaurants in zuidas,52.3371896,4.869553499999999,Dining & Cafes
1380,ChIJURyPBowJxkcRTWIIeATDBIc,129,0.0070712053938496,Wijnbar Paskamer,449,$$,Wijnbar,"[""Wijnbar"",""Bar"",""Koffiehuis"",""Eetcafe""]",bars in de pijp,52.350815,4.897824,Dining & Cafes
1381,ChIJ5Y0FJ3QJxkcRODApLj1HmjU,129,0.0070712053938496,Harvey Amsterdam,245,$$$$$$$,Koffiebar,"[""Koffiebar"",""Bakkerij"",""Lunchrestaurant""]",cafes in indische buurt,52.3544733,4.941558199999999,Dining & Cafes
1382,ChIJCaADCMEJxkcRzXWHF1tQjBE,129,0.0070712053938496,De Pilsener Club (Engelse Reet),738,$$$$$$$,Cafe,"[""Cafe""]",bars in 9 straatjes,52.3695542,4.8908365,Dining & Cafes
1384,ChIJqzF0CjQJxkcRfdAUjaIB_IY,129,0.0070712053938496,Restaurant Cancun Amsterdam,310,,Mexicaans restaurant,"[""Mexicaans restaurant"",""Bar"",""Caribisch restaurant"",""Evenementenlocatie"",""Lunchrestaurant"",""Restaurant"",""Salsalessen"",""Sociale club"",""Steakhouse"",""Tacorestaurant""]",bars in indische buurt,52.3669967,4.9392366,Dining & Cafes
1385,ChIJ2ei4gHXixUcRAIyfQNXWJ4s,129,0.0070712053938496,Hendrix,894,$$$$$$$,Bar,"[""Bar"",""Koffiebar"",""Eetcafe"",""Lunchrestaurant"",""Cafe""]",bars in vondelpark,52.3707358,4.8686881,Dining & Cafes
1387,ChIJ2d-pg_njxUcRqKlxZORWkqA,128,0.0070163898481609,Ven Amsterdam,191,,Congrescentrum,"[""Congrescentrum""]",event venues in sloterdijk,52.3901191,4.8424225,Conference
1388,ChIJLXxYoZUJxkcRHeXqGUVcJ0w,128,0.0070163898481609,Brug34,542,$$$$$$$,Koffiehuis,"[""Koffiehuis"",""Ontbijtrestaurant"",""Homobar"",""Lunchrestaurant""]",bars in vondelpark,52.364909,4.8979613,Dining & Cafes
1390,ChIJVwj21uELxkcR0umBoLN-9PQ,128,0.0070163898481609,Eetcafe de Avonden,496,$$,Restaurant,"[""Restaurant"",""Maaltijdbezorging"",""Afhaalrestaurant""]",cafes in oud-oost,52.3429556,4.9472381,Dining & Cafes
1391,ChIJUVDA_sgJxkcRoElHwjDsm4c,128,0.0070163898481609,MissB by la grotte,1092,$$$$$$$,Restaurant,"[""Restaurant"",""Bar"",""Bar & Grill"",""Ontbijtrestaurant""]",bars in haarlemmerbuurt,52.3799052,4.8931985,Dining & Cafes
1392,ChIJzQfPcJIJxkcR1xT-5FhWUpU,128,0.0070163898481609,Calle Ocho,575,$$,Latijns-Amerikaans restaurant,"[""Latijns-Amerikaans restaurant"",""Bar & Grill"",""Burrito-restaurant"",""Cocktailbar"",""Mexicaans restaurant"",""Restaurant"",""Zuid-Amerikaans restaurant"",""Tacorestaurant""]",bars in de pijp,52.3562924,4.8969892,Dining & Cafes
1393,ChIJzShofw_ixUcRlkCGMjr3iss,128,0.0070163898481609,Conscious Hotel Vondelpark,1081,,Hotel,"[""Hotel"",""Bar"",""Biologisch restaurant""]",bars in vondelpark,52.3578415,4.856571199999999,Hotel
1394,ChIJQy6C8lwJxkcRnYjzlEBaK1w,128,0.0070163898481609,Sous Bar-Bistro,499,$$$$$$$,Lunchrestaurant,"[""Lunchrestaurant"",""Brunchrestaurant"",""Cocktailbar"",""Cafe"",""Wijnbar""]",restaurants in negen straatjes,52.3703677,4.8858358,Dining & Cafes
1395,ChIJc2FvcuIJxkcRiYxgfuYuV8k,128,0.0070163898481609,Bagels & Beans,721,$$$$$$$,Bagelwinkel,"[""Bagelwinkel"",""Ontbijtrestaurant"",""Brunchrestaurant"",""Koffiehuis"",""Koffiebar"",""Koffiewinkel"",""Smoothiewinkel"",""Veganistisch restaurant"",""Vegetarisch restaurant""]",cafes in vondelpark,52.3609592,4.8676433,Shopping
1398,ChIJJeTCh-YJxkcRv2GAC2tkJDk,128,0.0070163898481609,CREA,352,,Theater,"[""Theater"",""Koffiehuis"",""Cultureel centrum"",""Locatie voor live muziek""]",event venues in buikslotermeerplein,52.363298,4.9129983,Event venue
1399,ChIJt2YRyRnixUcROCYYl3nQeRw,128,0.0070163898481609,Bastion Hotel Amsterdam Zuidwest,1311,,Hotel,"[""Hotel"",""Hotel voor langdurig verblijf""]",hotels in oud-oost,52.3575965,4.8436214,Hotel
1400,ChIJm8l2CwLjxUcRixRHhPrGIWM,128,0.0070163898481609,Mr.Gyoza,310,$$$$$$$,Restaurant,"[""Restaurant"",""Cocktailbar"",""Dumplingrestaurant"",""Izakaya-restaurant"",""Japans restaurant""]",bars in museumkwartier,52.3610836,4.8652973,Dining & Cafes
1401,ChIJn0zxL7kJxkcRmnTX-tghMZE,128,0.0070163898481609,Cafe del Mondo,528,$$$$$$$,Koffiehuis,"[""Koffiehuis"",""Bar"",""Ontbijtrestaurant"",""Lunchrestaurant""]",bars in nieuwmarkt,52.3724753,4.8995748,Dining & Cafes
1402,ChIJWWG8uFjixUcRYAZqX1edmLU,128,0.0070163898481609,Starbucks,836,$$$$$$,Koffiebar,"[""Koffiebar"",""Koffiehuis"",""Koffiewinkel"",""Espressobar""]",stores in sloterdijk,52.3892232,4.8375534,Dining & Cafes
1403,ChIJhy6gXYUJxkcR0NVQ6DNDAKQ,128,0.0070163898481609,Ctaste,842,$$,Restaurant,"[""Restaurant""]",bars in zuid,52.3542451,4.9062791,Dining & Cafes
1405,ChIJT7g2fIsJxkcRfzAyxUQFJYA,128,0.0070163898481609,Cafe Dopey's Elixer,504,$$$$$$$,Bar,"[""Bar"",""Biertuin"",""Eetcafe"",""Hamburgerrestaurant""]",bars in de pijp,52.3505556,4.894444399999999,Dining & Cafes
1406,ChIJ5WeQe00JxkcRuu1F6aUBHW0,128,0.0070163898481609,"The Hoxton, Lloyd Amsterdam",234,,Hotel,"[""Hotel"",""Evenementenlocatie""]",hotels in oosterparkbuurt,52.3742414,4.934660099999999,Hotel
1407,ChIJjUtJj8cJxkcRliknQxN45kA,128,0.0070163898481609,Hotel The Exchange,961,,Hotel,"[""Hotel""]",hotels in de wallen,52.375377,4.895692,Hotel
1408,ChIJKfruJcYLxkcRQk0ai1FZhhA,127,0.0069615743024721,Amazing Oriental Duivendrecht,2598,,Chinese supermarkt,"[""Chinese supermarkt"",""Aziatische kruidenierswinkel"",""Supermarkt"",""Oosterse winkel"",""Groothandelswinkel"",""Groothandelaar""]",supermarkets in indische buurt,52.326026,4.927071499999999,Shopping
1409,ChIJIYCoyD4JxkcR61rUJ3aCHWI,127,0.0069615743024721,Coffeeshop Oost,314,,Cannabiswinkel,"[""Cannabiswinkel""]",coffeeshops in negen straatjes,52.3564545,4.9162555,Cannabisshop
1411,ChIJ4_Fen-YJxkcRnoIKfR2zVDg,127,0.0069615743024721,Huygens Place Amsterdam,761,,Hotel,"[""Hotel""]",hotels in museumkwartier,52.3623503,4.8757527,Hotel
1412,ChIJ2YT6spkJxkcRTLo8kuI87_Q,127,0.0069615743024721,Restaurant Kyo,401,$$,Authentiek Japans restaurant,"[""Authentiek Japans restaurant"",""Visrestaurant"",""Izakaya-restaurant"",""Japans restaurant"",""Okonomiyaki-restaurant"",""Tempura donburi-restaurant""]",restaurants in nieuwmarkt,52.3723466,4.9019966,Dining & Cafes
1413,ChIJz7BpaeLhxUcRyqQqHGojEBM,127,0.0069615743024721,Botanische Tuin Zuidas,716,,Botanische tuin,"[""Botanische tuin"",""Vereniging/organisatie"",""Toeristische attractie""]",tourist attractions in zuidas,52.332602,4.8604056,Green Recreation
1414,ChIJgU74Im0JxkcRZP8HVeWsnuk,127,0.0069615743024721,Ocakbasi Cinar,382,$$,Turks restaurant,"[""Turks restaurant""]",restaurants in indische buurt,52.3638966,4.9366577,Dining & Cafes
1415,ChIJPXt-3QcJxkcRKIdMkEXjfAc,126,0.0069067587567834,LOCALS Specialty Coffee,244,$$$$$$,Koffiehuis,"[""Koffiehuis"",""Koffiebranders"",""Koffiebar"",""Koffiestand"",""Koffiewinkel""]",cafes in de pijp,52.3561044,4.890694,Dining & Cafes
1416,ChIJaVQBF0EJxkcREevr8nMzLh8,126,0.0069067587567834,Parmigiano Amsterdam,559,$$$$$$$,Restaurant,"[""Restaurant""]",restaurants in haarlemmerbuurt,52.3683105,4.8920625,Dining & Cafes
1417,ChIJh5ZQo8cJxkcRF3QZkk5-L7I,126,0.0069067587567834,Cuddle Pub,1139,$$$$$$$,Bar & Grill,"[""Bar & Grill"",""Bar"",""Cocktailbar"",""Nederlands restaurant"",""Duits restaurant"",""Hamburgerrestaurant"",""Mexicaans restaurant"",""Cafe"",""Restaurant"",""Steakhouse""]",bars in rembrandtplein,52.3753841,4.8939229,Dining & Cafes
1418,ChIJ7SvccJUJxkcRFE_Zp4KX2-c,126,0.0069067587567834,Hotel Royal Amsterdam,1130,,Hotel,"[""Hotel""]",hotels in negen straatjes,52.3657281,4.8972883,Hotel
1419,ChIJD_Sqf_8JxkcRPIOxJEIK8og,126,0.0069067587567834,Bar Gui,178,$$$$$$,Restaurant,"[""Restaurant""]",restaurants in museumkwartier,52.362353,4.8922402,Dining & Cafes
1420,ChIJrU6wXIgJxkcRsYFGPJiiOiA,126,0.0069067587567834,Liev Coffee & Pastry,290,$$$$$$,Espressobar,"[""Espressobar""]",cafes in de pijp,52.352177,4.889130199999999,Dining & Cafes
1422,ChIJtTdPTukJxkcR1qHIjCt24rM,125,0.0068519432110946,Casa Di Leo,483,$$$$$$$,Italiaans restaurant,"[""Italiaans restaurant"",""Restaurant""]",restaurants in leidseplein,52.3622971,4.8861952,Dining & Cafes
1423,ChIJ-_j6nPIJxkcR4RY4IqZnBG0,125,0.0068519432110946,Blond Amsterdam,863,$$,Winkel,"[""Winkel"",""Koffiebar""]",cafes in de pijp,52.3560104,4.8903918,Shopping
1424,ChIJVVVpnoUJxkcRX-kj2ttGV_g,125,0.0068519432110946,Cinetol,214,,Locatie voor live muziek,"[""Locatie voor live muziek"",""Concertzaal"",""Gedeelde werkplek"",""Cultureel centrum"",""Evenementenlocatie""]",event venues in bijlmer arena,52.3527523,4.9066719,Event venue
1425,ChIJJwZkTr0JxkcRjqQ7oLy8lP4,125,0.0068519432110946,De Oranjerie,398,$$$$$$$,Koffiehuis,"[""Koffiehuis""]",cafes in nieuwmarkt,52.3669986,4.9074042,Dining & Cafes
1426,ChIJP1DVEbsJxkcRvYUTFSIuhNc,125,0.0068519432110946,Hotel Library Amsterdam,913,,Hotel,"[""Hotel""]",hotels in dapperbuurt,52.3732219,4.906323,Hotel
1427,ChIJmUCCeb4JxkcRiej8_j-4Itg,124,0.0067971276654059,Maijard Smashburgers,255,$$$$$$$,Hamburgerrestaurant,"[""Hamburgerrestaurant"",""Snackbar"",""Restaurant""]",restaurants in negen straatjes,52.3704724,4.8835143,Dining & Cafes
1428,ChIJQY8fueYJxkcRFSPuiwcrUq8,124,0.0067971276654059,Cafe Helmers,595,$$$$$$$,Cafe,"[""Cafe""]",bars in vondelpark,52.3634464,4.8752656,Dining & Cafes
1429,ChIJtWT_teMJxkcRjMugQYuLekA,124,0.0067971276654059,Le Petit George,310,$$$$$$$,Restaurant,"[""Restaurant""]",restaurants in vondelpark,52.35525,4.8683629,Dining & Cafes
1430,ChIJm0D-qI8JxkcRco7cqjacLyg,124,0.0067971276654059,Fa. Pekelhaaring,744,$$,Restaurant,"[""Restaurant""]",bars in de pijp,52.3533139,4.9027391,Dining & Cafes
1431,ChIJj1gIoOkJxkcRvRF9bxN_mII,124,0.0067971276654059,Final Touch snooker & pool,542,$$,Poolcentrum,"[""Poolcentrum"",""Bordspelclub""]",sports complex in museumkwartier,52.3644252,4.8860055,Activities
1432,ChIJN8RMMqgLxkcRknxrSHEle1E,124,0.0067971276654059,Aparthotel Adagio Amsterdam City South,759,,Hotel,"[""Hotel""]",hotels in zuidas,52.3184215,4.870786799999999,Hotel
1433,ChIJ9SoWebgJxkcRYLHJBjDZm_k,124,0.0067971276654059,Bistro Berlage,627,$$,Bistro,"[""Bistro""]",restaurants in de wallen,52.3746061,4.8955296,Dining & Cafes
1434,ChIJl6bSzOwJxkcRwytl_U3amdQ,124,0.0067971276654059,MY ESCAPE CLUB,796,,Escaperoomcentrum,"[""Escaperoomcentrum"",""Impresario"",""Toeristische attractie""]",tourist attractions in buikslotermeerplein,52.3596275,4.892945,Activities
1435,ChIJ503XwekJxkcRJMIkCYlmLw8,124,0.0067971276654059,When Nature Calls,529,,Smartshop,"[""Smartshop""]",stores in de leidseplein,52.3658508,4.8860241,Cannabisshop
1436,ChIJm_p73sMJxkcRvQGH0Rjb4nI,124,0.0067971276654059,ELA Restobar,344,,Restaurant,"[""Restaurant"",""Bar"",""Mediterraans restaurant""]",bars in de jordaan,52.3695171,4.8808705,Dining & Cafes
1437,ChIJz09EBcMJxkcRwRi15EQTPog,123,0.0067423121197171,Restaurant de Struisvogel,572,$$$$$$$,Restaurant,"[""Restaurant""]",restaurants in negen straatjes,52.3704492,4.8842989,Dining & Cafes
1438,ChIJaQLRm6MJxkcRLDY5WuzCW9A,123,0.0067423121197171,Orloff Amsterdam B.V.,659,$$$$$$$,Koffiehuis,"[""Koffiehuis"",""Bar"",""Restaurant""]",cafes in oud-oost,52.370313,4.9123695,Dining & Cafes
1439,ChIJi6AnQYIJxkcRH7t_3uNMvVU,123,0.0067423121197171,Le Due Sicilie,538,$$,Italiaans restaurant,"[""Italiaans restaurant"",""Restaurant""]",restaurants in oud-oost,52.351234,4.916401,Dining & Cafes
1440,ChIJQV3mEBHjxUcRinY75tgaQoY,123,0.0067423121197171,Shobiyet Amsterdam Cafe.& Restaurant,308,$$$$$$$,Turks restaurant,"[""Turks restaurant"",""Koffiehuis"",""Cafetaria"",""Lunchrestaurant"",""Restaurant""]",bars in osdorpplein,52.3570811,4.7954633,Dining & Cafes
1441,ChIJF1BswecJxkcR2u7bdI9ibtg,123,0.0067423121197171,Krisotel Amsterdam,352,,Hotel,"[""Hotel""]",hotels in negen straatjes,52.365753,4.879759,Hotel
1442,ChIJIzcGHtYJxkcRUXFjJQqbLk8,123,0.0067423121197171,De Buurman,594,$$$$$$$,Restaurant,"[""Restaurant""]",restaurants in sloterdijk,52.3826932,4.8708328,Dining & Cafes
1443,ChIJj0_4vbkJxkcRDFujQs_2Ysw,123,0.0067423121197171,La Casa Argentina,1083,$$$$$$$,Argentijns restaurant,"[""Argentijns restaurant""]",restaurants in de wallen,52.375347,4.9009396,Dining & Cafes
1445,ChIJaU92zbkJxkcR91-QBcTDf3U,123,0.0067423121197171,Prins Heerlijk,1115,$$$$$$$,Restaurant,"[""Restaurant"",""Lunchpakkettenservice"",""Ontbijtrestaurant"",""Koffiebar""]",restaurants in de wallen,52.37638,4.899858,Dining & Cafes
1446,ChIJhyjxfH_jxUcRTlybv9bc2ko,123,0.0067423121197171,Gebrouwen door Vrouwen BAR,414,$$$$$$$,Bar,"[""Bar""]",bars in vondelpark,52.362525,4.864332999999999,Dining & Cafes
1447,ChIJEYph6rkJxkcRM5kE2XRJkCc,123,0.0067423121197171,France Hotel Amsterdam,1146,,Hotel,"[""Hotel""]",hotels in dapperbuurt,52.3759346,4.9011984,Hotel
1448,ChIJCdXQ174JxkcRowy91Xi6S94,123,0.0067423121197171,Nyonya Malaysian Kitchen,597,$$$$$$$,Restaurant,"[""Restaurant"",""Aziatisch restaurant"",""Chinees restaurant"",""Halal-restaurant"",""Indiaas restaurant"",""Lunchrestaurant""]",restaurants in de wallen,52.3713271,4.8986303,Dining & Cafes
1449,ChIJPVPTJskJxkcRfnEh_A-xl-8,123,0.0067423121197171,Cafe Harlem Soul Food,1053,$$$$$$$,Restaurant,"[""Restaurant""]",bars in haarlemmerbuurt,52.3802959,4.891609,Dining & Cafes
1450,ChIJN5rnpw4JxkcR6dmTwQtKc3g,122,0.0066874965740283,Restaurant Bellezza,339,$$$$$$,Restaurant,"[""Restaurant""]",restaurants in buikslotermeerplein,52.3723167,4.8984764,Dining & Cafes
1451,ChIJrbGDeegJxkcRjMIssTNNta4,122,0.0066874965740283,Cinecenter,699,,Bioscoop,"[""Bioscoop""]",movie theaters in negen straatjes,52.3650644,4.8820195,Activities
1452,ChIJ39AuHugJxkcRXpYMcnD00eI,122,0.0066874965740283,Cafe Het Molenpad,727,$$$$$$$,Eetcafe,"[""Eetcafe"",""Koffiehuis""]",cafes in negen straatjes,52.3672109,4.8828665,Dining & Cafes
1453,ChIJ8bfXC1_ixUcRB5kZ-zX1doM,122,0.0066874965740283,Train Lodge,936,,Hotel,"[""Hotel"",""Bar""]",activities in sloterdijk,52.3886032,4.8407015,Hotel
1454,ChIJN2-pD8cJxkcRbQ86SPyUtC0,122,0.0066874965740283,Kadinsky,1265,,Cannabiswinkel,"[""Cannabiswinkel""]",coffeeshops in de wallen,52.3742449,4.8934717,Cannabisshop
1455,ChIJUTGNYcMJxkcRrK6bXQ1N-74,122,0.0066874965740283,Ree 7 by PLUK Amsterdam,881,$$$$$$$,Ontbijtrestaurant,"[""Ontbijtrestaurant""]",restaurants in negen straatjes,52.3723158,4.8842534,Dining & Cafes
1456,ChIJB-Vqq_IJxkcRvELIgV_tnms,122,0.0066874965740283,Bistro TG,1020,$$$$$$$,Hamburgerrestaurant,"[""Hamburgerrestaurant""]",restaurants in de pijp,52.3557392,4.892500699999999,Dining & Cafes
1457,ChIJox0qm5ALxkcRAEU4PQrIe_Y,122,0.0066874965740283,Burger King,923,$$$$$$$,Restaurant,"[""Restaurant"",""Snackbar""]",restaurants in bijlmer arena,52.312256,4.946688099999999,Dining & Cafes
1458,ChIJS9DrlHUJxkcRqi2v2XePT2o,122,0.0066874965740283,NU koffie & delicatessen,281,$$$$$$,Koffiebar,"[""Koffiebar""]",cafes in haarlemmerbuurt,52.3765931,4.8822931,Dining & Cafes
1459,ChIJlSYAiMgJxkcRArw3BTwt4II,122,0.0066874965740283,Wandu Amsterdam,255,$$$$$$,Koffiebar,"[""Koffiebar"",""Koffiewinkel""]",cafes in de jordaan,52.3709293,4.8796324,Dining & Cafes
1460,ChIJPfMdf70LxkcRDBj_J2PTZ04,122,0.0066874965740283,Hotel Jansen Amsterdam Bajeskwartier,196,,Hotel voor langdurig verblijf,"[""Hotel voor langdurig verblijf"",""Hotel""]",hotels in bijlmer arena,52.336964,4.9261598,Hotel
1461,ChIJHWoKsnPjxUcRkcaigoVGgII,122,0.0066874965740283,schuurmanoomkensgrassotti,394,$$$$$$$,Koffiebar,"[""Koffiebar"",""Ontbijtrestaurant"",""Lunchrestaurant""]",cafes in vondelpark,52.3582266,4.8566081,Dining & Cafes
1462,ChIJl-y6rNUJxkcR6-o14m79tbc,122,0.0066874965740283,Bakkerswinkel Westerpark Amsterdam,949,$$$$$$$,Restaurant,"[""Restaurant"",""Bakkerij"",""Brunchrestaurant"",""Koffiehuis"",""Cafetaria"",""Taartenwinkel"",""Evenementenlocatie"",""Lunchrestaurant"",""Trouwlocatie""]",restaurants in sloterdijk,52.3858058,4.8746378,Dining & Cafes
1463,ChIJhes4T78JxkcRMCPZFfMyuFI,121,0.0066326810283396,Siga La Vaca steakhouse,871,$$$$$$$,Argentijns restaurant,"[""Argentijns restaurant""]",restaurants in nieuwmarkt,52.3713763,4.8965409,Dining & Cafes
1464,ChIJuYWkh6IJxkcRGglnwwbNL1c,121,0.0066326810283396,Cafe Eik en Linde,549,$$$$$$$,Cafe,"[""Cafe"",""Koffiehuis""]",bars in indische buurt,52.3665047,4.9108772,Dining & Cafes
1465,ChIJbfstdmEJxkcR0OifPKj38kk,121,0.0066326810283396,Museum Tot Zover,383,,Museum,"[""Museum"",""Toeristische attractie""]",museums in negen straatjes,52.3463014,4.9386049,Cultural & Historic
1466,ChIJJWiktiwIxkcRo2nkPuMeY6w,121,0.0066326810283396,Cafe De Walvis,727,$$$$$$$,Eetcafe,"[""Eetcafe""]",restaurants in sloterdijk,52.3890116,4.880068,Dining & Cafes
1467,ChIJZcNA52gMxkcR-dNB9a9jljc,121,0.0066326810283396,Hotel Campanile Amsterdam,1143,,Hotel,"[""Hotel""]",hotels in bijlmer arena,52.311121,4.985986,Hotel
1468,ChIJV_L7VY0JxkcR_W9xiqv6mcM,121,0.0066326810283396,Bar Mash,595,$$$$$$$,Bar,"[""Bar"",""Cocktailbar"",""Cafe"",""Thais restaurant""]",bars in museumkwartier,52.3561325,4.8928444,Dining & Cafes
1469,ChIJd1l4br8JxkcRUZy8q3lRrlY,121,0.0066326810283396,Coffeeshop The Hit,1239,,Cannabiswinkel,"[""Cannabiswinkel""]",stores in de wallen,52.370054,4.8962982,Cannabisshop
1470,ChIJT1GjucAJxkcRzqDCbFzo8s8,121,0.0066326810283396,Eetcafe de Brakke Grond,764,$$$$$$$,Eetcafe,"[""Eetcafe"",""Kunstcafe"",""Bar"",""Biertuin"",""Koffiehuis"",""Restaurant""]",cafes in de wallen,52.3712624,4.893975,Dining & Cafes
1471,ChIJUWPEsrsJxkcRGitNQKv3hOM,121,0.0066326810283396,Cafe Pollux,943,$$$$$$$,Cafe,"[""Cafe""]",bars in indische buurt,52.3742029,4.9047841,Dining & Cafes
1472,ChIJZ-voiOoJxkcRKrWvnSmkqB4,121,0.0066326810283396,Sushi Era,285,$$$$$$$,Sushirestaurant,"[""Sushirestaurant""]",restaurants in haarlemmerbuurt,52.3824257,4.8871289,Dining & Cafes
1473,ChIJ5bc6yY0JxkcR6v1S2rNvJXU,121,0.0066326810283396,The Arcade Hotel Amsterdam,1051,,Hotel,"[""Hotel"",""Speelhal""]",hotels in bijlmer arena,52.353637,4.897583,Hotel
1474,ChIJN6ygT5UJxkcRU-tL7D8L0Is,121,0.0066326810283396,Steakhouse Grill Tango,1013,$$$$$$$,Argentijns restaurant,"[""Argentijns restaurant"",""Grillrestaurant"",""Steakhouse""]",restaurants in rembrandtplein,52.3658669,4.8951323,Dining & Cafes
1475,ChIJ4wZuAekJxkcR7WXBnMvUoRU,121,0.0066326810283396,El Punto Latino,733,,Discotheek,"[""Discotheek"",""Koffiehuis""]",night clubs in amsterdam,52.3641667,4.8844444,Entertainment & Nightlife
1476,ChIJSwKdkb8JxkcRUopvIHqSFZg,121,0.0066326810283396,Tivoli Doelen Amsterdam Hotel,975,,Hotel,"[""Hotel""]",hotels in negen straatjes,52.36836,4.89586,Hotel
1477,ChIJF9ct_AwMxkcRnN3Nr3QxhI4,120,0.0065778654826508,Smeltkroes ZuidOost,731,$$$$$$$,Surinaams restaurant,"[""Surinaams restaurant"",""Javaans restaurant""]",restaurants in bijlmer arena,52.3230556,4.9761111,Dining & Cafes
1479,ChIJLbRQRA0JxkcRmBIpyM1uNmg,120,0.0065778654826508,Pompstation | Restaurant in Amsterdam,963,,Restaurant,"[""Restaurant"",""Bar"",""Botanische tuin"",""Evenementenlocatie"",""Groepsaccommodatie"",""Locatie voor live muziek"",""Restaurant voor vleesgerechten"",""Modern-Europees restaurant"",""Veganistisch restaurant"",""Trouwlocatie""]",bars in indische buurt,52.3659288,4.933456,Dining & Cafes
1480,ChIJ2Tr_jp8LxkcRvXqukZQYulA,120,0.0065778654826508,Hawaiian Poke Bowl - Amsterdam Bijlmerplein,585,$$$$$$$,Restaurant,"[""Restaurant""]",restaurants in bijlmer arena,52.3141428,4.9516594,Dining & Cafes
1481,ChIJd2X8c50JxkcRNsQhx9GbK18,120,0.0065778654826508,Coffee Bru Oost,709,$$$$$$,Koffiebar,"[""Koffiebar"",""Koffiehuis""]",cafes in dapperbuurt,52.3570888,4.9177033,Dining & Cafes
1482,ChIJRQ6oveYJxkcROLYZFDFWdQ0,120,0.0065778654826508,Princess Hostel Amsterdam,1602,,Herberg,"[""Herberg"",""Hotel""]",hotels in museumkwartier,52.362975,4.875414,Hotel
1483,ChIJ_dHmWGkJxkcRbPorCE3yZKM,120,0.0065778654826508,Linguini Jordaan,329,$$$$$$$,Restaurant,"[""Restaurant""]",restaurants in de jordaan,52.3772984,4.8889307,Dining & Cafes
1484,ChIJC2POOJkJxkcRpuSi9h7kGvc,120,0.0065778654826508,Mama Makan,621,,Restaurant,"[""Restaurant""]",restaurants in buikslotermeerplein,52.3618283,4.9122047,Dining & Cafes
1486,ChIJvcGfvNoJxkcRuEDjBok_tyw,119,0.0065230499369621,Cafe de Tuin,710,$$$$$$$,Cafe,"[""Cafe""]",bars in de jordaan,52.3771393,4.8819751,Dining & Cafes
1487,ChIJs6plV8gJxkcR5QTgzseJ6Dw,119,0.0065230499369621,Rangoli South Indian Restaurant,850,$$$$$$$,Indiaas restaurant,"[""Indiaas restaurant""]",restaurants in haarlemmerbuurt,52.3794177,4.8936894,Dining & Cafes
1488,ChIJKcnUypoJxkcRSARNdevq770,119,0.0065230499369621,Saffraan aan de Amstel,421,$$,Turks restaurant,"[""Turks restaurant"",""Ontbijtrestaurant"",""Brunchrestaurant"",""Koffiebar"",""Dessertrestaurant"",""Mediterraans restaurant""]",restaurants in oosterparkbuurt,52.3554566,4.9076523,Dining & Cafes
1489,ChIJKedbicYJxkcRvzJ2fOmuoGk,119,0.0065230499369621,PRIK,755,$$$$$$$,Homobar,"[""Homobar"",""Bar"",""Cocktailbar"",""Gaynachtclub"",""Cafe""]",night clubs in amsterdam,52.3747272,4.8908083,Dining & Cafes
1490,ChIJO8pnspUJxkcRdZtxeSuzzYw,119,0.0065230499369621,Cafe Van Leeuwen,902,$$$$$$$,Koffiehuis,"[""Koffiehuis"",""Bar"",""Ontbijtrestaurant"",""Brunchrestaurant"",""Restaurant""]",cafes in de wallen,52.364071,4.898372,Dining & Cafes
1491,ChIJE966cnHixUcRKSOBMlQpFik,119,0.0065230499369621,Ram's Roti,641,$$$$$$$,Surinaams restaurant,"[""Surinaams restaurant""]",restaurants in sloterdijk,52.3746624,4.8600249,Dining & Cafes
1492,ChIJqenZeUMJxkcR-rbL7poaZ8Q,119,0.0065230499369621,Restaurant Asmara,255,$$$$$$$,Eritrees restaurant,"[""Eritrees restaurant"",""Restaurant""]",restaurants in buikslotermeerplein,52.3668916,4.904213299999999,Dining & Cafes
1493,ChIJVcDu7QzixUcR3W8p2Pz8wHA,119,0.0065230499369621,Kevin Bacon Bar,414,,Cocktailbar,"[""Cocktailbar"",""Bar"",""Thais restaurant""]",bars in vondelpark,52.3662607,4.8594825,Dining & Cafes
1494,ChIJUxAFEukJxkcRWuTXUdOOjSw,119,0.0065230499369621,Hashtag Steakhouse,887,$$$$$$$,Restaurant,"[""Restaurant""]",bars in leidseplein,52.363702,4.8853404,Dining & Cafes
1495,ChIJGwufcgnixUcR58x28WZWRJg,119,0.0065230499369621,Brandy Melville,553,,Damesmode,"[""Damesmode""]",stores in de leidseplein,52.3653606,4.8850151,Shopping
1496,ChIJu7zVXLgJxkcRWFa6Ojz2rFg,119,0.0065230499369621,Cafe Hot or Not,617,$$$$$$$,Bar,"[""Bar""]",bars in wallengebied,52.3752889,4.8979139,Dining & Cafes
1497,ChIJHekmWcYJxkcRh61udBE9pRQ,119,0.0065230499369621,Ponte Vecchio dam,754,$$$$$$$,Italiaans restaurant,"[""Italiaans restaurant"",""Restaurant""]",restaurants in negen straatjes,52.3750859,4.8915234,Dining & Cafes
1498,ChIJkVRVOY0JxkcRBQD6sTVXHhY,118,0.0064682343912733,Cafe Krull,517,$$$$$$$,Koffiehuis,"[""Koffiehuis""]",cafes in de pijp,52.3544347,4.8936009,Dining & Cafes
1499,ChIJkW2AugHixUcR-DqUWjFc6QU,118,0.0064682343912733,Bar Grill Marathonweg,715,$$,Restaurant,"[""Restaurant"",""Bar"",""Cocktailbar""]",bars in zuid,52.3486019,4.8608627,Dining & Cafes
1501,ChIJKVFPUsEJxkcRWBdmytKucjk,118,0.0064682343912733,Lillie,401,,Restaurant,"[""Restaurant"",""Wijnbar""]",bars in museumkwartier,52.3558929,4.8732818,Dining & Cafes
1502,ChIJvxzO53QJxkcRrJwi2AOAbNg,118,0.0064682343912733,Pizza`dam Centrum,351,$$$$$$$,Pizzeria,"[""Pizzeria""]",restaurants in de jordaan,52.3734609,4.881617599999999,Dining & Cafes
1503,ChIJNSdlt8IJxkcRRXBIXr6BDTw,118,0.0064682343912733,Koffiehuis 'De Hoek'.,859,$$$$$$$,Koffiehuis,"[""Koffiehuis"",""Ontbijtrestaurant""]",restaurants in negen straatjes,52.3723306,4.8832472,Dining & Cafes
1504,ChIJh-uM0hAJxkcRnSVj1_l8r7o,118,0.0064682343912733,Paon Bali,351,$$$$$$$,Afhaalrestaurant,"[""Afhaalrestaurant""]",restaurants in indische buurt,52.3769385,4.9433835,Dining & Cafes
1505,ChIJV6JTUwAJxkcRzYRCsfJRgoE,118,0.0064682343912733,FC Hyena,745,$$,Bioscoop,"[""Bioscoop"",""Bar"",""Restaurant"",""Wijnbar""]",movie theaters in dapperbuurt,52.3833861,4.929058,Activities
1506,ChIJI1YQ-MMJxkcRILWPFWBu1v0,118,0.0064682343912733,Cafe 't Molentje,668,$$$$$$$,Koffiehuis,"[""Koffiehuis""]",cafes in negen straatjes,52.3722675,4.8880459,Dining & Cafes
1508,ChIJMU_r95MJxkcRSRKrPHu5E6A,118,0.0064682343912733,Cafe Slijterij Oosterling,545,$$$$$$$,Cafe,"[""Cafe""]",bars in oosterparkbuurt,52.3610922,4.899255699999999,Dining & Cafes
1509,ChIJpZ73qaIJxkcRUYSd99FjGek,118,0.0064682343912733,Makan - mkn,238,$$$$$$$,Restaurant,"[""Restaurant""]",restaurants in buikslotermeerplein,52.3981349,4.9395055,Dining & Cafes
1510,ChIJXdY94u8IxkcRXkli53SyE-U,118,0.0064682343912733,C&A,592,,Kledingwinkel,"[""Kledingwinkel"",""Jurkenboetiek"",""Herenmode"",""Winkel voor bovenkleding"",""Damesmode""]",stores in buikslotermeerplein,52.39775,4.9398478,Shopping
1511,ChIJH59kKmMJxkcRBouWeaBepAA,118,0.0064682343912733,RISTORANTE AMORE PIZZA-PASTA-STEAKHOUSE-,420,$$$$$$$,Italiaans restaurant,"[""Italiaans restaurant"",""Glutenvrij restaurant"",""Hamburgerrestaurant"",""Pannenkoekrestaurant"",""Pastawinkel"",""Pizzeria"",""Steakhouse""]",restaurants in haarlemmerbuurt,52.3801634,4.8926177,Dining & Cafes
1512,ChIJI28WCFrjxUcRKHMGlg-S75w,118,0.0064682343912733,Focacceria,396,$$$$$$$,Bakkerij,"[""Bakkerij"",""Delicatessenwinkel""]",stores in de vondelpark,52.3586896,4.8598045,Dining & Cafes
1513,ChIJ8-0Eb-kJxkcR2Md36jdqjds,117,0.0064134188455846,Mozart Hotel,949,,Hotel,"[""Hotel""]",hotels in negen straatjes,52.3634809,4.8862517,Hotel
1514,ChIJ47-2Z8EJxkcRmxTuxdkQ7-E,117,0.0064134188455846,Lucius Visrestaurant,762,$$$,Visrestaurant,"[""Visrestaurant"",""Catering"",""Nederlands restaurant"",""Frans restaurant"",""Afhaalrestaurant"",""Oesterbar"",""Restaurant"",""Brasserie""]",restaurants in negen straatjes,52.370761,4.889332,Dining & Cafes
1515,ChIJh7THeTwJxkcRvhAEfkBAvPE,117,0.0064134188455846,Burro&Parmigiano,368,$$$$$$$,Pizzeria,"[""Pizzeria"",""Catering"",""Delicatessenwinkel"",""Italiaanse kruidenierswinkel"",""Afhaalpizza""]",restaurants in oosterparkbuurt,52.3568423,4.912179,Dining & Cafes
1516,ChIJGaxcvrkJxkcRxLCzp4kYDI8,117,0.0064134188455846,Casablanca,807,$$,Karaokebar,"[""Karaokebar"",""Jazzclub""]",night clubs in amsterdam,52.3755109,4.9008647,Dining & Cafes
1517,ChIJu35pKkzjxUcROqO5yBkK6QI,117,0.0064134188455846,Flo's Delicatessen,372,$$$$$$$,Bagelwinkel,"[""Bagelwinkel"",""Catering"",""Delicatessenwinkel""]",stores in de vondelpark,52.362351,4.8644367,Shopping
1518,ChIJPfgtzLkJxkcRKOnHxY2ZCuU,116,0.0063586032998958,Proeflokaal de Ooievaar,623,$$$$$$$,Cafe,"[""Cafe""]",bars in wallengebied,52.3762917,4.899905599999999,Dining & Cafes
1519,ChIJ93YX4r8JxkcRNykyzctEmH4,116,0.0063586032998958,24K Karaoke Bar,894,$$$$$$$,Karaokebar,"[""Karaokebar""]",bars in rembrandtplein,52.3666973,4.895695,Dining & Cafes
1520,ChIJjz01Q84JxkcRvqx_SSdNpi0,116,0.0063586032998958,Coffeeshop 137,699,,Cannabiswinkel,"[""Cannabiswinkel""]",coffeeshops in negen straatjes,52.3814097,4.8862667,Cannabisshop
1521,ChIJn8V5MccJxkcRHVZpXXoRPps,116,0.0063586032998958,Restaurant Bougainville,364,$$$$$$,Haute-cuisinerestaurant,"[""Haute-cuisinerestaurant"",""Restaurant""]",restaurants in de wallen,52.372456,4.893293,Dining & Cafes
1522,ChIJKadUqbsJxkcR7UO3UVVj-Qw,116,0.0063586032998958,City Hotel Amsterdam,828,,Hotel,"[""Hotel""]",hotels in de wallen,52.3738861,4.9054284,Hotel
1523,ChIJiQZfe5UJxkcR48yyAwARZ_E,116,0.0063586032998958,Cafe Restaurant De Kroon,999,$$,Restaurant,"[""Restaurant"",""Nachtclub"",""Cafe""]",bars in rembrandtplein,52.3664472,4.8966417,Dining & Cafes
1524,ChIJDxYOhLsJxkcRmbq1H5bc6kE,116,0.0063586032998958,Montelbaanstoren,1170,,Historisch herkenningspunt,"[""Historisch herkenningspunt"",""Historische plaats"",""Monument"",""Toeristische attractie""]",tourist attractions in buikslotermeerplein,52.3720106,4.9056278,Cultural & Historic
1525,ChIJmaxBe1bjxUcRtbyDSsjcN44,116,0.0063586032998958,Eva Chicken Amsterdam,264,$$$$$$,Kiprestaurant,"[""Kiprestaurant""]",restaurants in sloterdijk,52.3798876,4.8614542,Dining & Cafes
1526,ChIJGTJxu60JxkcRswY6KmIUT4I,116,0.0063586032998958,Mount Everest Tandoori,612,$$$$$$$,Indiaas restaurant,"[""Indiaas restaurant"",""Nepalees restaurant""]",restaurants in buikslotermeerplein,52.3838,4.9129,Dining & Cafes
1527,ChIJg6hgLd0JxkcRxcqt-BR2lPo,116,0.0063586032998958,Good Beans,414,$$$$$$,Koffiebar,"[""Koffiebar""]",cafes in haarlemmerbuurt,52.382381,4.887274199999999,Dining & Cafes
1529,ChIJfQVRNFkJxkcRqbIRePqcSE0,116,0.0063586032998958,Chiqueolatte Amsterdam,236,$$$$$$$,Cafetaria,"[""Cafetaria"",""Koffiehuis"",""Espressobar"",""Lunchrestaurant""]",cafes in de pijp,52.3524291,4.9027577,Dining & Cafes
1530,ChIJwTu4dMoJxkcR1KrZfYk1jac,116,0.0063586032998958,KRUX Brouwwerf,343,$$$$$$$,Brouwerijcafe,"[""Brouwerijcafe"",""Bar"",""Biertuin""]",bars in oud-oost,52.3683417,4.9526794,Dining & Cafes
1531,ChIJ3Xgt_c8JxkcRIFaEOLF7WAQ,116,0.0063586032998958,Vivant de Jordaan,332,,Tabakswinkel,"[""Tabakswinkel""]",stores in de jordaan,52.3785698,4.8834329,Shopping
1532,ChIJz9dUDpQJxkcRxvRpDCaBTlw,115,0.006303787754207,Kaldi Amsterdam,447,$$$$$$,Koffiebar,"[""Koffiebar"",""Monument"",""Theehuis"",""Theewinkel""]",stores in de leidseplein,52.3616975,4.8993359,Dining & Cafes
1533,ChIJK3Tjk_IJxkcRSDo5hzSmN-w,115,0.006303787754207,Caffe Pico,162,,Restaurant,"[""Restaurant""]",restaurants in de pijp,52.3551989,4.8900045,Dining & Cafes
1534,ChIJtQ4GN78JxkcRWimbGzH-5G0,115,0.006303787754207,Cafe De Pool,881,$$$$$$$,Koffiehuis,"[""Koffiehuis""]",cafes in de wallen,52.3713291,4.8972209,Dining & Cafes
1535,ChIJb5c4Ln4JxkcRr6hsHfqsMs8,115,0.006303787754207,Cape Town Social Club,251,$$$$$$,Haute-cuisinerestaurant,"[""Haute-cuisinerestaurant"",""Restaurant"",""Zuid-Afrikaans restaurant""]",restaurants in de jordaan,52.3661206,4.881094,Dining & Cafes
1536,ChIJ8_EDbuYJxkcRSwZegC8Npik,115,0.006303787754207,Hotel Catalonia Vondel Amsterdam,1069,,Hotel,"[""Hotel"",""Bar"",""Restaurant""]",bars in vondelpark,52.3626465,4.8782769,Hotel
1537,ChIJu1OlYbgJxkcRqh95L9eK1i4,115,0.006303787754207,White Tulip Amsterdam Hostels,847,,Herberg,"[""Herberg""]",hotels in de wallen,52.3747097,4.8973583,Hotel
1539,ChIJJ-aW4JkJxkcRTQH0lvYNPOM,115,0.006303787754207,Capital C,312,,Evenementenlocatie,"[""Evenementenlocatie"",""Kunstgalerie"",""Congrescentrum"",""Huisvestingsautoriteit"",""Planning van vergaderingen"",""Restaurant""]",event venues in negen straatjes,52.3619459,4.907013699999999,Event venue
1542,ChIJS-udls8JxkcRyaXsjMNo350,115,0.006303787754207,Boca's,670,$$$$$$$,Restaurant,"[""Restaurant"",""Bar""]",bars in de jordaan,52.3789457,4.8853206,Dining & Cafes
1543,ChIJ-85XZgsJxkcRNvLvjwNntPk,115,0.006303787754207,De Kop van Oost,708,$$,Restaurant,"[""Restaurant"",""Bar""]",bars in indische buurt,52.3669026,4.9272033,Dining & Cafes
1544,ChIJYZNjpZkJxkcR4MveFSfuk9o,114,0.0062489722085183,Poollokaal De Gracht,662,$$,Poolcentrum,"[""Poolcentrum"",""Bar"",""Koffiehuis"",""Dartsbar"",""Poolbiljartclub""]",bars in bijlmer arena,52.3626717,4.9097059,Activities
1545,ChIJF77HYeYJxkcRxboD8gPDEpE,114,0.0062489722085183,Hotel Iron Horse Amsterdam,1038,,Hotel,"[""Hotel""]",hotels in museumkwartier,52.3631232,4.8774809,Hotel
1546,ChIJ1TTUFJQJxkcRfmKZFsKVy3w,114,0.0062489722085183,Cafe Bouwman,688,$$$$$$,Koffiehuis,"[""Koffiehuis""]",cafes in rembrandtplein,52.3623083,4.8987944,Dining & Cafes
1547,ChIJ706bYXPixUcRlZl7hexmFs4,114,0.0062489722085183,Chasse Hotel West,590,,Hotel,"[""Hotel""]",hotels in sloterdijk,52.3697205,4.8616807,Hotel
1548,ChIJ17PcNcMJxkcRqvkBPjjCRmA,114,0.0062489722085183,Venus & Adonis,953,$$$,Restaurant,"[""Restaurant"",""Grillrestaurant"",""Bistro"",""Modern-Frans restaurant"",""Wijnbar""]",restaurants in negen straatjes,52.371109,4.8824501,Dining & Cafes
1549,ChIJp4oq9gTixUcRp--YakSvn54,114,0.0062489722085183,Labyrinth Cocktail Soul Food & Poetry Bar,525,$$$$$$$,Cocktailbar,"[""Cocktailbar"",""Afrikaans restaurant"",""Caribisch restaurant"",""Soul Food-restaurant (Afrikaans-Amerikaans)""]",bars in wallengebied,52.354083,4.855809,Dining & Cafes
1550,ChIJO_zmuuoJxkcRMrUB9cK_jeI,114,0.0062489722085183,De Gooyer,142,,Erfgoedmuseum,"[""Erfgoedmuseum""]",museums in negen straatjes,52.3668138,4.9261881,Cultural & Historic
1551,ChIJnSA1pZEJxkcRIsPNQHUDUdQ,113,0.0061941566628295,Slijterij Oosterling,570,,Ontbijtrestaurant,"[""Ontbijtrestaurant"",""Bed & Breakfast"",""Koffiebar"",""Koffiewinkel"",""Lunchrestaurant"",""Souvenirwinkel"",""Wijnhandel""]",cafes in de pijp,52.3610581,4.8992838,Dining & Cafes
1552,ChIJdbaEECoJxkcRGGY9HTFAhm8,113,0.0061941566628295,Winkelcentrum Landsmeer,219,,Winkelcentrum,"[""Winkelcentrum""]",shopping malls in negen straatjes,52.4287386,4.915003,Shopping
1553,ChIJSR-4i8cJxkcRttWzPePqdd4,113,0.0061941566628295,Delta Hotel City Center,785,,Hotel,"[""Hotel""]",hotels in de wallen,52.3757528,4.8958065,Hotel
1554,ChIJ257maNoJxkcRXE2MqD_YklM,113,0.0061941566628295,Salvatorica,546,$$$$$$$,Pastawinkel,"[""Pastawinkel"",""Italiaanse kruidenierswinkel"",""Restaurant""]",restaurants in de jordaan,52.3768518,4.8788746,Shopping
1555,ChIJpVk_ZsQJxkcR0ReZDivqD8g,113,0.0061941566628295,Di-Ann City Centre Hotel,943,,Hotel,"[""Hotel""]",hotels in negen straatjes,52.3733397,4.8864404,Hotel
1556,ChIJ-ypFEegJxkcR9EvBPqUdwxc,113,0.0061941566628295,Cafe Pieper,491,$$$$$$$,Cafe,"[""Cafe""]",bars in 9 straatjes,52.3661929,4.8823495,Dining & Cafes
1557,ChIJDWXad7gJxkcRFOk5rgeO7gw,113,0.0061941566628295,Hotel Manofa,914,,Hotel,"[""Hotel""]",hotels in de wallen,52.3755569,4.8957844,Hotel
1558,ChIJHZm6NkMJxkcRqbk2-DDVS2s,113,0.0061941566628295,TDQ Steaks,1434,$$$,Steakhouse,"[""Steakhouse"",""Barbecuerestaurant"",""Haute-cuisinerestaurant"",""Japans restaurant"",""Oesterbar"",""Restaurant"",""Visrestaurant""]",restaurants in nieuwmarkt,52.3771646,4.8944154,Dining & Cafes
1559,ChIJBbsPzOQJxkcRUniKwu5_adc,113,0.0061941566628295,Cafe Gruter,701,$$$$$$$,Eetcafe,"[""Eetcafe""]",restaurants in museumkwartier,52.3570244,4.8749493,Dining & Cafes
1560,ChIJfZihVUXixUcREmkhzlLKPmE,113,0.0061941566628295,Restaurant Konak,804,$$$$$$$,Turks restaurant,"[""Turks restaurant""]",restaurants in sloterdijk,52.379736,4.8307128,Dining & Cafes
1561,ChIJeyWVgc8JxkcRW8wgxpIWtPc,113,0.0061941566628295,cafe twee prinsen,456,$$$$$$$,Wijnbar,"[""Wijnbar"",""Bar""]",bars in haarlemmerbuurt,52.3778864,4.8864757,Dining & Cafes
1563,ChIJB1sBewUKxkcRoQBaMptaHrA,112,0.0061393411171408,Limon,514,$$,Restaurant,"[""Restaurant""]",restaurants in zuidas,52.3360831,4.8731622,Dining & Cafes
1565,ChIJ6RBBEL8JxkcRX-98PNuFzeY,112,0.0061393411171408,Coffeeshop Bagheera,828,,Cannabiswinkel,"[""Cannabiswinkel""]",coffeeshops in de wallen,52.3700405,4.8974296,Cannabisshop
1566,ChIJNeQBWm4JxkcR-VGEHgmVmOQ,112,0.0061393411171408,Brouwerij Poesiat & Kater,1494,$$,Brouwerijcafe,"[""Brouwerijcafe"",""Brouwerij""]",bars in oosterparkbuurt,52.3576697,4.9357201,Dining & Cafes
1567,ChIJR3gadpUJxkcRKs_8M0jDY10,112,0.0061393411171408,Restaurant Klein BREDA,632,$$$,Restaurant,"[""Restaurant""]",restaurants in rembrandtplein,52.3655917,4.8973833,Dining & Cafes
1568,ChIJPUVOsrkJxkcROjp43ro1K_A,112,0.0061393411171408,Thai Street Bar,890,$$$$$$$,Thais restaurant,"[""Thais restaurant"",""Bar"",""Cafe""]",bars in wallengebied,52.3752536,4.8995858,Dining & Cafes
1569,ChIJWVg9ybgJxkcR9F68UBJNOlo,111,0.006084525571452,Heart of Amsterdam,988,,Herberg,"[""Herberg""]",hotels in de wallen,52.3723106,4.8974876,Hotel
1571,ChIJe8XpGWcJxkcRYSi5a0hKINs,111,0.006084525571452,Pazzi De Pijp,167,$$$$$$$,Pizzeria,"[""Pizzeria"",""Italiaans restaurant""]",bars in de pijp,52.3547628,4.8886049,Dining & Cafes
1572,ChIJD0Y7gZQJxkcRTd9GiBeCMwQ,111,0.006084525571452,De Duif,732,,Evenementenlocatie,"[""Evenementenlocatie"",""Kerk"",""Concertzaal"",""Congrescentrum"",""Cultureel centrum"",""Monumentenbouwer"",""Toeristische attractie"",""Trouwlocatie""]",event venues in negen straatjes,52.3614202,4.8967302,Event venue
1573,ChIJEz5OgOUJxkcRJXPqYRPpcKc,111,0.006084525571452,Pazzi Oost,246,$$$$$$$,Restaurant,"[""Restaurant""]",restaurants in oosterparkbuurt,52.3552613,4.9229158,Dining & Cafes
1574,ChIJ16lL5x8LxkcRsNDtFLZ6xTs,111,0.006084525571452,Coffee & Coconuts 'Zuidas',146,$$$$$$$,Koffiebar,"[""Koffiebar"",""Koffiehuis"",""Restaurant""]",restaurants in zuidas,52.3372535,4.8730334,Dining & Cafes
1575,ChIJi7e006MJxkcRypXOPNuRIR0,111,0.006084525571452,Bloem Eten & Drinken,531,$$$$$$$,Biologisch restaurant,"[""Biologisch restaurant""]",restaurants in buikslotermeerplein,52.3688757,4.914257699999999,Dining & Cafes
1577,ChIJqRVxq48JxkcRr5pFQi-_ZhQ,111,0.006084525571452,Tapmarin,408,$$,Cafe,"[""Cafe"",""Koffiehuis""]",bars in de pijp,52.353356,4.9023251,Dining & Cafes
1578,ChIJsfwjUMcJxkcRajOm1t-X8iU,110,0.0060297100257633,Grand Cafe Krasnapolsky,498,$$$,Restaurant,"[""Restaurant"",""Monument""]",restaurants in de wallen,52.3727333,4.894447899999999,Dining & Cafes
1579,ChIJ1Ur3y8IJxkcRZO49dUyvXM4,110,0.0060297100257633,Foodware,424,$$,Delicatessenwinkel,"[""Delicatessenwinkel"",""Restaurant""]",restaurants in de jordaan,52.3688496,4.8819963,Shopping
1580,ChIJVXzXtwrixUcRwgsVd0_rJeY,110,0.0060297100257633,Bar Centraal,445,$$,Wijnbar,"[""Wijnbar""]",bars in 9 straatjes,52.3673265,4.866481299999999,Dining & Cafes
1581,ChIJfTmzSjgJxkcRcfKjLoiVkSo,110,0.0060297100257633,The Old Soul,258,$$$$$$$,Surinaams restaurant,"[""Surinaams restaurant"",""Soul Food-restaurant (Afrikaans-Amerikaans)"",""Veganistisch restaurant""]",restaurants in museumkwartier,52.3535527,4.8862681,Dining & Cafes
1582,ChIJ8aiGCIEJxkcR64bTuC2Aeqk,110,0.0060297100257633,La Dilettante Amsterdam - Natural Wine Bar,242,$$$$$$$,Wijnbar,"[""Wijnbar"",""Bar"",""Koffiehuis""]",bars in museumkwartier,52.3558808,4.8885016,Dining & Cafes
1583,ChIJPbrjuQHixUcRUwDluuuXuEY,110,0.0060297100257633,Cafe Kiebert,692,$$$$$$$,Restaurant,"[""Restaurant"",""Bar"",""Ontbijtrestaurant"",""Koffiehuis"",""Koffiebar""]",bars in zuid,52.3483706,4.8605911,Dining & Cafes
1584,ChIJi9bKuOkJxkcRQekWFMl9qaA,110,0.0060297100257633,Kaasspeciaalzaak Henri Willig,413,,Kaaswinkel,"[""Kaaswinkel""]",stores in de leidseplein,52.3656623,4.8856419,Shopping
1585,ChIJSR5m88cJxkcRcBuLKi93gQM,110,0.0060297100257633,Cafe van Beeren,735,$$$$$$$,Bar,"[""Bar"",""Koffiehuis""]",cafes in de wallen,52.3760566,4.8957695,Dining & Cafes
1586,ChIJzcu9uuUJxkcRsinjE9Hf-L4,110,0.0060297100257633,Sonder Park House,1029,,Hotel,"[""Hotel""]",hotels in museumkwartier,52.360143,4.8778483,Hotel
1587,ChIJs9V1pEThxUcR41Vai9AwxRA,110,0.0060297100257633,Burgerbar Zuid,292,$$$$$$$,Restaurant,"[""Restaurant""]",bars in zuid,52.3451927,4.8590933,Dining & Cafes
1588,ChIJ2wSXQJAJxkcRbeGRqn73W_Q,110,0.0060297100257633,Helin's Vegan Doner,261,$$$$$$,Eetcafe,"[""Eetcafe"",""Restaurant""]",restaurants in dapperbuurt,52.3563082,4.9278151,Dining & Cafes
1589,ChIJWQVpYu0JxkcRRcDFrlNwtdY,110,0.0060297100257633,coffeecompany,594,$$$$$$,Koffiebar,"[""Koffiebar""]",cafes in de pijp,52.3563113,4.8904122,Dining & Cafes
1590,ChIJM0nvO37jxUcRv2V_GfUk5rU,110,0.0060297100257633,Black Cat Theatre,238,,Kindertheater,"[""Kindertheater""]",movie theaters in sloterdijk,52.3897001,4.8494499,Event venue
1591,ChIJNQbQGP4LxkcRE6pxwGZx6xg,110,0.0060297100257633,Theater de Omval,475,,Theater,"[""Theater""]",movie theaters in oud-oost,52.3420677,4.9647408,Event venue
1592,ChIJ1z5XzsIJxkcRqom0RFLQ7j8,110,0.0060297100257633,Amsterdam Wiechmann Hotel,701,,Hotel,"[""Hotel"",""Restaurant""]",hotels in negen straatjes,52.3689628,4.8822127,Hotel
1593,ChIJfa7F_bsJxkcRkTrq3fNR68Q,109,0.0059748944800745,Restaurant Van Beeren,535,$$$$$$$,Restaurant,"[""Restaurant""]",restaurants in nieuwmarkt,52.3720732,4.9022729,Dining & Cafes
1594,ChIJkZSI5lgLxkcRJHJGpf8JYNk,109,0.0059748944800745,PANCAKES Amsterdam Zuidas,289,$$$$$$$,Pannenkoekrestaurant,"[""Pannenkoekrestaurant"",""Ontbijtrestaurant"",""Nederlands restaurant"",""Lunchrestaurant"",""Restaurant""]",restaurants in zuidas,52.3364805,4.8728395,Dining & Cafes
1595,ChIJae07jHfjxUcRVPB4C_KWyWY,109,0.0059748944800745,Westervilla,483,,Restaurant,"[""Restaurant"",""Hotel""]",restaurants in sloterdijk,52.3845737,4.861805,Dining & Cafes
1597,ChIJswf-ycAJxkcRSjgRPWVMSYs,109,0.0059748944800745,Bar Jones,566,$$$$$$$,Bar,"[""Bar""]",bars in wallengebied,52.3717096,4.8938203,Dining & Cafes
1598,ChIJ0Q1NT0UJxkcRwQjPMVe3oEo,109,0.0059748944800745,Trianon Hotel,1078,,Hotel,"[""Hotel""]",hotels in bijlmer arena,52.3563156,4.8783566,Hotel
1599,ChIJ1WPcbaMJxkcRiAXIiwny3CE,109,0.0059748944800745,Kilimanjaro Restaurant,514,$$$$$$$,Afrikaans restaurant,"[""Afrikaans restaurant"",""Bar"",""Cocktailbar"",""Oost-Afrikaans restaurant"",""Restaurant"",""West-Afrikaans restaurant""]",restaurants in buikslotermeerplein,52.3703142,4.9108375,Dining & Cafes
1600,ChIJtdZbkaYJxkcRc9Qcc-bXUGc,109,0.0059748944800745,Pension Homeland,515,,Hotel,"[""Hotel"",""Bar"",""Brouwerij""]",hotels in indische buurt,52.3730206,4.9167427,Hotel
1601,ChIJX_OLZaIJxkcR6GHUeJdL5uw,109,0.0059748944800745,Burgermeester | Artis,951,$$$$$$$,Hamburgerrestaurant,"[""Hamburgerrestaurant"",""Amerikaans restaurant"",""Eclectisch restaurant"",""Afhaalrestaurant""]",restaurants in buikslotermeerplein,52.366909,4.911899,Dining & Cafes
1603,ChIJT0u55FfixUcR73lwRTZPNeQ,109,0.0059748944800745,Rhone Events & Congrescentrum,524,,Evenementenlocatie,"[""Evenementenlocatie"",""Congrescentrum"",""Partycentrum"",""Multifunctionele ruimte"",""Trouwlocatie""]",event venues in negen straatjes,52.3903542,4.8314214,Event venue
1604,ChIJQ348HcYJxkcRqF6SSJpupnM,109,0.0059748944800745,Harry's Pasta Bar,215,$$$$$$$,Italiaans restaurant,"[""Italiaans restaurant""]",restaurants in de wallen,52.3713697,4.8975802,Dining & Cafes
1605,ChIJMQaer_IJxkcRjDvF1a_sOE4,109,0.0059748944800745,Coffeeshop Club Media,876,,Cannabiswinkel,"[""Cannabiswinkel""]",coffeeshops in de pijp,52.355816,4.891916,Cannabisshop
1606,ChIJuU3SjQzixUcRXLl4DK4QOEA,108,0.0059200789343857,Hotel Not Hotel Amsterdam,997,,Hotel,"[""Hotel"",""Bar""]",hotels in sloterdijk,52.3663075,4.8600542,Hotel
1609,ChIJWT6u-s3jxUcROMUocS7aSYM,108,0.0059200789343857,Red Elephant Thai Food,313,$$$$$$$,Thais restaurant,"[""Thais restaurant"",""Restaurant""]",bars in osdorpplein,52.3602322,4.8079106,Dining & Cafes
1610,ChIJ2QUFnREKxkcROayIJZ8UBsU,108,0.0059200789343857,Le Pain Quotidien,541,$$$$$$$,Restaurant,"[""Restaurant"",""Bakkerij"",""Ontbijtrestaurant"",""Brunchrestaurant"",""Koffiebar""]",cafes in zuidas,52.3313921,4.8790056,Dining & Cafes
1612,ChIJJ_HNPpUJxkcRdHrdSBiVZeI,108,0.0059200789343857,The Bushdocter,683,,Cannabiswinkel,"[""Cannabiswinkel""]",coffeeshops in leidseplein,52.365083,4.8955814,Cannabisshop
1613,ChIJd75Sd8gJxkcR3jy2XQJJlBo,108,0.0059200789343857,De Silveren Spiegel,678,$$$$$$,Restaurant,"[""Restaurant"",""Nederlands restaurant""]",restaurants in haarlemmerbuurt,52.3777205,4.89392,Dining & Cafes
1615,ChIJ-f01dADjxUcRjgA1eD5q6_c,108,0.0059200789343857,Beymen BBQ,318,,Barbecuerestaurant,"[""Barbecuerestaurant"",""Cafe"",""Turks restaurant""]",bars in osdorpplein,52.3611858,4.7835325,Dining & Cafes
1616,ChIJLUywzc4JxkcR81tXDIATB1c,108,0.0059200789343857,Amsterdam Catacombs Escape Room,646,,Escaperoomcentrum,"[""Escaperoomcentrum"",""Spookhuis""]",activities in haarlemmerbuurt,52.3810216,4.8902777,Activities
1617,ChIJY4BpdNAJxkcRY7KVAzGKi_U,108,0.0059200789343857,"Cafe, De Blauwe Pan",462,$$$$$$$,Restaurant,"[""Restaurant"",""Eetcafe""]",restaurants in de jordaan,52.378179,4.8813515,Dining & Cafes
1619,ChIJkwydVo0JxkcRQmuo1wd5phw,107,0.005865263388697,De Wasserette,623,$$$$$$$,Restaurant,"[""Restaurant"",""Koffiewinkel""]",restaurants in de pijp,52.3558251,4.8931406,Dining & Cafes
1620,ChIJ25B742zixUcRkukMA3FMW6s,107,0.005865263388697,white label coffee west,641,$$$$$$,Koffiebar,"[""Koffiebar"",""Koffiehuis"",""Koffiewinkel"",""Koffiegroothandel"",""Groothandelaar""]",cafes in sloterdijk,52.370431,4.851578,Dining & Cafes
1621,ChIJDfkNWF4JxkcRF-6MgKtepW8,107,0.005865263388697,Clapham Specialty Coffee,177,$$$$$$,Espressobar,"[""Espressobar""]",cafes in museumkwartier,52.3562255,4.8710219,Dining & Cafes
1622,ChIJl4v4vSsJxkcRuE6y5WVjSbg,107,0.005865263388697,restaurant calisto,159,,Restaurant,"[""Restaurant""]",restaurants in haarlemmerbuurt,52.3823619,4.8874647,Dining & Cafes
1624,ChIJnzEPE-8JxkcRBzFEMXtbFZM,107,0.005865263388697,"Max Brown Hotel Museum Square, part of Sircle Collection",976,,Hotel,"[""Hotel""]",hotels in negen straatjes,52.3600973,4.8819398,Hotel
1625,ChIJCxOrzAAJxkcRqvZVLRmxY0U,107,0.005865263388697,Salsa Shop,480,$$$$$$$,Mexicaans restaurant,"[""Mexicaans restaurant"",""Burrito-restaurant"",""Zuid-Amerikaans restaurant"",""Tacorestaurant""]",restaurants in haarlemmerbuurt,52.3805781,4.8907431,Dining & Cafes
1626,ChIJ6WK175ELxkcRjQhZ9sgtIWY,107,0.005865263388697,Hostelle,1065,,Jeugdhostel,"[""Jeugdhostel"",""Herberg""]",hotels in bijlmer arena,52.3154563,4.953507699999999,Hotel
1627,ChIJS8mwN44JxkcRiKM_7TuRNo4,107,0.005865263388697,Restaurant MOZO,625,$$,Marokkaans restaurant,"[""Marokkaans restaurant""]",restaurants in de pijp,52.3545587,4.9016584,Dining & Cafes
1628,ChIJzdWdNHUJxkcRrOlwURA6Z-o,107,0.005865263388697,Kafe Kontrast,150,$$$$$$$,Restaurant,"[""Restaurant""]",restaurants in museumkwartier,52.3527756,4.889909299999999,Dining & Cafes
1629,ChIJF08tI8oJxkcRcIzY4YmSnfU,106,0.0058104478430082,Sizz restaurant,414,$$$$$$$,Indiaas restaurant,"[""Indiaas restaurant""]",restaurants in leidseplein,52.359645,4.893177,Dining & Cafes
1630,ChIJ6XsUlPwJxkcRiYAMh4AkXwg,106,0.0058104478430082,Restaurant Sardegna,597,$$,Italiaans restaurant,"[""Italiaans restaurant""]",restaurants in museumkwartier,52.3554233,4.8714639,Dining & Cafes
1631,ChIJvY5EyegJxkcRw6k2XqbSIbI,106,0.0058104478430082,Bakery Cafe/Ristorante Pizzeria,743,$$$$$$$,Restaurant,"[""Restaurant""]",restaurants in leidseplein,52.3623151,4.8825049,Dining & Cafes
1632,ChIJg04uXk0JxkcRRV3dm8AJehI,106,0.0058104478430082,Coffee Bru de Pijp,208,$$$$$$,Koffiebar,"[""Koffiebar""]",cafes in de pijp,52.3538168,4.902360799999999,Dining & Cafes
1633,ChIJ4SKfTscJxkcRcUEZj2dlGJ4,106,0.0058104478430082,Hotel Doria Amsterdam,724,,Hotel,"[""Hotel"",""Restaurant""]",hotels in de wallen,52.3724415,4.8943599,Hotel
1634,ChIJXTLVb_cIxkcRxFMLJufehPs,106,0.0058104478430082,KAHVEALTI,547,$$$$$$$,Ontbijtrestaurant,"[""Ontbijtrestaurant"",""Restaurant"",""Turks restaurant""]",restaurants in sloterdijk,52.3784361,4.8496428,Dining & Cafes
1635,ChIJl3renygLxkcRwOCFEVrG5gw,106,0.0058104478430082,JOE & THE JUICE,140,$$$$$$$,Smoothiewinkel,"[""Smoothiewinkel"",""Koffiehuis"",""Koffiebar"",""Health Food-restaurant"",""Modern-Europees restaurant"",""Broodjeswinkel"",""Scandinavisch restaurant""]",stores in zuidas,52.3369711,4.8708876,Shopping
1636,ChIJVVWBFqQJxkcRkDtbYwdl4cU,106,0.0058104478430082,VOC-schip 'Amsterdam',340,,Maritiem museum,"[""Maritiem museum"",""Museum""]",museums in bijlmer arena,52.3723716,4.9142366,Cultural & Historic
1637,ChIJi3BwgJIJxkcRB73uBCbaoYo,106,0.0058104478430082,Benny's Chicken,337,$$$$$$,Kiprestaurant,"[""Kiprestaurant""]",restaurants in de pijp,52.3558222,4.8942636,Dining & Cafes
1638,ChIJmfdLqfQJxkcRzGL7LQ6RtSI,106,0.0058104478430082,Brouwerij Troost De Pijp,1217,$$$$$$$,Restaurant,"[""Restaurant"",""Bar"",""Brouwerij"",""Brouwerijcafe"",""Vegetarisch restaurant""]",bars in de pijp,52.3504994,4.8909816,Dining & Cafes
1639,ChIJX7ZTgcEJxkcR3Otkzsf1EZI,106,0.0058104478430082,Tweede Kamer Coffeeshop,1016,,Cannabiswinkel,"[""Cannabiswinkel""]",coffeeshops in haarlemmerbuurt,52.3688704,4.888391599999999,Cannabisshop
1640,ChIJ-1X_9M0JxkcR6m3KYBdx9Xw,106,0.0058104478430082,A Volo,336,$$$$$$,Italiaans restaurant,"[""Italiaans restaurant"",""Pizzeria""]",restaurants in haarlemmerbuurt,52.3842838,4.8845977,Dining & Cafes
1641,ChIJ15YeCaILxkcRGH6ENU-YY7Y,106,0.0058104478430082,Lord Shiva Hindu Temples,517,,Hindoeistische tempel,"[""Hindoeistische tempel"",""Religieuze organisatie"",""Toeristische attractie""]",tourist attractions in bijlmer arena,52.3062889,4.9397449,Cultural & Historic
1642,ChIJkRrlA9AJxkcRccMqm4LTbX4,106,0.0058104478430082,Amsterdam Coffeeshop The Spirit | Best Edibles and Spacecake | Poolroom | Pinballs | Cup winner,857,,Cannabiswinkel,"[""Cannabiswinkel""]",coffeeshops in haarlemmerbuurt,52.3781923,4.8829391,Cannabisshop
1643,ChIJYwpIxg0JxkcR3bS3wjR5LhQ,105,0.0057556322973195,Jacks&waffles,393,$$$$$$$,Restaurant,"[""Restaurant""]",bars in osdorpplein,52.3620566,4.7980477,Dining & Cafes
1644,ChIJL6rmMZALxkcRjosOWlBTF9E,105,0.0057556322973195,Domino's Pizza Amsterdam Zuidoost,719,$$$$$$$,Pizzeria,"[""Pizzeria"",""Restaurant""]",restaurants in bijlmer arena,52.3132486,4.950606,Dining & Cafes
1645,ChIJbSI3dQAJxkcR3TYN5be5DeA,105,0.0057556322973195,SWED a Snoop Dogg Store,185,$$$$$$$,Koffiebar,"[""Koffiebar""]",coffeeshops in de jordaan,52.3727133,4.8761101,Dining & Cafes
1646,ChIJXUl4ro7hxUcR_nlMqxoR7MY,105,0.0057556322973195,B. Amsterdam,797,,Evenementenlocatie,"[""Evenementenlocatie"",""Kantoorvastgoedbedrijf"",""Gedeelde werkplek"",""Restaurant""]",event venues in haarlemmerbuurt,52.3431446,4.8293864,Event venue
1647,ChIJx5e1ANwJxkcR52usnN4Z2KA,105,0.0057556322973195,CoffeeShop Funky Munkey,648,$$$$$$$,Koffiebar,"[""Koffiebar""]",coffeeshops in buikslotermeerplein,52.3727024,4.8761637,Dining & Cafes
1648,ChIJR-WSRpQJxkcREz4wbH2rmtQ,105,0.0057556322973195,Cafe Krom,566,$$$$$$,Koffiehuis,"[""Koffiehuis""]",cafes in zuidas,52.3629463,4.8985451,Dining & Cafes
1649,ChIJOcQvfLgJxkcRCIxv6CJZc-E,105,0.0057556322973195,Babylon Coffeeshop,662,,Cannabiswinkel,"[""Cannabiswinkel""]",coffeeshops in buikslotermeerplein,52.3747426,4.896609,Cannabisshop
1650,ChIJa9q6yLkJxkcR3cdEXkDX2Ak,105,0.0057556322973195,Cultureel Eetcafe 'Skek,892,$$$$$$$,Restaurant,"[""Restaurant"",""Kunstcafe"",""Bar"",""Eetcafe"",""Locatie voor live muziek"",""Cafe"",""Vegetarisch restaurant""]",bars in wallengebied,52.376065,4.900176,Dining & Cafes
1651,ChIJ8aghyBcLxkcR219hrGov_ms,105,0.0057556322973195,PizzaLab,343,$$$$$$$,Pizzeria,"[""Pizzeria""]",restaurants in zuidas,52.3362536,4.8696436,Dining & Cafes
1652,ChIJuRsfW5UJxkcROl9SVSjuYnI,104,0.0057008167516307,Bruincafe 't Centrum,631,$$$$$$$,Koffiehuis,"[""Koffiehuis""]",bars in rembrandtplein,52.3661111,4.8955556,Dining & Cafes
1653,ChIJtwphOcUJxkcRZ2rYrkrRemo,104,0.0057008167516307,Cafe De Prins,707,$$$$$$$,Koffiehuis,"[""Koffiehuis""]",cafes in haarlemmerbuurt,52.3761583,4.8839833,Dining & Cafes
1654,ChIJAYPbyRjjxUcRLe-Y-KNBOLo,104,0.0057008167516307,Masie Restaurant,245,$$$$$$$,Restaurant,"[""Restaurant""]",bars in osdorpplein,52.3565365,4.7928277,Dining & Cafes
1656,ChIJ94MQZ20JxkcRBAuR3D507OM,104,0.0057008167516307,Lotus Thai food Amsterdam,200,$$$$$$$,Thais restaurant,"[""Thais restaurant""]",restaurants in de wallen,52.3725154,4.8982302,Dining & Cafes
1658,ChIJqRxMfpUJxkcR3razU_xuLY0,104,0.0057008167516307,Club John Doe,403,$$$$$$$,Nachtclub,"[""Nachtclub""]",night clubs in amsterdam,52.366464,4.897587,Entertainment & Nightlife
1659,ChIJo8-ANMIJxkcRi1HeWcbBcmI,104,0.0057008167516307,Ambassade Hotel - Amsterdam,759,,Hotel,"[""Hotel"",""Bar"",""Restaurant"",""Wijnbar""]",hotels in negen straatjes,52.3693867,4.8871701,Hotel
1660,ChIJWeMA-EsJxkcRQbZAV3oEy98,104,0.0057008167516307,Bar Rouge,653,,Restaurant,"[""Restaurant"",""Bar""]",bars in 9 straatjes,52.3674996,4.8887411,Dining & Cafes
1661,ChIJx3h6R40JxkcRghNGIYt1QVQ,104,0.0057008167516307,De Duvel,722,$$$$$$$,Restaurant,"[""Restaurant""]",restaurants in de pijp,52.3548325,4.8936382,Dining & Cafes
1662,ChIJgYj0iowJxkcReaFgKrDGlBs,104,0.0057008167516307,Cafe Buhrs,320,$$$$$$$,Bar,"[""Bar"",""Cafe""]",bars in de pijp,52.3518536,4.8951154,Dining & Cafes
1663,ChIJxaB3v8AJxkcRXDDCNbPf5cQ,104,0.0057008167516307,Hotel V,737,,Hotel,"[""Hotel"",""Restaurant""]",hotels in negen straatjes,52.3708421,4.8936629,Hotel
1664,ChIJx-AOQb0JxkcRNjf-Ss-4UFc,104,0.0057008167516307,De Overkant,374,,Cannabiswinkel,"[""Cannabiswinkel"",""Koffiebar""]",coffeeshops in buikslotermeerplein,52.3673263,4.906465799999999,Cannabisshop
1665,ChIJn29h_XsJxkcRUXI2Tz0qkFM,104,0.0057008167516307,Sea Salt and Chocolate,237,$$$$$$,Taartenwinkel,"[""Taartenwinkel"",""Bakkerij"",""Dessertrestaurant""]",stores in de haarlemmerbuurt,52.3831757,4.8865133,Shopping
1666,ChIJZdwKTlQLxkcR-m4k4pxkq7k,104,0.0057008167516307,Ferilli's Specialita UpTown,177,,Italiaans restaurant,"[""Italiaans restaurant"",""Brunchrestaurant"",""Cocktailbar"",""Koffiebar"",""Lunchrestaurant""]",bars in zuid,52.3368645,4.8777662,Dining & Cafes
1667,ChIJpU6oOJALxkcRcmAdOUifB74,103,0.005646001205942,eazie Amsterdam Bijlmerplein,651,$$$$$$$,Health Food-restaurant,"[""Health Food-restaurant"",""Aziatisch restaurant"",""Afhaalrestaurant"",""Wokrestaurant""]",bars in bijlmer arena,52.3127645,4.949675399999999,Dining & Cafes
1670,ChIJoRCtVI0JxkcRCnY1h4nTLGQ,103,0.005646001205942,Anne&Max Amsterdam Zeeburg,579,$$$$$$$,Ontbijtrestaurant,"[""Ontbijtrestaurant"",""Brunchrestaurant"",""Koffiebar""]",cafes in indische buurt,52.3745815,4.9351804,Dining & Cafes
1671,ChIJZ3x-y5EJxkcRllzNMz3GDrk,103,0.005646001205942,Graham's Kitchen,550,$$$$$$,Haute-cuisinerestaurant,"[""Haute-cuisinerestaurant"",""Nederlands restaurant"",""Familierestaurant"",""Fusion-restaurant"",""Glutenvrij restaurant"",""Modern-Europees restaurant"",""Restaurant"",""Wijnbar""]",restaurants in de pijp,52.356666,4.9025925,Dining & Cafes
1672,ChIJL96lKcMJxkcRpj2a2a-qdJ4,103,0.005646001205942,"Cafe ""De Eland""",524,$$$$$$,Koffiehuis,"[""Koffiehuis""]",cafes in negen straatjes,52.3699937,4.8823104,Dining & Cafes
1673,ChIJn5Q9x8QJxkcRnmr_Iolm41w,103,0.005646001205942,Koh-I-Noor restaurant,1039,$$$$$$$,Indiaas restaurant,"[""Indiaas restaurant""]",restaurants in sloterdijk,52.3738553,4.8836691,Dining & Cafes
1674,ChIJq5yqYeEJxkcR6RDOFO1GBcM,103,0.005646001205942,"Luza's breakfast, lunch & coffee",698,$$$$$$$,Restaurant,"[""Restaurant"",""Ontbijtrestaurant"",""Koffiebar"",""Lunchrestaurant""]",bars in de dapperbuurt,52.363986,4.927020199999999,Dining & Cafes
1675,ChIJa5KQpJoJxkcRx1Ekx8Ym6lo,103,0.005646001205942,Villa Orange Bar & Restaurant,249,$$$$$$$,Nederlands restaurant,"[""Nederlands restaurant"",""Bar"",""Cocktailbar"",""Europees restaurant"",""Restaurant""]",bars in museumkwartier,52.3631678,4.8842179,Dining & Cafes
1677,ChIJiZ0Gt8MJxkcRD1Ib-s28BY8,103,0.005646001205942,Kaldi Amsterdam Herengracht,359,$$$$$$,Koffiewinkel,"[""Koffiewinkel"",""Koffiebar"",""Theehuis"",""Theewinkel""]",stores in negen straatjes,52.3702334,4.886512499999999,Shopping
1678,ChIJO2LdoMIJxkcROndljaXYKGg,103,0.005646001205942,Anne&Max Amsterdam Oostenburg,170,$$$$$$$,Koffiebar,"[""Koffiebar"",""Ontbijtrestaurant"",""Lunchrestaurant""]",cafes in dapperbuurt,52.3689535,4.922007499999999,Dining & Cafes
1679,ChIJXzfFbKMJxkcR6qMIzfcpN0U,103,0.005646001205942,Cafe de Druif,483,$$$$$$$,Cafe,"[""Cafe""]",bars in oosterparkbuurt,52.3700809,4.9106455,Dining & Cafes
1680,ChIJMeqInsEJxkcRZzT04H81uZE,103,0.005646001205942,Begijnhofkapel,737,,Historische plaats,"[""Historische plaats"",""Katholieke kerk"",""Toeristische attractie""]",tourist attractions in de pijp,52.3693046,4.8895916,Cultural & Historic
1681,ChIJO7i3XMAJxkcRL36dP9jWCu8,102,0.0055911856602532,Allard Pierson,714,,Museum,"[""Museum"",""Bibliotheek"",""Toeristische attractie"",""Universiteit""]",tourist attractions in negen straatjes,52.3687868,4.8930188,Cultural & Historic
1682,ChIJayzHH8kJxkcROep7kb6lWZ8,102,0.0055911856602532,West-Indisch Huis,241,,Evenementenlocatie,"[""Evenementenlocatie"",""Evenementenmanagementbedrijf"",""Trouwkapel"",""Huwelijksservice""]",event venues in negen straatjes,52.3801404,4.892013599999999,Event venue
1683,ChIJJ2BVT8cJxkcRgVjla2Az_KE,102,0.0055911856602532,Bar The Tailor,542,,Cocktailbar,"[""Cocktailbar""]",bars in 9 straatjes,52.372646,4.894815,Dining & Cafes
1684,ChIJx11JNLgJxkcRQjL4_mmO9ZM,102,0.0055911856602532,Hotel Luxer,942,,Hotel,"[""Hotel""]",hotels in de wallen,52.3760297,4.8992235,Hotel
1685,ChIJmRjQxI4JxkcRRrRPjGBKjvU,102,0.0055911856602532,BoulesBitesBar Amsterdam,182,$$$$$$$,Bar,"[""Bar"",""Bar & Grill"",""Cocktailbar"",""Restaurant""]",bars in buikslotermeerplein,52.4011001,4.9345316,Dining & Cafes
1686,ChIJDRWyDsQJxkcRVFbnJ7BMxHc,102,0.0055911856602532,Pad Thai Zeedijk,674,$$$$$$$,Restaurant,"[""Restaurant"",""Thais restaurant""]",restaurants in nieuwmarkt,52.3735055,4.9003134,Dining & Cafes
1687,ChIJ-4CqEQAJxkcR-7Teky84yoo,102,0.0055911856602532,cafe wu,137,,Chinees restaurant,"[""Chinees restaurant"",""Aziatisch restaurant""]",cafes in dapperbuurt,52.3653609,4.9261956,Dining & Cafes
1688,ChIJ2-JSygjixUcRTXaq2UZJZCY,102,0.0055911856602532,Toasty Lunchroom,580,$$$$$$$,Ontbijtrestaurant,"[""Ontbijtrestaurant"",""Koffiebar"",""Snackbar"",""Smoothiewinkel"",""Afhaalrestaurant""]",cafes in vondelpark,52.3588368,4.860301199999999,Dining & Cafes
1689,ChIJcweGNHEJxkcRMqkzp5WZoKw,102,0.0055911856602532,Baking Lab Amsterdam,392,$$$$$$,Bakkerij,"[""Bakkerij"",""Bakkersbenodigdheden"",""Ontbijtrestaurant"",""Koffiehuis"",""Delicatessenwinkel"",""Kookschool"",""Health Food-restaurant"",""Laboratorium"",""Broodjeswinkel"",""Veganistisch restaurant"",""Vegetarisch restaurant""]",cafes in dapperbuurt,52.3584644,4.9265973,Dining & Cafes
1690,ChIJt18aNd0JxkcRHaAyLgQ5y-8,102,0.0055911856602532,Festina Lente,647,$$$$$$$,Koffiehuis,"[""Koffiehuis"",""Gastropub""]",bars in de jordaan,52.368653,4.881389599999999,Dining & Cafes
1691,ChIJ6bXTQP0JxkcRsqdsJ_Yxqbo,102,0.0055911856602532,Deguelle Patisserie,141,$$$$$$,Patisserie,"[""Patisserie""]",stores in oosterparkbuurt,52.3568872,4.9133518,Dining & Cafes
1692,ChIJp_0758AJxkcRsKVDlU6iNm0,102,0.0055911856602532,OZO Hotels Cordial Amsterdam,844,,Hotel,"[""Hotel""]",hotels in negen straatjes,52.3707111,4.8923821,Hotel
1693,ChIJsaFM7MYJxkcRr612WDSdtGY,102,0.0055911856602532,Melly's Cookies Bar,592,$$$$$$,Koekjeswinkel,"[""Koekjeswinkel"",""Bakkerij"",""Taartenwinkel"",""Koffiebar"",""Banketbakker"",""Patisserie"",""Cafe""]",bars in 9 straatjes,52.3740056,4.891257599999999,Shopping
1694,ChIJxVkgjTEJxkcRwbzpNHjbqSs,102,0.0055911856602532,Wild & The Moon,224,$$$$$$$,Glutenvrij restaurant,"[""Glutenvrij restaurant"",""Biologisch restaurant"",""Veganistisch restaurant""]",restaurants in de pijp,52.3531857,4.9024114,Dining & Cafes
1695,ChIJcbZEiMMJxkcRL2AS-OrE5Mk,102,0.0055911856602532,Quattro Gatti - Ristorante e Pasticceria,562,$$$$$$$,Italiaans restaurant,"[""Italiaans restaurant"",""Koffiehuis"",""Banketbakker""]",restaurants in negen straatjes,52.372239,4.886544,Dining & Cafes
1696,ChIJjYXCxfoJxkcRtRgz7wObFVg,102,0.0055911856602532,Cafe Welling,421,$$$$$$$,Cafe,"[""Cafe""]",bars in museumkwartier,52.3559894,4.8772554,Dining & Cafes
1697,ChIJ22b14doJxkcRFQHegtdAp54,102,0.0055911856602532,Cafe De Nieuwe Lelie,574,$$$$$$$,Cafe,"[""Cafe""]",bars in de jordaan,52.375233,4.880817,Dining & Cafes
1698,ChIJpdvTnHAJxkcRDv8lCvB8ohM,101,0.0055363701145644,Cafe MOJO Amsterdam,658,$$$$$$$,Restaurant,"[""Restaurant""]",restaurants in dapperbuurt,52.3547992,4.928054299999999,Dining & Cafes
1699,ChIJDQ5ZN9QJxkcR_i8E6oMd7ng,101,0.0055363701145644,Cafe Restaurant Piet de Gruyter,467,$$$$$$$,Cafe,"[""Cafe"",""Restaurant""]",bars in haarlemmerbuurt,52.384578,4.875246,Dining & Cafes
1700,ChIJRbeqH8gJxkcRyKux8UOs-WY,101,0.0055363701145644,A-Train Hotel,827,,Hotel,"[""Hotel""]",hotels in haarlemmerbuurt,52.3784524,4.8963485,Hotel
1701,ChIJ-adWrQ3jxUcRyTEKdNwDDhw,101,0.0055363701145644,coffeecompany,223,$$$$$$,Koffiebar,"[""Koffiebar""]",cafes in sloterdijk,52.3782894,4.8463279,Dining & Cafes
1702,ChIJC87AJskJxkcRrDyr-3LnAsw,101,0.0055363701145644,Steakhouse San Pedro,891,$$$$$$$,Restaurant,"[""Restaurant""]",restaurants in haarlemmerbuurt,52.3803368,4.8913479,Dining & Cafes
1703,ChIJOynuceEJxkcRx6D0xVq7Wt4,101,0.0055363701145644,Sinck,242,,Restaurant,"[""Restaurant"",""Wijnbar""]",bars in de jordaan,52.3662698,4.8822698,Dining & Cafes
1704,ChIJfT1HmaMJxkcRqgsC63JhgPg,101,0.0055363701145644,A Tavola,422,$$,Italiaans restaurant,"[""Italiaans restaurant""]",restaurants in buikslotermeerplein,52.3702139,4.912312,Dining & Cafes
1705,ChIJcY-EVBbjxUcR2lFtVkyrnUk,101,0.0055363701145644,ARTISANI,528,$$$$$$$,Amerikaans restaurant,"[""Amerikaans restaurant""]",bars in osdorpplein,52.3586303,4.8010907,Dining & Cafes
1706,ChIJxdllY5UJxkcRa1CNEmwh3oE,101,0.0055363701145644,Heck's Amsterdam,925,$$,Gastropub,"[""Gastropub"",""Restaurant""]",bars in rembrandtplein,52.3664209,4.8964268,Dining & Cafes
1707,ChIJVzujjaAJxkcRtNKqQ8TtVIU,101,0.0055363701145644,SOIL Vegan Cafe - EAST,172,$$$$$$$,Veganistisch restaurant,"[""Veganistisch restaurant"",""Bar"",""Koffiehuis"",""Lunchrestaurant"",""Restaurant"",""Vegetarisch restaurant""]",bars in 9 straatjes,52.363477,4.9333874,Dining & Cafes
1708,ChIJb3qXmbkJxkcR55GL19Kef-k,101,0.0055363701145644,Coffeeshop Het Gelderse,482,,Cannabiswinkel,"[""Cannabiswinkel""]",coffeeshops in buikslotermeerplein,52.3750182,4.9013088,Cannabisshop
1710,ChIJ0xNxqcUJxkcRZdRqqtusbFw,101,0.0055363701145644,Cafe Brandon,484,$$$$$$,Bar,"[""Bar""]",bars in de jordaan,52.3754448,4.8864583,Dining & Cafes
1711,ChIJcXOQ1-AJxkcRYXU9gnANTGc,101,0.0055363701145644,Grand Hotel Downtown Amsterdam,726,,Hotel,"[""Hotel""]",hotels in museumkwartier,52.3652349,4.8733267,Hotel
1712,ChIJe2U9d98JxkcRLMSwCLUsQyM,101,0.0055363701145644,Grillroom Shoarma Mesut,572,$$$$$$$,Turks restaurant,"[""Turks restaurant"",""Maaltijdbezorging"",""Afhaalrestaurant""]",restaurants in sloterdijk,52.3706379,4.8696589,Dining & Cafes
1713,ChIJ6YHIAnXixUcRHsdvabPIHNo,100,0.0054815545688757,Cafe Thuys,588,$$,Bar,"[""Bar"",""Koffiehuis""]",cafes in sloterdijk,52.3699061,4.8653762,Dining & Cafes
1714,ChIJg6jQJ__hxUcRiS_dzyxssdo,100,0.0054815545688757,Jack Dish,593,$$$$$$$,Restaurant,"[""Restaurant"",""Bar"",""Koffiehuis""]",bars in zuid,52.3444526,4.8584137,Dining & Cafes
1715,ChIJ_blf4dMJxkcR3OM3G0o7qLU,100,0.0054815545688757,Restaurant Queen of Sheba,390,$$$$$$$,Ethiopisch restaurant,"[""Ethiopisch restaurant"",""Oost-Afrikaans restaurant""]",restaurants in haarlemmerbuurt,52.3836483,4.8789792,Dining & Cafes
1716,ChIJTyA3pjUJxkcRi_eyi3o3IuE,100,0.0054815545688757,CatuaBar Amsterdam,225,,Restaurant,"[""Restaurant"",""Braziliaans restaurant"",""Cocktailbar"",""Zuid-Afrikaans restaurant"",""Tapasbar"",""Tapas restaurant"",""Wijnbar""]",bars in oosterparkbuurt,52.3592692,4.9139592,Dining & Cafes
1718,ChIJmUTxWAoJxkcRda5qs7-VcMM,100,0.0054815545688757,YAYS Amsterdam Maritime by Numa,803,,Hotel,"[""Hotel"",""Vakantieappartement""]",hotels in indische buurt,52.3683392,4.9236964,Hotel
1719,ChIJ33lycOYJxkcRjLebyXMgDlQ,100,0.0054815545688757,Hotel Roemer,676,,Hotel,"[""Hotel""]",hotels in bijlmer arena,52.3617901,4.8779832,Hotel
1720,ChIJ71EuEZcJxkcRpfvkS9Qm_sc,100,0.0054815545688757,Gollem Aan Het Water,434,$$$$$$$,Biertuin,"[""Biertuin"",""Bar""]",bars in oosterparkbuurt,52.3680955,4.9164407,Green Recreation
1721,ChIJ26VyfwALxkcRjovqORB6c_E,100,0.0054815545688757,Little Chinatown,472,$$$$$$$,Restaurant,"[""Restaurant"",""Chinees afhaalrestaurant"",""Chinees bezorgrestaurant"",""Wokrestaurant""]",restaurants in bijlmer arena,52.3134562,4.9509169,Dining & Cafes
1722,ChIJ09FkufEJxkcRrX1pOBxxImQ,100,0.0054815545688757,Hotel Washington,615,,Hotel,"[""Hotel""]",hotels in bijlmer arena,52.3549102,4.883563,Hotel
1723,ChIJ8-1lR40JxkcRBPF8pL1m8qc,99,0.0054267390231869,Alberto Pozzetto,382,,Italiaanse kruidenierswinkel,"[""Italiaanse kruidenierswinkel"",""Italiaans restaurant"",""Restaurant""]",supermarkets in vondelpark,52.3548093,4.8935685,Shopping
1724,ChIJ5bqqUl0IxkcRH1yzSdHNYWI,99,0.0054267390231869,Erva Cafe & Restaurant B.V.,476,$$$$$$$,Turks restaurant,"[""Turks restaurant"",""Ontbijtrestaurant""]",restaurants in buikslotermeerplein,52.4078383,4.9170002,Dining & Cafes
1725,ChIJMzqLEIsJxkcRTBXw6KN7hYM,99,0.0054267390231869,Yamazato Restaurant,653,$$$$$$,Japans restaurant,"[""Japans restaurant"",""Kaiseki-restaurant""]",restaurants in de pijp,52.3486045,4.8941121,Dining & Cafes
1726,ChIJbxg6WegJxkcRTZImZTfQbbY,99,0.0054267390231869,BAIRES Empanadas,263,$$$$$$,Argentijns restaurant,"[""Argentijns restaurant""]",bars in oud-oost,52.359742,4.9252275,Dining & Cafes
1727,ChIJ5ZGwJsYJxkcR02JefqKfEyM,99,0.0054267390231869,Stubbe's Haring,1191,$$$$$$,Restaurant,"[""Restaurant""]",restaurants in haarlemmerbuurt,52.3790908,4.894222,Dining & Cafes
1728,ChIJH-_zfFIJxkcReSrASMY4vvg,99,0.0054267390231869,Pizza Beppe De Pijp,238,$$$$$$$,Pizzeria,"[""Pizzeria"",""Italiaans restaurant"",""Pizza aan huis"",""Afhaalpizza"",""Restaurant""]",restaurants in de pijp,52.3560818,4.9005059,Dining & Cafes
1729,ChIJC9x_EwAJxkcRjs96P1l8JV8,99,0.0054267390231869,Garage Noord,368,$$,Club,"[""Club"",""Bar"",""Restaurant""]",night clubs in amsterdam,52.3855729,4.9257197,Entertainment & Nightlife
1730,ChIJU7U-rpQJxkcR2IsmDXjZIr0,99,0.0054267390231869,Prinsengracht Hotel Amsterdam,559,,Hotel,"[""Hotel""]",hotels in dapperbuurt,52.3620556,4.8945248,Hotel
1731,ChIJv_AWY84JxkcRKXiMh0aa1H8,99,0.0054267390231869,Small World Catering,454,$$$$$$$,Restaurant,"[""Restaurant"",""Brunchrestaurant"",""Koffiehuis"",""Koffiewinkel"",""Smoothiewinkel"",""Lunchrestaurant""]",cafes in haarlemmerbuurt,52.382265,4.8870355,Dining & Cafes
1732,ChIJO2OlCg8JxkcRTgC_6JX0nJI,99,0.0054267390231869,Bar Bacan,230,$$$$$$$,Cocktailbar,"[""Cocktailbar""]",bars in wallengebied,52.3660593,4.8941785,Dining & Cafes
1734,ChIJRzafmNvjxUcRMqm4zQ_pSDs,99,0.0054267390231869,Warung Spang Makandra 2,802,$$$$$$$,Restaurant,"[""Restaurant""]",bars in osdorpplein,52.3569847,4.7949816,Dining & Cafes
1735,ChIJV4Bv-owJxkcRpR_rCAZRvms,99,0.0054267390231869,Hayran Shoarma,424,$$$$$$$,Turks restaurant,"[""Turks restaurant"",""Italiaans restaurant"",""Pizzeria"",""Restaurant""]",restaurants in oosterparkbuurt,52.3534628,4.9173202,Dining & Cafes
1736,ChIJ72kOEsLjxUcRNkgL3DFX2Vc,98,0.0053719234774982,Local Flavour,357,$$$$$$$,Restaurant,"[""Restaurant"",""Bar"",""Koffiebranders""]",bars in sloterdijk,52.3879257,4.8355573,Dining & Cafes
1737,ChIJq6pdzAnixUcRVbQoBMtOO5I,98,0.0053719234774982,OT301,502,,Cultureel centrum,"[""Cultureel centrum""]",night clubs in amsterdam,52.3600834,4.8656877,Cultural & Historic
1738,ChIJ00Zy28cJxkcRXY8bedkVJNA,98,0.0053719234774982,English Pub London Bridge Amsterdam,755,$$$$$$$,Cafe,"[""Cafe"",""Restaurant""]",bars in haarlemmerbuurt,52.3768565,4.8942133,Dining & Cafes
1739,ChIJf_NGAu8JxkcRcGxTdRVwyDw,98,0.0053719234774982,Royal Coster Diamonds,700,,Juwelier,"[""Juwelier"",""Diamanthandelaar"",""Toeristische attractie""]",stores in museumkwartier,52.3595968,4.8831831,Shopping
1740,ChIJBQpDcYUJxkcRtngw_4Rien8,98,0.0053719234774982,o bistro,298,,Frans restaurant,"[""Frans restaurant""]",restaurants in de jordaan,52.3800947,4.8826854,Dining & Cafes
1742,ChIJg1D4lsQJxkcRJUQLm1-19hE,98,0.0053719234774982,ibis Styles Amsterdam Amstel,283,,Hotel,"[""Hotel""]",hotels in bijlmer arena,52.3575858,4.900541,Hotel
1743,ChIJ7xDFe-YJxkcRnBPOeDb22I8,98,0.0053719234774982,Prinsen Hotel,693,,Hotel,"[""Hotel"",""Lodge"",""Accomodatie""]",hotels in museumkwartier,52.3625035,4.8776518,Hotel
1744,ChIJo-eEGEkJxkcRVwiAB0QMmI4,98,0.0053719234774982,Buno Coffee Amstel,197,$$$$$$$,Koffiebar,"[""Koffiebar"",""Acai winkel"",""Ontbijtrestaurant"",""Brunchrestaurant"",""Koffiehuis"",""Espressobar""]",cafes in dapperbuurt,52.3460963,4.9193333,Dining & Cafes
1745,ChIJd6OvsssJxkcREjmyY6DsTvE,98,0.0053719234774982,Nomad aan het IJ,385,$$$$$$,Restaurant,"[""Restaurant""]",restaurants in haarlemmerbuurt,52.3845012,4.8948274,Dining & Cafes
1746,ChIJe7jfCMUJxkcRHcGN2FwaoxY,98,0.0053719234774982,Hotel Sebastians,595,,Hotel,"[""Hotel""]",hotels in negen straatjes,52.3791012,4.890007499999999,Hotel
1748,ChIJK1cNF30JxkcRD3OD0ufptDQ,98,0.0053719234774982,Pont Neuf,240,$$$$$$,Snackbar,"[""Snackbar""]",restaurants in buikslotermeerplein,52.3904798,4.9244834,Dining & Cafes
1749,ChIJq00aTRMJxkcRUEqhq0iFE6w,98,0.0053719234774982,BAR JOOST,564,$$$$$$$,Bar,"[""Bar""]",bars in de pijp,52.3649281,4.9397354,Dining & Cafes
1750,ChIJc79LnK3jxUcRvJSUr2JcF6A,98,0.0053719234774982,Pizza'dam Osdorp,286,$$$$$$$,Restaurant,"[""Restaurant""]",bars in osdorpplein,52.3545222,4.8112718,Dining & Cafes
1751,ChIJUf8lfZUJxkcR9HdeJ31HK-I,98,0.0053719234774982,Hotel NH Amsterdam Caransa,760,,Hotel,"[""Hotel""]",hotels in rembrandtplein,52.36625,4.8973,Hotel
1752,ChIJfRmS3DcJxkcR1HiuJVvsbQE,98,0.0053719234774982,Jan Luyken Amsterdam,572,,Hotel,"[""Hotel""]",hotels in negen straatjes,52.3598574,4.8811608,Hotel
1753,ChIJO5vbibgJxkcRCnFY4cBA0D0,98,0.0053719234774982,Big Shots Bar Amsterdam,589,$$$$$$$,Bar,"[""Bar"",""Club"",""Cocktailbar"",""Cafe"",""Sportcafe""]",bars in wallengebied,52.3746034,4.8968451,Dining & Cafes
1755,ChIJeQckFrkJxkcRbUa29F6e60w,97,0.0053171079318094,Kopstootbar Amsterdam,516,$$$$$$$,Bar,"[""Bar"",""Cocktailbar"",""Dansclub"",""Nachtclub"",""Tapasbar""]",bars in leidseplein,52.3641029,4.8818394,Dining & Cafes
1756,ChIJ1UeCYvwJxkcRL-zZKE-dK5E,97,0.0053171079318094,Frietboutique Amsterdam Oud-Zuid,499,$$$$$$,Snackbar,"[""Snackbar"",""IJssalon""]",restaurants in museumkwartier,52.3543443,4.8721809,Dining & Cafes
1757,ChIJC_KvV9jhxUcRgDzDAbDHkBw,97,0.0053171079318094,Amsterdam Forest Hotel,766,,Hotel,"[""Hotel"",""Accomodatie""]",hotels in zuidas,52.317434,4.8566474,Hotel
1758,ChIJqz18bPEJxkcRcontM7WBMx4,97,0.0053171079318094,"The College Hotel Amsterdam, Autograph Collection",833,,Hotel,"[""Hotel"",""Planning van vergaderingen"",""Trouwlocatie""]",hotels in negen straatjes,52.3527765,4.8837348,Hotel
1759,ChIJ_erfU7gJxkcR8LQyfW81-xI,97,0.0053171079318094,Hong Kong Kitchen,588,$$$$$$$,Chinees restaurant,"[""Chinees restaurant""]",restaurants in de wallen,52.3750063,4.8989126,Dining & Cafes
1760,ChIJN0wEeB0JxkcRy6T_z2XNtXI,97,0.0053171079318094,Pita Queen,276,$$$$$$$,Restaurant,"[""Restaurant""]",restaurants in dapperbuurt,52.3624939,4.927342599999999,Dining & Cafes
1761,ChIJo6F-O3HixUcRWk4NrQmqvN0,97,0.0053171079318094,Selma's,452,$$$$$$$,Bakkerij,"[""Bakkerij"",""Koffiebar""]",cafes in sloterdijk,52.3751971,4.8616092,Dining & Cafes
1763,ChIJzwzS5owJxkcRDZfCjur-OPU,97,0.0053171079318094,Sinne,560,$$$$$$,Haute-cuisinerestaurant,"[""Haute-cuisinerestaurant""]",restaurants in de pijp,52.3529994,4.894070999999999,Dining & Cafes
1764,ChIJkVmmD4vjxUcR6I2epiOYDss,97,0.0053171079318094,Tres amigos,227,$$$$$$$,Mexicaans restaurant,"[""Mexicaans restaurant""]",restaurants in osdorpplein,52.3604129,4.8311869,Dining & Cafes
1765,ChIJZWUEQcgJxkcRWkJvOMOF1XE,97,0.0053171079318094,Wok To Go Nieuwendijk | Eat in and Take away,759,$$$$$$$,Wokrestaurant,"[""Wokrestaurant"",""Aziatisch restaurant"",""Chinees afhaalrestaurant"",""Chinees bezorgrestaurant"",""Maaltijdbezorging"",""Afhaalrestaurant""]",restaurants in haarlemmerbuurt,52.378911,4.894805,Dining & Cafes
1766,ChIJuXLPYOgJxkcRmVz4gil_ZnQ,97,0.0053171079318094,Jimmy Woo,492,$$,Nachtclub,"[""Nachtclub""]",night clubs in amsterdam,52.3647802,4.882274499999999,Entertainment & Nightlife
1767,ChIJC4MXrnPixUcROT-fkZF8HBM,97,0.0053171079318094,Cafe Plan West,256,$$$$$$$,Cafe,"[""Cafe"",""Bar"",""Koffiehuis"",""Restaurant""]",cafes in sloterdijk,52.3713324,4.8592013,Dining & Cafes
1768,ChIJV91hGyAKxkcRCaOuRFQxAuE,97,0.0053171079318094,d'Overkant,646,$$,Restaurant,"[""Restaurant"",""Koffiehuis""]",cafes in zuidas,52.344784,4.891132,Dining & Cafes
1769,ChIJpYFwfu8JxkcRUE-cuIuZ8eY,97,0.0053171079318094,Hotel JL No76,632,,Hotel,"[""Hotel""]",hotels in negen straatjes,52.3595915,4.880160399999999,Hotel
1770,ChIJuY41NLkJxkcRu9mH-58BxZs,96,0.0052622923861207,Amazing Oriental Amsterdam,864,,Chinese supermarkt,"[""Chinese supermarkt"",""Aziatische kruidenierswinkel"",""Supermarkt"",""Oosterse winkel""]",supermarkets in de wallen,52.3720199,4.9002498,Shopping
1771,ChIJdb7CfLgJxkcRcdw3bBJvV4g,96,0.0052622923861207,Travel Hotel Amsterdam,918,,Hotel,"[""Hotel"",""Herberg"",""Lodge""]",hotels in de wallen,52.374766,4.8968565,Hotel
1775,ChIJfwTzSI0JxkcRWUNOuAiPlAU,96,0.0052622923861207,Tjin's Toko,698,$$$$$$,Afhaalrestaurant,"[""Afhaalrestaurant"",""Aziatische kruidenierswinkel"",""Supermarkt"",""Mexicaanse winkel"",""Surinaams restaurant""]",stores in de pijp,52.3549513,4.8931691,Dining & Cafes
1776,ChIJu6MsHs8JxkcR_8o1IrutbP0,96,0.0052622923861207,Cafe Tabac,632,$$$$$$$,Cafe,"[""Cafe"",""Bar"",""Restaurant""]",bars in haarlemmerbuurt,52.3801768,4.8885231,Dining & Cafes
1777,ChIJ2RwuuuQJxkcROVNf25dGhqQ,96,0.0052622923861207,CoffeeConcepts,520,$$$$$$,Koffiebar,"[""Koffiebar""]",coffeeshops in leidseplein,52.3577782,4.874293199999999,Dining & Cafes
1778,ChIJKVTR6I0JxkcREvZhZ9t9cIQ,96,0.0052622923861207,Gangnam Chicken Amsterdam Oost - Eerste van Swindenstraat 389,286,$$$$$$$,Afhaalrestaurant,"[""Afhaalrestaurant"",""Afhaalrestaurant voor gefrituurde kip"",""Halal-restaurant"",""Maaltijdbezorging""]",restaurants in dapperbuurt,52.3630192,4.9282409,Dining & Cafes
1779,ChIJzV3BU3oJxkcRXJqqHFT9hmQ,96,0.0052622923861207,Silk Road Kebab House (Uyghur restaurant ),393,$$$$$$$,Oeigoers restaurant,"[""Oeigoers restaurant"",""Aziatisch restaurant""]",bars in indische buurt,52.3619278,4.940162,Dining & Cafes
1780,ChIJry_4UvMJxkcRZm_Fwgcf8bE,96,0.0052622923861207,STROOM in de Pijp,469,$$$$$$$,Restaurant,"[""Restaurant""]",restaurants in de pijp,52.351331,4.891692,Dining & Cafes
1781,ChIJ6Yy2JfMJxkcReou7IRCH-e0,96,0.0052622923861207,SUGO Pizza | Amsterdam De Pijp,962,$$$$$$$,Pizzeria,"[""Pizzeria"",""Italiaans restaurant"",""Afhaalpizza"",""Restaurant""]",restaurants in de pijp,52.3530965,4.8912201,Dining & Cafes
1782,ChIJXwH1EGcLxkcR-YYQh4bMNLM,96,0.0052622923861207,"Holiday Inn Amsterdam - Arena Towers, an IHG Hotel",349,,Hotel,"[""Hotel"",""Congrescentrum"",""Trouwlocatie""]",event venues in bijlmer arena,52.309578,4.941006,Hotel
1783,ChIJ9TbBgOYJxkcRl7ZGYwaSTlg,96,0.0052622923861207,Hotel Alexander,608,,Hotel,"[""Hotel""]",hotels in museumkwartier,52.3623563,4.8771762,Hotel
1784,ChIJyWNwqNENxkcRPEq3NkHqhls,95,0.0052074768404319,Restaurant Elixer,333,$$,Restaurant,"[""Restaurant""]",bars in indische buurt,52.3594865,4.9383382,Dining & Cafes
1785,ChIJn-l2vr8JxkcRVGs3xgx8_Nk,95,0.0052074768404319,De Staalmeesters B.V.,623,$$$$$$$,Restaurant,"[""Restaurant"",""Koffiehuis""]",restaurants in nieuwmarkt,52.3682132,4.8966194,Dining & Cafes
1786,ChIJj4g0Sb8JxkcRg_RP-_uTf68,95,0.0052074768404319,Steakhouse Ter,794,$$$$$$$,Restaurant,"[""Restaurant"",""Barbecuerestaurant""]",restaurants in de wallen,52.3715128,4.8966001,Dining & Cafes
1787,ChIJ8wv6snEJxkcRn5NCH8vp2oY,95,0.0052074768404319,Q-Factory Hotel,657,,Hotel,"[""Hotel""]",hotels in bijlmer arena,52.3576472,4.9303716,Hotel
1788,ChIJv9bC9fIJxkcR6yB8g18FHJk,95,0.0052074768404319,Auberge cuisine Francaise,396,$$,Frans restaurant,"[""Frans restaurant""]",restaurants in de pijp,52.3546678,4.8892432,Dining & Cafes
1789,ChIJyamUz2XkxUcRfBteUB3qewQ,95,0.0052074768404319,SugarFactory,228,,Evenementenlocatie,"[""Evenementenlocatie""]",event venues in museumkwartier,52.3850135,4.746781299999999,Event venue
1790,ChIJCRgoLtjjxUcRRNY5CazNh2s,95,0.0052074768404319,Leziz Restaurant,517,$$$$$$$,Turks restaurant,"[""Turks restaurant"",""Restaurant""]",bars in osdorpplein,52.3515109,4.7982448,Dining & Cafes
1791,ChIJIzLFBbkJxkcRAG4-QyclRoQ,95,0.0052074768404319,The Black Tiger,886,$$,Bar,"[""Bar""]",bars in wallengebied,52.3740804,4.8998982,Dining & Cafes
1792,ChIJaZU-v7kJxkcRBr6V-M5ba3w,95,0.0052074768404319,Cafe The Queen's Head,461,$$$$$$$,Homobar,"[""Homobar"",""Bar"",""Koffiehuis""]",bars in wallengebied,52.3756485,4.9006596,Dining & Cafes
1793,ChIJzUmpNNDjxUcRVPdPGZS_dP0,95,0.0052074768404319,POTAE (King Kumpir),395,$$$$$$,Vegetarisch restaurant,"[""Vegetarisch restaurant""]",bars in osdorpplein,52.3592901,4.8064424,Dining & Cafes
1794,ChIJCb4KmJcLxkcRk9q1BZsjzKI,95,0.0052074768404319,"Kurio's Doner, Lunch & Coffee",335,$$$$$$,Eetcafe,"[""Eetcafe"",""Afhaalrestaurant""]",restaurants in bijlmer arena,52.3129119,4.9446664,Dining & Cafes
1795,ChIJ-_dmSrkJxkcRSkefhr2LJYo,95,0.0052074768404319,Villa Nieuwmarkt,589,$$$$$$$,Restaurant,"[""Restaurant""]",bars in nieuwmarkt,52.3719444,4.9005556,Dining & Cafes
1796,ChIJ1c_hHucLxkcR94z7fAVan-Y,95,0.0052074768404319,Arena Food Express,308,$$$$$$$,Restaurant,"[""Restaurant""]",bars in bijlmer arena,52.3143998,4.9528362,Dining & Cafes
1797,ChIJLVXbwPwJxkcRXNdr0-ws1Oc,95,0.0052074768404319,Brasserie De Joffers,521,$$$$$$$,Brasserie,"[""Brasserie"",""Restaurant""]",bars in museumkwartier,52.3558646,4.8710715,Dining & Cafes
1798,ChIJC4OrCLsJxkcRJmkS5F5U0gk,95,0.0052074768404319,The Hendrick's Hotel,516,,Hotel,"[""Hotel""]",hotels in dapperbuurt,52.3735438,4.906029,Hotel
1801,ChIJM61k1_HGxUcRIxwGqHPGpD4,94,0.0051526612947431,Singel Hotel Amsterdam,627,,Hotel,"[""Hotel""]",hotels in de wallen,52.3777497,4.8934067,Hotel
1802,ChIJN6DZj-4JxkcRh4jDXf9xbfg,94,0.0051526612947431,Rijksmuseum Cafe,895,$$$$$$$,Koffiehuis,"[""Koffiehuis""]",bars in museumkwartier,52.3599995,4.8852307,Dining & Cafes
1803,ChIJuys4xPYIxkcR93EUz1joQI8,94,0.0051526612947431,Glowgolf Amsterdam,142,,Midgetgolfbaan,"[""Midgetgolfbaan""]",activities in buikslotermeerplein,52.4008631,4.93485,Activities
1804,ChIJA8Q2-28JxkcRRppoUDv6kZc,94,0.0051526612947431,Bar Restaurant 1900,462,$$,Restaurant,"[""Restaurant"",""Bar""]",bars in 9 straatjes,52.3547974,4.933161699999999,Dining & Cafes
1805,ChIJXVx6NLgJxkcRbXFXSJGLm3k,94,0.0051526612947431,Restaurant Dolce Vita,561,$$$$$$$,Italiaans restaurant,"[""Italiaans restaurant""]",restaurants in de wallen,52.3762095,4.899222099999999,Dining & Cafes
1806,ChIJXYHImsEJxkcR0UuvMvsQHXQ,94,0.0051526612947431,La Piccola Trattoria Da Tonino,665,$$$$$$$,Italiaans restaurant,"[""Italiaans restaurant""]",restaurants in negen straatjes,52.369033,4.889169,Dining & Cafes
1808,ChIJydeJnXwJxkcRFedO-k53PtE,94,0.0051526612947431,Dille & Kamille,321,,Woonwinkel,"[""Woonwinkel"",""Kaarsenwinkel"",""Snoepwinkel"",""Meubelwinkel"",""Cadeauwinkel"",""Keukenwinkel"",""Kookwinkel"",""Speelgoedwinkel""]",stores in de pijp,52.3528673,4.8903339,Shopping
1809,ChIJd5pJWcIJxkcREB4G0Sf5EvE,94,0.0051526612947431,Cafe De Pels,483,$$$$$$$,Koffiehuis,"[""Koffiehuis""]",cafes in negen straatjes,52.368755,4.885263,Dining & Cafes
1810,ChIJUVA74gvixUcRNFOaP3gcmvI,94,0.0051526612947431,Cafe Lennep,561,$$$$$$$,Koffiehuis,"[""Koffiehuis""]",cafes in vondelpark,52.3629748,4.8621773,Dining & Cafes
1811,ChIJf57M6r8JxkcRe_-cjM0JzfY,94,0.0051526612947431,Hotel Nes Amsterdam,600,,Hotel,"[""Hotel""]",hotels in negen straatjes,52.3679488,4.8962871,Hotel
1812,ChIJLZ1VdDILxkcRUEdnXfC9VjI,94,0.0051526612947431,De Uitsmijter,361,$$$$$$$,Brunchrestaurant,"[""Brunchrestaurant"",""Ontbijtrestaurant"",""Koffiehuis"",""Koffiebar"",""Lunchrestaurant""]",cafes in zuidas,52.3423892,4.892887099999999,Dining & Cafes
1813,ChIJtWfbrXcJxkcR4J_2R6-7Jec,94,0.0051526612947431,Salsa Shop,209,$$$$$$$,Mexicaans restaurant,"[""Mexicaans restaurant"",""Burrito-restaurant"",""Zuid-Amerikaans restaurant"",""Tacorestaurant""]",bars in indische buurt,52.363886,4.9352747,Dining & Cafes
1814,ChIJKfXBgp4JxkcREGHzj64Di4U,94,0.0051526612947431,Park Cafe-Restaurant,438,$$,Restaurant,"[""Restaurant""]",bars in oosterparkbuurt,52.3608838,4.915995199999999,Dining & Cafes
1815,ChIJmXCDu-oJxkcRGHNsqGzPLeQ,94,0.0051526612947431,Senses restaurant,713,$$$$$$,Restaurant,"[""Restaurant""]",restaurants in negen straatjes,52.3659041,4.8932993,Dining & Cafes
1816,ChIJhQEQBsUJxkcRrBu9SnXwKy0,94,0.0051526612947431,Museumhuis Bartolotti,298,,Museum,"[""Museum"",""Erfgoedmuseum"",""Historisch herkenningspunt"",""Toeristische attractie""]",tourist attractions in negen straatjes,52.3741202,4.8869025,Cultural & Historic
1817,ChIJsV3UNpUJxkcRXMrunutriOg,94,0.0051526612947431,Coffeeshop Hashtag,244,,Cannabiswinkel,"[""Cannabiswinkel""]",coffeeshops in dapperbuurt,52.3639285,4.8962157,Cannabisshop
1818,ChIJ5zlFa9EJxkcRm86xn0D0WC8,93,0.0050978457490544,Kumo Ramen,187,$$$$$$$,Ramen-noedelrestaurant,"[""Ramen-noedelrestaurant""]",cafes in dapperbuurt,52.3635888,4.9267103,Dining & Cafes
1819,ChIJP8cRcdDjxUcRp-RMVQgrEkc,93,0.0050978457490544,Lilly's Lunchroom,473,$$$$$$$,Lunchrestaurant,"[""Lunchrestaurant"",""Brunchrestaurant""]",bars in osdorpplein,52.3580973,4.8007073,Dining & Cafes
1820,ChIJPQgpsLUJxkcRgwNiBtQyoCY,93,0.0050978457490544,ABC Clubsandwich,316,$$$$$$$,Koffiehuis,"[""Koffiehuis"",""Brunchrestaurant""]",restaurants in negen straatjes,52.3701364,4.8872228,Dining & Cafes
1821,ChIJez-mYu8JxkcR7Kml59qVe7Y,93,0.0050978457490544,Cafe Georgette,408,,Ontbijtrestaurant,"[""Ontbijtrestaurant""]",restaurants in museumkwartier,52.359987,4.880125,Dining & Cafes
1822,ChIJA1W3C2zixUcRYo_aAPPM2y8,93,0.0050978457490544,Coffeeshop Loft,642,,Cannabiswinkel,"[""Cannabiswinkel""]",coffeeshops in museumkwartier,52.3726201,4.849516599999999,Cannabisshop
1823,ChIJPSGADLgJxkcRtVTqbpqRQfk,93,0.0050978457490544,Damhotel,628,,Hotel,"[""Hotel""]",hotels in de wallen,52.3760567,4.8965863,Hotel
1824,ChIJZxNPSA_ixUcRRyiVvkRLKiM,93,0.0050978457490544,Coffeeshop Vondel,602,,Cannabiswinkel,"[""Cannabiswinkel""]",coffeeshops in leidseplein,52.358579,4.8592965,Cannabisshop
1825,ChIJ_2PwDx3ixUcRL-opj6o9Qcc,93,0.0050978457490544,Pipes & Beans,423,$$$$$$,Koffiebar,"[""Koffiebar"",""Ontbijtrestaurant"",""Lunchrestaurant"",""Planning van vergaderingen""]",cafes in zuidas,52.3491997,4.8490894,Dining & Cafes
1826,ChIJowqayd0IxkcRpMCknq-JLkg,92,0.0050430302033656,Halal Fried Chicken - HFC,513,$$$$$$$,Restaurant,"[""Restaurant""]",restaurants in buikslotermeerplein,52.3929725,4.954383,Dining & Cafes
1827,ChIJ1Y-2SbgJxkcRaPFLz7vp1mI,92,0.0050430302033656,Aneka Rasa,868,$$$$$$$,Indonesisch restaurant,"[""Indonesisch restaurant""]",restaurants in de wallen,52.3757315,4.898845,Dining & Cafes
1829,ChIJsRQN3KYJxkcRED-BDjSbpOg,92,0.0050430302033656,Bonboon,354,,Veganistisch restaurant,"[""Veganistisch restaurant""]",restaurants in de jordaan,52.3731528,4.8823038,Dining & Cafes
1830,ChIJeYz--I8JxkcRVudwQG4JO5s,92,0.0050430302033656,Restaurant Le Hollandais,339,,Restaurant,"[""Restaurant""]",restaurants in de pijp,52.3550702,4.9055881,Dining & Cafes
1831,ChIJgajbQM4JxkcRKDC5DlZQS98,92,0.0050430302033656,Chok Dee Thai Restaurant,369,$$$$$$$,Restaurant,"[""Restaurant"",""Afhaalrestaurant"",""Thais restaurant"",""Vegetarisch restaurant""]",restaurants in haarlemmerbuurt,52.3814569,4.8855783,Dining & Cafes
1833,ChIJ6UKjdnTixUcRzqImMa9Xjf0,92,0.0050430302033656,Restaurant FAAM,498,$$$$$$$,Pizzeria,"[""Pizzeria""]",restaurants in sloterdijk,52.3716188,4.8626489,Dining & Cafes
1834,ChIJj5Qk2RkKxkcRV5dDFtnVuCs,92,0.0050430302033656,Bagels & Beans,564,$$$$$$$,Bagelwinkel,"[""Bagelwinkel"",""Ontbijtrestaurant"",""Brunchrestaurant"",""Koffiebar"",""Smoothiewinkel"",""Lunchrestaurant"",""Biologisch restaurant"",""Veganistisch restaurant"",""Vegetarisch restaurant""]",restaurants in zuidas,52.3353938,4.8842213,Shopping
1835,ChIJIYX6_wjixUcRjM3yaQ4DI30,92,0.0050430302033656,PARCK aka Ping Pong Bar,622,$$$$$$$,Bar,"[""Bar""]",bars in vondelpark,52.3599972,4.863377799999999,Dining & Cafes
1836,ChIJz_xFRMIJxkcRb30_0Ejxm7g,92,0.0050430302033656,"Beadies - Kralen, Sieraden en Accessoires",167,,Kralenwinkel,"[""Kralenwinkel""]",stores in negen straatjes,52.3688607,4.886083,Shopping
1838,ChIJy-jBldUJxkcRt6u7-iYszTU,91,0.0049882146576769,Dae bakery cafe,180,$$$$$$$,Koffiehuis,"[""Koffiehuis""]",cafes in negen straatjes,52.3687689,4.8859156,Dining & Cafes
1839,ChIJ2TXzM8IJxkcRltkDfKaYYmU,91,0.0049882146576769,Restaurant Ambassade,887,$$$,Restaurant,"[""Restaurant"",""Bar"",""Ontbijtrestaurant"",""Lunchrestaurant"",""Wijnbar""]",restaurants in negen straatjes,52.3694444,4.8872222,Dining & Cafes
1840,ChIJLTk7-6AJxkcRVC-EskmuSYA,91,0.0049882146576769,Tiramisup,259,$$$$$$$,Afhaalrestaurant,"[""Afhaalrestaurant"",""Italiaans restaurant""]",restaurants in de jordaan,52.379608,4.8845782,Dining & Cafes
1841,ChIJCadGwrwJxkcR3jLg3yAv7SM,91,0.0049882146576769,ClinkMama (formerly Ecomama),686,,Herberg,"[""Herberg"",""Hotel"",""Jeugdhostel""]",hotels in dapperbuurt,52.3697711,4.9068896,Hotel
1842,ChIJvaqSbJAJxkcRqTM5qSfs38k,91,0.0049882146576769,HIKAGE,209,$$$$$$$,Izakaya-restaurant,"[""Izakaya-restaurant"",""Modern izakaya restaurant""]",restaurants in de jordaan,52.3721656,4.878968599999999,Dining & Cafes
1843,ChIJ15V3aZUJxkcREuGWWDAguyw,91,0.0049882146576769,Cafe Schiller,581,$$,Koffiehuis,"[""Koffiehuis"",""Monument""]",bars in rembrandtplein,52.3656771,4.8964678,Dining & Cafes
1844,ChIJx7zzb8EJxkcR7ZoctCLg-HU,91,0.0049882146576769,Kadinsky Coffeeshop Amsterdam - Rosmarijnsteeg,652,,Cannabiswinkel,"[""Cannabiswinkel""]",coffeeshops in de wallen,52.3703266,4.8894335,Cannabisshop
1846,ChIJdUXDj84JxkcRJevvsqtCROo,91,0.0049882146576769,Cafe De Poort Amsterdam,284,$$$$$$$,Cafe,"[""Cafe"",""Evenementenlocatie"",""Restaurant""]",bars in haarlemmerbuurt,52.3822363,4.8882341,Dining & Cafes
1847,ChIJCertq3PixUcRfgEK-Rhymo8,91,0.0049882146576769,Game Over Escape Rooms Amsterdam,475,,Amusementscentrum,"[""Amusementscentrum"",""Toeristische attractie""]",activities in sloterdijk,52.3710049,4.8591488,Activities
1848,ChIJcx6x3qkJxkcRtrfcyEn4VLU,91,0.0049882146576769,Nous - Coffee Store,152,$$$$$$,Koffiebar,"[""Koffiebar""]",cafes in haarlemmerbuurt,52.3843688,4.8831912,Dining & Cafes
1849,ChIJf8cDTJQJxkcRqzZr6gZwSzg,91,0.0049882146576769,Tashi Deleg Restaurant,385,$$$$$$$,Restaurant,"[""Restaurant""]",restaurants in indische buurt,52.3635063,4.8985752,Dining & Cafes
1850,ChIJDbR7jJUJxkcR4J_qxKGEbSY,91,0.0049882146576769,AIR Amsterdam,641,$$$,Nachtclub,"[""Nachtclub"",""Bar"",""Club"",""Discotheek""]",night clubs in amsterdam,52.3660086,4.89941,Entertainment & Nightlife
1851,ChIJu0ehc5IJxkcRAT4JLOiL1l8,91,0.0049882146576769,De Pizzabakkers De Pijp,682,$$$$$$$,Pizzeria,"[""Pizzeria"",""Italiaans restaurant"",""Afhaalpizza"",""Restaurant""]",restaurants in de pijp,52.3562684,4.8974139,Dining & Cafes
1852,ChIJN7mE3c0JxkcRbrGrmwb9rjA,91,0.0049882146576769,De Pizzabakkers Haarlemmerdijk,708,$$$$$$$,Pizzeria,"[""Pizzeria"",""Italiaans restaurant"",""Afhaalpizza"",""Restaurant""]",restaurants in haarlemmerbuurt,52.3834476,4.8859629,Dining & Cafes
1853,ChIJGUeCfeoJxkcRgfH6lSzVlls,91,0.0049882146576769,Taboo Bar Amsterdam,496,$$,Homobar,"[""Homobar"",""Cocktailbar""]",bars in wallengebied,52.3664967,4.891005,Dining & Cafes
1854,ChIJUYCiaJ0JxkcRLCCLm5eSXxo,91,0.0049882146576769,Kilimanjaro Take me Away,268,$$$$$$$,Veganistisch restaurant,"[""Veganistisch restaurant"",""Oost-Afrikaans restaurant"",""Eritrees restaurant"",""Ethiopisch restaurant"",""Glutenvrij restaurant"",""Afhaalrestaurant"",""Restaurant""]",restaurants in dapperbuurt,52.3565373,4.9183143,Dining & Cafes
1855,ChIJC-XzQZEJxkcRW7vY7Nohtxs,91,0.0049882146576769,Bar Twenty Two,255,$$$$$$$,Bar,"[""Bar""]",bars in leidseplein,52.3645281,4.8823531,Dining & Cafes
1857,ChIJnUxiOLvjxUcR8pXeQaWMfBY,91,0.0049882146576769,Restaurant Ons Dorpje,336,$$$$$$$,Restaurant,"[""Restaurant""]",bars in osdorpplein,52.3584234,4.802207699999999,Dining & Cafes
1858,ChIJs1JLvs4JxkcRYaUiOEEVOk4,91,0.0049882146576769,Pho Viet,526,$$$$$$$,Vietnamees restaurant,"[""Vietnamees restaurant"",""Pho-restaurant""]",restaurants in haarlemmerbuurt,52.3817657,4.8890302,Dining & Cafes
1859,ChIJl4Y9uvoJxkcRqTc4GY0kMCA,90,0.0049333991119881,Rue la bastille,221,$$$$$$$,Mediterraans restaurant,"[""Mediterraans restaurant""]",restaurants in haarlemmerbuurt,52.3826517,4.8875159,Dining & Cafes
1860,ChIJKcZLagQKxkcRhJRSA5rKCb4,90,0.0049333991119881,Starbucks,787,$$$$$$,Koffiebar,"[""Koffiebar"",""Koffiehuis"",""Koffiewinkel"",""Espressobar""]",coffeeshops in museumkwartier,52.3396187,4.873124799999999,Dining & Cafes
1862,ChIJmfoLWEvixUcRzrSwKRGRZu8,90,0.0049333991119881,Street Art Museum Amsterdam (NGO),291,,Kunstmuseum,"[""Kunstmuseum"",""Museum"",""Toeristische attractie""]",museums in negen straatjes,52.3773361,4.823062999999999,Cultural & Historic
1864,ChIJYwuQRXAJxkcRqXa5YEQ7F1g,90,0.0049333991119881,Blend Coffee & Wine,368,$$$$$$$,Cafe,"[""Cafe"",""Ontbijtrestaurant"",""Koffiebar"",""Lunchrestaurant""]",bars in 9 straatjes,52.3565034,4.9302914,Dining & Cafes
1865,ChIJE5_6SncJxkcRJncoRXOFCMY,90,0.0049333991119881,Meram Restaurant - Oost,646,$$$$$$$,Restaurant,"[""Restaurant"",""Halal-restaurant"",""Turks restaurant""]",bars in oud-oost,52.3560421,4.9256319,Dining & Cafes
1866,ChIJ7XWX6cAJxkcRHoJ2oaDKhKM,90,0.0049333991119881,Mister Highland Hotel Amsterdam,540,,Hotel,"[""Hotel""]",hotels in negen straatjes,52.3706736,4.8931307,Hotel
1867,ChIJA3H2SJALxkcRQUOciibjeeM,90,0.0049333991119881,Easy & Fresh Falafel,482,$$$$$$,Snackbar,"[""Snackbar""]",bars in bijlmer arena,52.3132799,4.949575299999999,Dining & Cafes
1868,ChIJxz1UdJkJxkcR2onI9vQpYhM,90,0.0049333991119881,Hotel Allure,653,,Hotel,"[""Hotel""]",hotels in dapperbuurt,52.3618915,4.910468799999999,Hotel
1869,ChIJJxzkzZsJxkcR864olOSo1ik,90,0.0049333991119881,Cafe Fest,851,$$$$$$$,Koffiehuis,"[""Koffiehuis"",""Bar"",""Ontbijtrestaurant"",""Koffiebar"",""Eetcafe"",""Lunchrestaurant"",""Wijnbar""]",bars in oosterparkbuurt,52.3596343,4.9104601,Dining & Cafes
1870,ChIJP6du-_8IxkcRidCjn3CrXgE,90,0.0049333991119881,Little Saigon Noord,298,$$$$$$$,Restaurant,"[""Restaurant"",""Vietnamees restaurant""]",restaurants in buikslotermeerplein,52.3871537,4.9254535,Dining & Cafes
1873,ChIJ1S_LA3QJxkcRZAupiZDu8dY,89,0.0048785835662994,Warung Sranang Makmur,473,$$$$$$$,Afhaalrestaurant,"[""Afhaalrestaurant"",""Aziatisch restaurant"",""Eetcafe"",""Indonesisch restaurant"",""Zuidoost-Aziatisch restaurant"",""Surinaams restaurant""]",bars in oud-oost,52.3600493,4.9260879,Dining & Cafes
1874,ChIJfUkCBekJxkcRPnOKwiOgCvQ,89,0.0048785835662994,Bojo Indonesisch Restaurant,716,$$$$$$$,Indonesisch restaurant,"[""Indonesisch restaurant""]",restaurants in leidseplein,52.3639428,4.8847875,Dining & Cafes
1875,ChIJifc_X_EJxkcRE0f_IO95P-o,89,0.0048785835662994,De Bakkerswinkel Oud-Zuid,477,$$$$$$$,Lunchrestaurant,"[""Lunchrestaurant"",""Ontbijtrestaurant""]",bars in museumkwartier,52.3521307,4.8852917,Dining & Cafes
1877,ChIJAUt5c-wJxkcRCCjuBs2Lm_A,89,0.0048785835662994,Cafe de Wetering,467,$$$$$$$,Bar,"[""Bar""]",bars in rembrandtplein,52.361233,4.8888745,Dining & Cafes
1878,ChIJw7r95k0IxkcRMplP48jSq94,89,0.0048785835662994,Hotel NH Amsterdam Noord,968,,Hotel,"[""Hotel""]",hotels in haarlemmerbuurt,52.39189,4.910629999999999,Hotel
1880,ChIJgUINtcQJxkcR7jj0KwrcnM8,89,0.0048785835662994,Blackstar Coffeeshop,470,,Cannabiswinkel,"[""Cannabiswinkel""]",coffeeshops in haarlemmerbuurt,52.3737427,4.8825699,Cannabisshop
1882,ChIJg8bf-sIJxkcRsvcYZBHfZ14,89,0.0048785835662994,The Dylan Amsterdam,591,,Hotel,"[""Hotel"",""Bar"",""Restaurant""]",restaurants in negen straatjes,52.369359,4.8842114,Hotel
1883,ChIJaSsruJMJxkcRNvKs6Ouw4L4,89,0.0048785835662994,Hotel V Frederiksplein,777,,Hotel,"[""Hotel""]",hotels in bijlmer arena,52.359217,4.8979958,Hotel
1884,ChIJEZI3L-YJxkcRZ03Qjh6lRfI,89,0.0048785835662994,Theater Bellevue,608,,Theater,"[""Theater""]",event venues in leidseplein,52.364173,4.880234,Event venue
1887,ChIJQTvEpOoJxkcRvUp6pbwuIzY,88,0.0048237680206106,Bar Regular & Jack,738,$$$$$$$,Sportcafe,"[""Sportcafe"",""Restaurant""]",bars in rembrandtplein,52.3661358,4.8933285,Dining & Cafes
1888,ChIJXz1PJcIJxkcRwNRJoAj7-Kc,88,0.0048237680206106,Eetcafe Singel 404,805,$$$$$$$,Lunchrestaurant,"[""Lunchrestaurant"",""Koffiehuis""]",restaurants in negen straatjes,52.368915,4.8874492,Dining & Cafes
1890,ChIJi4DTm_kJxkcRLCPupE5PjaI,88,0.0048237680206106,Apollofirst Boutique Hotel Amsterdam,551,,Hotel,"[""Hotel"",""Theater""]",hotels in de pijp,52.3503797,4.8754927,Hotel
1892,ChIJ1cOSGJIJxkcRJDPH5iHsz5I,88,0.0048237680206106,C&C Asian Market,459,,Aziatische kruidenierswinkel,"[""Aziatische kruidenierswinkel"",""Supermarkt""]",supermarkets in de pijp,52.3571003,4.8989179,Shopping
1893,ChIJm7z3x8QJxkcR6TisqsMjp4w,88,0.0048237680206106,Cafe Kalkhoven,594,$$$$$$,Koffiehuis,"[""Koffiehuis""]",cafes in de jordaan,52.3738889,4.8836111,Dining & Cafes
1894,ChIJNQfB-s8JxkcRatMu1HV_eb4,88,0.0048237680206106,Ko Chang Thai restaurant,465,$$$$$$$,Thais restaurant,"[""Thais restaurant"",""Aziatisch restaurant""]",restaurants in haarlemmerbuurt,52.3783831,4.8840545,Dining & Cafes
1895,ChIJQQLEpOYJxkcRRZEuVWyF7D4,88,0.0048237680206106,STACH Food Overtoom,524,$$$$$$,Koffiebar,"[""Koffiebar""]",supermarkets in leidseplein,52.3628539,4.8749025,Dining & Cafes
1897,ChIJiTbVrLkJxkcRr_zknS8E6W4,88,0.0048237680206106,Restaurant Kamasutra,807,$$$$$$$,Indiaas restaurant,"[""Indiaas restaurant""]",restaurants in de wallen,52.3751459,4.8985137,Dining & Cafes
1898,ChIJgdC4UtsJxkcRvz8jkC_kpD0,88,0.0048237680206106,Hotel Mercier,467,,Hotel,"[""Hotel"",""Bar"",""Evenementenlocatie"",""Restaurant""]",hotels in negen straatjes,52.3731217,4.8821837,Hotel
1899,ChIJjcsam5wJxkcRUI3RiarSI_M,88,0.0048237680206106,Lekker Sushi,269,$$$$$$$,Sushirestaurant,"[""Sushirestaurant""]",bars in oosterparkbuurt,52.3571198,4.9133417,Dining & Cafes
1900,ChIJh_RtanQJxkcRCnEK8bwmXAU,88,0.0048237680206106,Coffeeshop Noord,163,,Cannabiswinkel,"[""Cannabiswinkel""]",coffeeshops in negen straatjes,52.3835994,4.912528099999999,Cannabisshop
1901,ChIJx3K01xUJxkcRsbN27LB0rQc,88,0.0048237680206106,Selma's (centrum),150,$$$$$$,Bakkerij,"[""Bakkerij"",""Koffiebar""]",cafes in haarlemmerbuurt,52.3773154,4.8883662,Dining & Cafes
1902,ChIJNynFkOjjxUcRfuevIJBmQ6Y,88,0.0048237680206106,"Just Brands Factory Outlet herenkleding - PME Legend, Cast Iron & Vanguard",528,,Outletwinkel,"[""Outletwinkel"",""Kledingwinkel"",""Spijkerbroekenwinkel"",""Winkel voor leren jassen"",""Herenmode""]",stores in osdorpplein,52.3608292,4.782598,Shopping
1903,ChIJT0DD4doJxkcRAKSrXeQjixs,88,0.0048237680206106,Cafe restaurant de Reiger,537,$$,Restaurant,"[""Restaurant""]",restaurants in de jordaan,52.375738,4.8826511,Dining & Cafes
1905,ChIJVY-F3BcJxkcRpNEakMCFT3I,88,0.0048237680206106,Cafe Beurre,205,,Restaurant,"[""Restaurant"",""Cafe"",""Wijnbar""]",restaurants in haarlemmerbuurt,52.3837972,4.876297999999999,Dining & Cafes
1906,ChIJuQnD-wTixUcRzoyMvDy7e7U,88,0.0048237680206106,Cafe Schinkelhaven,1001,$$$$$$$,Eetcafe,"[""Eetcafe"",""Bar""]",bars in vondelpark,52.3545779,4.8552181,Dining & Cafes
1907,ChIJC7QNhuUJxkcReAh82M1Ngl4,88,0.0048237680206106,HERMES Amsterdam,334,,Lederwarenwinkel,"[""Lederwarenwinkel"",""Kledingwinkel"",""Juwelier"",""Schoenenwinkel""]",stores in museumkwartier,52.3601658,4.8798876,Shopping
1908,ChIJKd7ykH7ixUcRhikrI1VOZpc,88,0.0048237680206106,Rainarai Westerpark,569,$$$$$$$,Noord-Afrikaans restaurant,"[""Noord-Afrikaans restaurant""]",restaurants in sloterdijk,52.385701,4.865627,Dining & Cafes
1909,ChIJpU0JFCwLxkcR5r7enWmMrEs,87,0.0047689524749218,Salsa Shop,203,$$$$$$$,Mexicaans restaurant,"[""Mexicaans restaurant"",""Burrito-restaurant"",""Zuid-Amerikaans restaurant"",""Tacorestaurant""]",restaurants in bijlmer arena,52.3128932,4.9497896,Dining & Cafes
1910,ChIJjzmUhs4JxkcR9oNWldz5xQ8,87,0.0047689524749218,coffeecompany,472,$$$$$$,Koffiebar,"[""Koffiebar"",""Koffiehuis"",""Espressobar""]",cafes in haarlemmerbuurt,52.3824155,4.8878496,Dining & Cafes
1911,ChIJIXYgfNsJxkcRu1oZk_HeKFc,87,0.0047689524749218,Dijkman Muziek,578,,Muziekwinkel,"[""Muziekwinkel""]",stores in de jordaan,52.3727778,4.8791667,Shopping
1912,ChIJ6Skm6fEJxkcR06xjAhBx_aI,87,0.0047689524749218,Yangon Delight,187,$$$$$$$,Restaurant,"[""Restaurant""]",restaurants in dapperbuurt,52.3597562,4.925910399999999,Dining & Cafes
1913,ChIJS1fF1GPjxUcRXekuzcAFpyc,87,0.0047689524749218,De Beruchte Broodjes,167,$$$$$$,Broodjeswinkel,"[""Broodjeswinkel""]",restaurants in indische buurt,52.3558157,4.9249662,Shopping
1914,ChIJpUJCrNYJxkcRnW_0xBMXH98,87,0.0047689524749218,cafe Nassau,552,$$$$$$$,Restaurant,"[""Restaurant"",""Bar"",""Ontbijtrestaurant"",""Brunchrestaurant"",""Koffiebar"",""Lunchrestaurant"",""Cafe""]",cafes in sloterdijk,52.3828713,4.877183,Dining & Cafes
1915,ChIJxxf2cK8JxkcRPyayWEDyoww,87,0.0047689524749218,Delirium Cafe Amsterdam & Waterfront Amsterdam,1630,$$$$$$$,Cafe,"[""Cafe"",""Evenementenlocatie"",""Locatie voor live muziek"",""Restaurant""]",bars in bijlmer arena,52.3775415,4.9130078,Dining & Cafes
1916,ChIJ6-Jx2rsJxkcRJPcf87ODdLI,87,0.0047689524749218,Captein & Co,566,$$$$$$$,Eetcafe,"[""Eetcafe""]",restaurants in nieuwmarkt,52.3736122,4.9029058,Dining & Cafes
1917,ChIJnTEYyezjxUcRg7R8C6OapIQ,87,0.0047689524749218,VRGH | VR Gamehouse Amsterdam I VR Arena,419,,Amusementscentrum,"[""Amusementscentrum""]",activities in haarlemmerbuurt,52.4000053,4.8442859,Activities
1918,ChIJF3dnE5wJxkcRIeMPYbv0oNU,87,0.0047689524749218,Oost,392,$$$$$$$,Italiaans restaurant,"[""Italiaans restaurant""]",restaurants in dapperbuurt,52.359238,4.914172,Dining & Cafes
1919,ChIJWdekbAnixUcRRfP8-oxCfYM,87,0.0047689524749218,Barrica Food & Wine Bar,311,,Wijnbar,"[""Wijnbar"",""Cocktailbar"",""Restaurant""]",bars in vondelpark,52.3612447,4.862534999999999,Dining & Cafes
1920,ChIJBxJJXoDjxUcRZqApzIJtbN8,87,0.0047689524749218,Restaurant Oeverzicht,284,$$,Restaurant,"[""Restaurant""]",restaurants in sloterdijk,52.3701369,4.8301652,Dining & Cafes
1921,ChIJbzmhhc4JxkcR4WzeU6t26h4,87,0.0047689524749218,Eetcafe Rosereijn,553,$$$$$$$,Eetcafe,"[""Eetcafe"",""Koffiehuis""]",cafes in haarlemmerbuurt,52.3823469,4.8879166,Dining & Cafes
1922,ChIJdR4BY84JxkcRrwGTJzrq-6s,87,0.0047689524749218,Coffeeshop Relax | Amsterdam Centrum,619,,Cannabiswinkel,"[""Cannabiswinkel""]",coffeeshops in de wallen,52.3821959,4.8871458,Cannabisshop
1923,ChIJZXVefAgJxkcRQJ1CkdjEbM0,87,0.0047689524749218,Pinocchio Cafe-Restaurant,190,$$$$$$$,Italiaans restaurant,"[""Italiaans restaurant""]",bars in museumkwartier,52.3549784,4.8806008,Dining & Cafes
1925,ChIJl2knMgAJxkcRLbKvpEZt-VM,87,0.0047689524749218,Massalia Restobar,123,,Restaurant,"[""Restaurant""]",restaurants in nieuwmarkt,52.3571047,4.9184752,Dining & Cafes
1926,ChIJkTfHsL8JxkcRluZVwVZJ5BM,86,0.0047141369292331,@droog amsterdam,868,,Evenementenlocatie,"[""Evenementenlocatie"",""Kunstgalerie"",""Koffiehuis"",""Trouwlocatie""]",event venues in nieuwmarkt,52.3683956,4.8973055,Event venue
1927,ChIJaeUUPG0JxkcRSrfaSjrR-40,86,0.0047141369292331,La Fucina,581,$$$$$$$,Pizzeria,"[""Pizzeria"",""Koffiebar""]",bars in indische buurt,52.3638986,4.9360754,Dining & Cafes
1928,ChIJO6ontcQJxkcRURguZlG6Sig,86,0.0047141369292331,Amigo Rozengracht,706,$$$$$$$,Argentijns restaurant,"[""Argentijns restaurant""]",restaurants in haarlemmerbuurt,52.373671,4.882467999999999,Dining & Cafes
1929,ChIJKUpP7jgIxkcR0Pr0wrPkyNs,86,0.0047141369292331,Funny People Coffeeshop,483,,Cannabiswinkel,"[""Cannabiswinkel""]",coffeeshops in buikslotermeerplein,52.4019603,4.8984318,Cannabisshop
1930,ChIJVU9c4-MJxkcR-8yzwMM9PD4,86,0.0047141369292331,BounceSpace Coffee & Coworking,249,$$$$$$,Koffiebar,"[""Koffiebar"",""Ontbijtrestaurant"",""Gedeelde werkplek"",""Evenementenlocatie"",""Lunchrestaurant"",""Theehuis""]",coffeeshops in vondelpark,52.3618635,4.8729211,Dining & Cafes
1931,ChIJJRpjFucJxkcRG7bczZJ-MpE,86,0.0047141369292331,Cafe Toussaint,555,$$$$$$$,Eetcafe,"[""Eetcafe""]",restaurants in vondelpark,52.3657671,4.8761924,Dining & Cafes
1932,ChIJAVVMOHkJxkcR_Ppb6iIqZLk,86,0.0047141369292331,Pizza'Dam Noord,167,$$$$$$$,Pizzeria,"[""Pizzeria""]",bars in buikslotermeerplein,52.3980602,4.9395045,Dining & Cafes
1933,ChIJXw_EMAEKxkcRcwRmCe_8mjE,86,0.0047141369292331,Bagels & Beans,611,$$$$$$$,Bagelwinkel,"[""Bagelwinkel"",""Ontbijtrestaurant"",""Brunchrestaurant"",""Koffiebar"",""Koffiewinkel"",""Smoothiewinkel"",""Veganistisch restaurant"",""Vegetarisch restaurant""]",restaurants in zuidas,52.3416852,4.868061,Shopping
1934,ChIJVzZ4070JxkcR9YPqB6h8y-U,86,0.0047141369292331,soupenzo - jodenbree,521,$$$$$$,Health Food-restaurant,"[""Health Food-restaurant"",""Afhaalrestaurant"",""Biologische kruidenier"",""Saladewinkel"",""Soeprestaurant"",""Veganistisch restaurant""]",restaurants in haarlemmerbuurt,52.3690209,4.902157,Dining & Cafes
1935,ChIJ_8mrydcJxkcRmdlkiEX31no,86,0.0047141369292331,Huis van Iemand Anders,381,$$$$$$$,Cafe,"[""Cafe""]",bars in de pijp,52.3574767,4.8992435,Dining & Cafes
1936,ChIJNZfblc4JxkcRrNYruXxaW6w,86,0.0047141369292331,Restaurant La Brasa amsterdam,393,$$,Restaurant,"[""Restaurant"",""Argentijns restaurant"",""Zuid-Amerikaans restaurant"",""Steakhouse""]",restaurants in haarlemmerbuurt,52.3819052,4.888831199999999,Dining & Cafes
1937,ChIJkzhB0LgLxkcR7gTL4zXhgvA,86,0.0047141369292331,Zofusion,230,$$$$$$$,Restaurant,"[""Restaurant""]",bars in bijlmer arena,52.3131554,4.948938,Dining & Cafes
1938,ChIJW034GX0JxkcRLCqKRWGTcE8,86,0.0047141369292331,Lola The Green Aardvark,252,$$$$$$$,Eetcafe,"[""Eetcafe"",""Bar"",""Koffiebar""]",bars in oosterparkbuurt,52.3648903,4.9251325,Dining & Cafes
1939,ChIJZ-alSO8JxkcRGxKIOclCL5k,86,0.0047141369292331,Hotel Vossius Vondelpark,648,,Hotel,"[""Hotel""]",hotels in negen straatjes,52.3611953,4.8816133,Hotel
1940,ChIJhdhIqPDjxUcRLdotLoXLDfI,86,0.0047141369292331,Circa Amsterdam,254,,Evenementenlocatie,"[""Evenementenlocatie"",""Congrescentrum""]",event venues in haarlemmerbuurt,52.3908459,4.8168455,Event venue
1941,ChIJO0KKihAJxkcREfgXIICXKL0,86,0.0047141369292331,La Fiorita,300,,Restaurant,"[""Restaurant""]",restaurants in de jordaan,52.3771226,4.881808,Dining & Cafes
1942,ChIJwz3m_sgJxkcRxnfdIkvtOK4,86,0.0047141369292331,Las Marias,742,$$$$$$$,Restaurant,"[""Restaurant""]",restaurants in haarlemmerbuurt,52.3798442,4.8932692,Dining & Cafes
1943,ChIJySPT_aPjxUcR_xVQncvkvNY,86,0.0047141369292331,Cinema De Vlugt,151,,Bioscoop,"[""Bioscoop""]",movie theaters in dapperbuurt,52.3800029,4.8274592,Activities
1944,ChIJ96ZbMPgJxkcRR7P_UOWeMVs,86,0.0047141369292331,Le Pain Quotidien,458,$$$$$$$,Restaurant,"[""Restaurant"",""Bakkerij"",""Ontbijtrestaurant"",""Brunchrestaurant"",""Koffiebar""]",cafes in zuidas,52.3483731,4.876782899999999,Dining & Cafes
1945,ChIJhX5FGgDjxUcRv2Kk8PJWidg,86,0.0047141369292331,Hotel Fogo Amsterdam,216,,Hotel,"[""Hotel""]",hotels in bijlmer arena,52.3561121,4.7729615,Hotel
1946,ChIJtdzKTcoJxkcRaK488Ypq_1o,85,0.0046593213835443,Bagels & Beans,557,$$$$$$$,Bagelwinkel,"[""Bagelwinkel"",""Ontbijtrestaurant"",""Brunchrestaurant"",""Koffiebar"",""Koffiewinkel"",""Smoothiewinkel"",""Lunchrestaurant"",""Veganistisch restaurant"",""Vegetarisch restaurant""]",cafes in haarlemmerbuurt,52.3845989,4.8946874,Shopping
1947,ChIJ26H-EQPixUcRraaudK-8b2E,85,0.0046593213835443,Cafe Gambrinus,514,$$$$$$$,Restaurant,"[""Restaurant""]",bars in de pijp,52.3513352,4.891223699999999,Dining & Cafes
1948,ChIJ1d1sDHoJxkcRRjPnE_whmHU,85,0.0046593213835443,La Vallade,432,$$$$$$$,Restaurant,"[""Restaurant"",""Koffiehuis""]",cafes in dapperbuurt,52.3542221,4.926957799999999,Dining & Cafes
1949,ChIJCfE7X-gJxkcR3FWXU1Ls0p8,85,0.0046593213835443,Le Pub,525,$$$$$$$,Restaurant,"[""Restaurant""]",bars in leidseplein,52.3644761,4.8831215,Dining & Cafes
1950,ChIJlyghP_IJxkcRD5fm9EGv240,85,0.0046593213835443,Monte Verde,675,$$$$$$$,Italiaans restaurant,"[""Italiaans restaurant"",""Mediterraans restaurant""]",restaurants in de pijp,52.3547638,4.8873327,Dining & Cafes
1951,ChIJS4dLtMYJxkcRoSYQAaSjsgY,85,0.0046593213835443,Cafe Van Daele,702,$$$$$$$,Koffiehuis,"[""Koffiehuis""]",cafes in negen straatjes,52.3723963,4.8902819,Dining & Cafes
1952,ChIJU8ba9_AJxkcRSDP2hpCnfyg,85,0.0046593213835443,Brasserie van Baerle,417,,Restaurant,"[""Restaurant"",""Groepsaccommodatie"",""Brasserie""]",restaurants in museumkwartier,52.3538727,4.8812748,Dining & Cafes
1953,ChIJAW5t7T4JxkcRoayIWO1kj_s,85,0.0046593213835443,Ristorante Italiano San Giorgio,610,$$$$$$$,Restaurant,"[""Restaurant""]",restaurants in de wallen,52.3748576,4.9007822,Dining & Cafes
1954,ChIJ47JRGk4IxkcRhTPJXFYIMUE,85,0.0046593213835443,Semai Restaurant & Lounge,496,$$$$$$$,Eritrees restaurant,"[""Eritrees restaurant"",""Oost-Afrikaans restaurant"",""Ethiopisch restaurant""]",restaurants in buikslotermeerplein,52.393562,4.9118892,Dining & Cafes
1955,ChIJ42R1SToIxkcR5reTZj8--Ns,85,0.0046593213835443,Bbrood,538,$$$$$$,Bakkerij,"[""Bakkerij"",""Ontbijtrestaurant"",""Koffiebar"",""Broodjeswinkel""]",cafes in sloterdijk,52.4014522,4.8922143,Dining & Cafes
1956,ChIJKduvvxoJxkcRjx5rdkS8uKY,85,0.0046593213835443,Bar & Kitchen DE ZUID Amsterdam,560,$$,Restaurant,"[""Restaurant"",""Koffiehuis"",""Eetcafe"",""Lunchrestaurant""]",bars in zuid,52.3765412,4.937738,Dining & Cafes
1957,ChIJ85dcpXYJxkcRzOIDSVfYuz4,85,0.0046593213835443,Mister Chen,435,$$$$$$$,Ramen-noedelrestaurant,"[""Ramen-noedelrestaurant"",""Aziatisch restaurant"",""Chinees restaurant"",""Dimsumrestaurant"",""Japans restaurant""]",restaurants in dapperbuurt,52.3593281,4.9255082,Dining & Cafes
1958,ChIJSesAIckJxkcRcenskBkelo4,85,0.0046593213835443,Amsterdam Center View,116,,Toeristische attractie,"[""Toeristische attractie""]",tourist attractions in negen straatjes,52.3802678,4.8915776,Cultural & Historic
1959,ChIJgYP46QIJxkcROTqMA87dCnY,85,0.0046593213835443,Sababa Amsterdam De Pijp,222,$$$$$$$,Restaurant,"[""Restaurant"",""Eetcafe"",""Falafelrestaurant"",""Lunchrestaurant"",""Maaltijdbezorging"",""Afhaalrestaurant"",""Midden-Oosters restaurant"",""Veganistisch restaurant"",""Vegetarisch restaurant""]",restaurants in de pijp,52.3544436,4.8882343,Dining & Cafes
1960,ChIJgaSvq-4JxkcRI70fbIA7jkU,85,0.0046593213835443,The Chupitos Club,687,$$,Bar,"[""Bar"",""Cocktailbar"",""Restaurant""]",bars in leidseplein,52.3638107,4.8839193,Dining & Cafes
1961,ChIJb_Wnst0JxkcRVbLAw1kfRAU,84,0.0046045058378556,Maloe Melo,527,$$$$$$$,Bar,"[""Bar"",""Locatie voor live muziek""]",bars in de jordaan,52.3700344,4.877778,Dining & Cafes
1962,ChIJ30UEx6IJxkcRBV6AM_HbfE4,84,0.0046045058378556,Auschwitzmonument,591,,Gedenkteken,"[""Gedenkteken"",""Monument"",""Toeristische attractie""]",monuments in negen straatjes,52.3679582,4.9092116,Cultural & Historic
1963,ChIJZQ4JBOIJxkcRC_bkTW7Aco4,84,0.0046045058378556,Cafe de Toog Amsterdam,475,$$$$$$$,Gastropub,"[""Gastropub""]",bars in vondelpark,52.3622034,4.8676621,Dining & Cafes
1964,ChIJ31TUML8JxkcRTQUzYq346B8,84,0.0046045058378556,Ristorante Italiano,338,$$$$$$$,Restaurant,"[""Restaurant""]",restaurants in de wallen,52.3714214,4.8974516,Dining & Cafes
1965,ChIJdWwWyMELxkcRlIMcK-vVu7Y,84,0.0046045058378556,Lotgenoten Eetcafe,405,$$,Restaurant,"[""Restaurant""]",cafes in bijlmer arena,52.3254851,4.9387158,Dining & Cafes
1966,ChIJUzgUA88JxkcRUfQY8Fzjejs,84,0.0046045058378556,Libertine Petit Cafe,297,,Restaurant,"[""Restaurant""]",bars in de jordaan,52.3802476,4.8875857,Dining & Cafes
1967,ChIJx1VURLgJxkcRqPQHsEfi5Yw,84,0.0046045058378556,Downtown Burger,889,$$$$$$$,Hamburgerrestaurant,"[""Hamburgerrestaurant"",""Eetcafe"",""Restaurant""]",restaurants in nieuwmarkt,52.372515,4.8996189,Dining & Cafes
1968,ChIJw5N1GukJxkcRZNXPA6RpRDI,84,0.0046045058378556,Cosy by Mandy,487,$$$$$$$,Ontbijtrestaurant,"[""Ontbijtrestaurant"",""Brunchrestaurant"",""Catering""]",restaurants in leidseplein,52.3635279,4.884844,Dining & Cafes
1969,ChIJw0-tDsAJxkcR7duHFlAm7K8,84,0.0046045058378556,Freddy's Bar,526,$$$$$$$,Bar,"[""Bar"",""Cocktailbar""]",bars in wallengebied,52.3676056,4.8940722,Dining & Cafes
1970,ChIJL3c8R-kJxkcRztFvR1NDZ6w,84,0.0046045058378556,Tatanka Leidseplein - Smartshop Amsterdam,598,,Smartshop,"[""Smartshop"",""Spirituele winkel"",""Souvenirwinkel""]",stores in de leidseplein,52.3629596,4.885383399999999,Cannabisshop
1971,ChIJyRoEXMgJxkcRpy87P-vGo_g,84,0.0046045058378556,The Store Coffeeshop,767,,Cannabiswinkel,"[""Cannabiswinkel""]",coffeeshops in haarlemmerbuurt,52.3790395,4.8938033,Cannabisshop
1972,ChIJ26nQOYkLxkcRY_sjt0CAcSs,84,0.0046045058378556,Bijlmer Parktheater,457,,Theater,"[""Theater""]",event venues in bijlmer arena,52.3145394,4.9602132,Event venue
1973,ChIJqWLEwt8JxkcRKwCRe6D3IxA,84,0.0046045058378556,Berry Amsterdam,437,$$$$$$$,Koffiebar,"[""Koffiebar"",""Ontbijtrestaurant""]",cafes in vondelpark,52.3684802,4.8701227,Dining & Cafes
1975,ChIJa6eSJN0JxkcRws9Dab6UdB0,84,0.0046045058378556,Koffiespot,563,$$$$$$,Koffiebar,"[""Koffiebar""]",cafes in de jordaan,52.3694002,4.8805982,Dining & Cafes
1976,ChIJMVjLaY4LxkcRTRtMu12guNI,84,0.0046045058378556,Coffee Fellows,643,$$$$$$,Koffiehuis,"[""Koffiehuis"",""Koffiebar"",""Restaurant""]",restaurants in bijlmer arena,52.314939,4.9539726,Dining & Cafes
1978,ChIJ4aQGY_MJxkcRM0XNYZP8oJY,84,0.0046045058378556,En Japanese kitchen & Sake bar,463,$$$$$$,Authentiek Japans restaurant,"[""Authentiek Japans restaurant"",""Restaurant""]",restaurants in de pijp,52.3510842,4.8895437,Dining & Cafes
1979,ChIJdcB-KyIKxkcRONSXHEVrYJk,83,0.0045496902921668,Kreeftenbar Amsterdam,435,$$$$$$$,Japans restaurant,"[""Japans restaurant"",""Lounge"",""Wokrestaurant""]",bars in zuid,52.339877,4.8929149,Dining & Cafes
1982,ChIJaxDhoycJxkcRQE0YSVABRu8,83,0.0045496902921668,Wakuli specialty coffee bar,101,$$$$$$,Koffiehuis,"[""Koffiehuis"",""Ontbijtrestaurant"",""Koffiebranders"",""Koffiewinkel"",""Espressobar""]",cafes in haarlemmerbuurt,52.3846866,4.8824398,Dining & Cafes
1983,ChIJ1cZszgUJxkcRHZ_bA9Ip9og,83,0.0045496902921668,Alba Restaurant & Wijnbar,300,,Restaurant,"[""Restaurant"",""Haute-cuisinerestaurant"",""Wijnbar""]",bars in museumkwartier,52.3560247,4.9118732,Dining & Cafes
1984,ChIJOaZRShoJxkcRU23O9MVOJ5s,83,0.0045496902921668,Bonjour Caphe,145,$$$$$$$,Restaurant,"[""Restaurant"",""Aziatisch fusion-restaurant"",""Koffiehuis"",""Vietnamees restaurant""]",cafes in haarlemmerbuurt,52.3799633,4.8844714,Dining & Cafes
1985,ChIJubRcqAvixUcR2aK4E2h0ZIA,83,0.0045496902921668,Hong Kong Superstore,496,,Aziatische kruidenierswinkel,"[""Aziatische kruidenierswinkel"",""Supermarkt""]",supermarkets in nieuwmarkt,52.365159,4.8637036,Shopping
1988,ChIJs-C9D90JxkcR1CTxqK35-iE,83,0.0045496902921668,Vlaamsch Broodhuys Elandsgracht Amsterdam,394,$$$$$$$,Bakkerij,"[""Bakkerij"",""Ontbijtrestaurant"",""Brunchrestaurant"",""Koffiebar"",""Lunchrestaurant"",""Restaurant"",""Broodjeswinkel""]",cafes in de jordaan,52.3692983,4.8790251,Dining & Cafes
1989,ChIJ6-SybwgJxkcRnDnjM4-W9I0,83,0.0045496902921668,Cafe Gijs,116,$$$$$$$,Cafe,"[""Cafe""]",bars in de pijp,52.3560176,4.9044784,Dining & Cafes
1990,ChIJcco0KHEJxkcRHSDCjsX0LkQ,83,0.0045496902921668,Ruk en Pluk,542,$$$$$$$,Cafe,"[""Cafe"",""Bar""]",bars in 9 straatjes,52.3574365,4.9266877,Dining & Cafes
1991,ChIJm1hDspcLxkcRMLEEQyMCqFA,83,0.0045496902921668,Ajax Museum,127,,Museum,"[""Museum""]",museums in bijlmer arena,52.3140499,4.940244,Cultural & Historic
1992,ChIJb1daq2QJxkcRTADiOu8oKZ8,83,0.0045496902921668,Rum Barrel West,304,$$$$$$$,Cocktailbar,"[""Cocktailbar"",""Koffiehuis"",""Tapasbar"",""Tiki bar""]",bars in haarlemmerbuurt,52.3882255,4.8800355,Dining & Cafes
1993,ChIJW7S7r-YJxkcRbYRIQoVy988,83,0.0045496902921668,Hotel Abba,834,,Hotel,"[""Hotel""]",hotels in museumkwartier,52.3627694,4.8744273,Hotel
1996,ChIJZ6sstRUJxkcR5EVX2pqqxeA,83,0.0045496902921668,Hollywood Cafe,256,,Restaurant,"[""Restaurant"",""Bar"",""Midgetgolfbaan""]",bars in buikslotermeerplein,52.4008659,4.934850099999999,Dining & Cafes
1997,ChIJ6XBeeuoJxkcRHBnYtomuArg,83,0.0045496902921668,Lion Noir,897,$$,Haute-cuisinerestaurant,"[""Haute-cuisinerestaurant"",""Cocktailbar"",""Lunchrestaurant"",""Restaurant""]",bars in 9 straatjes,52.3663853,4.890446799999999,Dining & Cafes
1998,ChIJg1MXiYnixUcR48m6X0igaZM,83,0.0045496902921668,Studio Westpoort,592,$$$$$$$,Restaurant,"[""Restaurant""]",bars in sloterdijk,52.3915583,4.8526918,Dining & Cafes
1999,ChIJ5_qv34wJxkcR4bUtW-KRblQ,83,0.0045496902921668,Surya restaurant,521,$$$$$$$,Indiaas restaurant,"[""Indiaas restaurant"",""Bar"",""Cocktailbar"",""Restaurant"",""Vegetarisch restaurant""]",restaurants in de pijp,52.3533142,4.893635,Dining & Cafes
2000,ChIJb_-SqHYJxkcRtaOZdQasT3g,83,0.0045496902921668,Cafe Kuijper,869,$$$$$$$,Koffiehuis,"[""Koffiehuis"",""Bar"",""Restaurant""]",bars in museumkwartier,52.359886,4.925751399999999,Dining & Cafes
2001,ChIJ_1tBC-UJxkcRp0wmXN9ZPFs,82,0.0044948747464781,ZARA Home,461,,Woonwinkel,"[""Woonwinkel"",""Beddenwinkel"",""Meubelaccessoires"",""Meubelwinkel"",""Kookwinkel"",""Beddengoedwinkel""]",stores in museumkwartier,52.359051,4.878165999999999,Shopping
2002,ChIJR3KHAscJxkcRCkXnHZs-Wjs,82,0.0044948747464781,Best Western Dam Square Inn,563,,Hotel,"[""Hotel""]",hotels in negen straatjes,52.3743593,4.8926078,Hotel
2003,ChIJHQLdHMMJxkcRceQlvgtGfLM,82,0.0044948747464781,Felix Meritis,282,,Evenementenlocatie,"[""Evenementenlocatie"",""Monument"",""Theater""]",event venues in negen straatjes,52.3700098,4.8841545,Event venue
2004,ChIJ-RbJXY4LxkcREVXMLXceoHs,82,0.0044948747464781,Restaurant Asian Fantasy,493,$$$$$$$,Pan-Aziatisch restaurant,"[""Pan-Aziatisch restaurant"",""Eetcafe"",""Afhaalrestaurant"",""Restaurant""]",restaurants in bijlmer arena,52.3146781,4.9545813,Dining & Cafes
2005,ChIJ9Sndr2oJxkcR8AgfhVl_rMw,82,0.0044948747464781,Novi,122,,Restaurant,"[""Restaurant""]",restaurants in dapperbuurt,52.3546104,4.929598299999999,Dining & Cafes
2006,ChIJdUpn2F4JxkcRgxmmNtykvaQ,82,0.0044948747464781,Wertheimpark,351,,Park,"[""Park"",""Monument""]",parks in negen straatjes,52.3676687,4.9089184,Green Recreation
2007,ChIJdR0WmLkJxkcRsu3ciD-zyaU,82,0.0044948747464781,Bar-Restaurant Maria,572,$$,Argentijns restaurant,"[""Argentijns restaurant""]",restaurants in de wallen,52.3750025,4.9010847,Dining & Cafes
2008,ChIJRW7mBVnixUcRK_OhCOJjjB0,82,0.0044948747464781,Wissenkerke-Sloterdijk,566,$$$$$$$,Restaurant,"[""Restaurant"",""Bar"",""Wijnbar""]",bars in sloterdijk,52.3862648,4.8350181,Dining & Cafes
2009,ChIJmc6GK0wJxkcRimXUdj3H5u0,82,0.0044948747464781,Armoury Bar,235,$$$$$$$,Cocktailbar,"[""Cocktailbar"",""Bar"",""Bordspelclub""]",bars in wallengebied,52.3522666,4.8885499,Dining & Cafes
2010,ChIJb1YAKc4JxkcRd3ODbR_v4eo,82,0.0044948747464781,Bruno's Amsterdam,277,$$$$$$,Espressobar,"[""Espressobar""]",cafes in haarlemmerbuurt,52.3810002,4.8840619,Dining & Cafes
2011,ChIJobq17AsLxkcRzyfF8NyTQfg,82,0.0044948747464781,Coffee District,105,$$$$$$,Koffiewinkel,"[""Koffiewinkel"",""Koffiemachineleverancier"",""Koffiebar""]",cafes in zuidas,52.3463448,4.868172599999999,Shopping
2012,ChIJXf5ELi7jxUcR0tgah8eEOhs,82,0.0044948747464781,Ichiraku ramen,153,$$$$$$$,Ramen-noedelrestaurant,"[""Ramen-noedelrestaurant""]",bars in osdorpplein,52.3587928,4.8053579,Dining & Cafes
2013,ChIJI64rSlLjxUcRdIbBkJIWJ6k,82,0.0044948747464781,Bar Jules,159,,Restaurant,"[""Restaurant"",""Bar"",""Cocktailbar"",""Eetcafe"",""Lunchrestaurant"",""Cafe""]",bars in museumkwartier,52.3530206,4.8633688,Dining & Cafes
2014,ChIJ4VRGBK0JxkcRv5he4EcvZeU,82,0.0044948747464781,Burger &Fries 56,306,$$$$$$$,Hamburgerrestaurant,"[""Hamburgerrestaurant"",""Snackbar""]",restaurants in vondelpark,52.3632029,4.8847115,Dining & Cafes
2015,ChIJ-Y-SwNcJxkcRGvsncFKh9fU,82,0.0044948747464781,Bagels & Beans,643,$$$$$$,Bagelwinkel,"[""Bagelwinkel"",""Ontbijtrestaurant"",""Brunchrestaurant"",""Koffiebar"",""Lunchrestaurant"",""Veganistisch restaurant"",""Vegetarisch restaurant""]",cafes in sloterdijk,52.3716757,4.8728764,Shopping
2016,ChIJwePBn4gJxkcRAp8vC6z30aU,81,0.0044400592007893,Rijnbar,276,$$,Cafe,"[""Cafe"",""Bar"",""Bistro""]",bars in de pijp,52.348817,4.904561999999999,Dining & Cafes
2017,ChIJxVE5lvIJxkcRFp0JbuxN0JU,81,0.0044400592007893,Cafe Eddy Bar,414,$,Bar,"[""Bar"",""Koffiehuis""]",bars in de pijp,52.3554193,4.8908352,Dining & Cafes
2018,ChIJcdizymXhxUcRR7xAi8VVpKw,81,0.0044400592007893,Molen van Sloten - Amsterdam,750,,Molen,"[""Molen"",""Opleidingscentrum"",""Museum"",""Souvenirwinkel"",""Toeristische attractie"",""Trouwlocatie""]",tourist attractions in osdorpplein,52.3415626,4.7922238,Cultural & Historic
2020,ChIJCTvxUccJxkcRP_I9C3d7oe8,81,0.0044400592007893,Asian Spirit,302,,Warenhuis,"[""Warenhuis"",""Kledingwinkel"",""Cadeauwinkel""]",stores in de wallen,52.3723371,4.8947344,Shopping
2021,ChIJqR87sMIJxkcRHlDntMsq528,81,0.0044400592007893,Billy Thai's Restaurant,414,$$$$$$$,Thais restaurant,"[""Thais restaurant""]",restaurants in negen straatjes,52.3678788,4.8821796,Dining & Cafes
2022,ChIJ79S32UUJxkcRP76Q-cJd9cw,81,0.0044400592007893,Omas Friet Amsterdam,172,$$$$$$,Snackbar,"[""Snackbar""]",restaurants in haarlemmerbuurt,52.3821092,4.8885362,Dining & Cafes
2023,ChIJseTQiscJxkcRhJzrhx7TnzY,81,0.0044400592007893,Nightbar The Bottle,402,$$$$$$,Bar,"[""Bar""]",bars in wallengebied,52.3758945,4.8959217,Dining & Cafes
2024,ChIJF_kx2wUKxkcRocadae6OlCU,81,0.0044400592007893,Gustavino Restaurant & Vinoteca,455,$$$,Italiaans restaurant,"[""Italiaans restaurant"",""Restaurant"",""Wijnbar""]",restaurants in zuidas,52.3374465,4.873080799999999,Dining & Cafes
2025,ChIJt1EzKckJxkcRHRydq_UgF9Q,81,0.0044400592007893,Ibericus Amsterdam,304,$$,Hammenwinkel,"[""Hammenwinkel"",""Slagerij"",""Delicatessenwinkel"",""Tapasbar""]",bars in haarlemmerbuurt,52.3805194,4.8908918,Shopping
2027,ChIJ729UcIoJxkcR6P76tNLKuWM,81,0.0044400592007893,GOOS,506,$$$$$$$,Eetcafe,"[""Eetcafe"",""Amerikaans restaurant"",""Koffiehuis"",""Cafe"",""Restaurant""]",bars in zuid,52.344878,4.894836,Dining & Cafes
2029,ChIJXYrG3s0JxkcRWTp5QTT-Yko,81,0.0044400592007893,Le Sud Vegetarisch,313,$$$$$$,Vegetarisch restaurant,"[""Vegetarisch restaurant""]",restaurants in haarlemmerbuurt,52.3832835,4.8862408,Dining & Cafes
2030,ChIJoQutGN0JxkcR1WxSpyPYoyU,81,0.0044400592007893,Melrose Hotel,495,,Hotel,"[""Hotel""]",hotels in negen straatjes,52.3695839,4.880083,Hotel
2031,ChIJj3s2X5UJxkcRRGH7ynO9zdY,81,0.0044400592007893,Crazy karaoke Amsterdam,301,$$,Karaokebar,"[""Karaokebar"",""Cocktailbar"",""Cafe""]",bars in rembrandtplein,52.3666207,4.8957599,Dining & Cafes
2032,ChIJeU7X1czjxUcRkS_OhPHaLtA,81,0.0044400592007893,Burger 'n Shake Osdorp,210,$$$$$$$,Eetcafe,"[""Eetcafe""]",bars in osdorpplein,52.3589996,4.8059974,Dining & Cafes
2033,ChIJgRETPZcLxkcRhu9wLIwLhXs,81,0.0044400592007893,Grolsch Boulevard Fourteen,748,$$$$$$$,Restaurant,"[""Restaurant"",""Bar & Grill"",""Biertuin"",""Eetcafe"",""Hamburgerrestaurant""]",bars in bijlmer arena,52.3123864,4.9452035,Dining & Cafes
2034,ChIJS_GYhsEJxkcR26-MfsPaWKU,81,0.0044400592007893,Cafe 't Spui-tje,496,$$$$$$$,Cafe,"[""Cafe"",""Bar"",""Koffiehuis""]",cafes in negen straatjes,52.3691849,4.8885592,Dining & Cafes
2035,ChIJ38EeSPgIxkcRiuGH55cktvs,81,0.0044400592007893,Bastion Hotel Amsterdam Noord,966,,Hotel,"[""Hotel"",""Hotel voor langdurig verblijf""]",hotels in dapperbuurt,52.3959177,4.9288738,Hotel
2038,ChIJiRg-a5ALxkcRU9We0VRv34k,80,0.0043852436551005,Taco Mundo Amsterdam-Arena,271,$$$$$$$,Mexicaans restaurant,"[""Mexicaans restaurant"",""Maaltijdbezorging"",""Restaurant""]",bars in bijlmer arena,52.3115223,4.9484841,Dining & Cafes
2039,ChIJq3tu0r0JxkcRlfrjYq_Y96A,80,0.0043852436551005,Escape room Amsterdam - Escape World,577,,Escaperoomcentrum,"[""Escaperoomcentrum"",""Evenementenlocatie"",""Toeristische attractie""]",activities in negen straatjes,52.3687967,4.9023409,Activities
2040,ChIJhbTzmgvixUcRhw48Xpjfz10,80,0.0043852436551005,Hookah Lounge Amsterdam | Shisha and Drinks,688,$$$$$$$,Waterpijpcafe,"[""Waterpijpcafe"",""Bar"",""Koffiehuis"",""Cultureel centrum"",""Evenementenbureau"",""Evenementenlocatie"",""Waterpijpwinkel"",""Lounge"",""Tabakswinkel""]",night clubs in amsterdam,52.3647632,4.8620651,Dining & Cafes
2042,ChIJFf_VTcYJxkcRLp2k4MdCL64,80,0.0043852436551005,The Highlander Hotel Amsterdam,644,,Hotel,"[""Hotel""]",hotels in negen straatjes,52.3756417,4.892379099999999,Hotel
2043,ChIJG398xGwJxkcREfNIxTb1Xb0,80,0.0043852436551005,De jonge admiraal,434,$$$$$$,Koffiehuis,"[""Koffiehuis"",""Bar"",""Brunchrestaurant"",""Lunchrestaurant""]",bars in oosterparkbuurt,52.363943,4.93825,Dining & Cafes
2044,ChIJ9Xsmy_0IxkcR9jCilSqH51w,80,0.0043852436551005,Vliegenbos,534,,Park,"[""Park"",""Toeristische attractie""]",parks in bijlmer arena,52.3897912,4.9327089,Green Recreation
2045,ChIJL3i8wxUJxkcRoStQt7F2fCc,80,0.0043852436551005,Numa Amsterdam Docklands,487,,Hotel,"[""Hotel"",""Hotel voor langdurig verblijf"",""Vakantieappartement""]",hotels in indische buurt,52.368836,4.9463694,Hotel
2046,ChIJafu3xOcJxkcRhEGl7R8otkM,80,0.0043852436551005,Backstage Hotel,602,,Hotel,"[""Hotel""]",hotels in negen straatjes,52.3654984,4.8802714,Hotel
2047,ChIJvYRoXm_ixUcRRmO1a2MbXBs,80,0.0043852436551005,Domino's Pizza Amsterdam Bos En Lommerweg,340,$$$$$$$,Pizzeria,"[""Pizzeria"",""Restaurant""]",restaurants in sloterdijk,52.3788246,4.851768799999999,Dining & Cafes
2049,ChIJx9uWurkJxkcRIf4hRQKglRA,80,0.0043852436551005,Hotel The Globe,739,,Hotel,"[""Hotel""]",hotels in de wallen,52.3751867,4.9003153,Hotel
2050,ChIJo3ONuPoJxkcREumSmqJDa3M,80,0.0043852436551005,De Bedstee Boutique Capsule Hotel,568,,Hotel,"[""Hotel""]",hotels in bijlmer arena,52.3558488,4.877796099999999,Hotel
2051,ChIJ8VHphawJxkcR-xOb7temTCs,80,0.0043852436551005,Zithoek.,282,$$$$$$,Koffiehuis,"[""Koffiehuis""]",cafes in buikslotermeerplein,52.3848407,4.9169338,Dining & Cafes
2052,ChIJjQ8un6MJxkcRC7oKDptddUI,80,0.0043852436551005,Cafe Kadijk,582,$$$$$$$,Indonesisch restaurant,"[""Indonesisch restaurant""]",restaurants in buikslotermeerplein,52.3701365,4.9121087,Dining & Cafes
2053,ChIJRZAP9mgJxkcRfVDJcPO5hSc,80,0.0043852436551005,30ML Coffee & Food Westerpark,290,$$$$$$$,Lunchrestaurant,"[""Lunchrestaurant"",""Ontbijtrestaurant"",""Brunchrestaurant"",""Koffiebar""]",cafes in haarlemmerbuurt,52.3892414,4.8799385,Dining & Cafes
2054,ChIJm7yXcF0LxkcRv0RPXD5n6Jg,79,0.0043304281094118,Peakz Padel Amsterdam Kauwgomballenkwartier | Padelclub,158,,Padelclub,"[""Padelclub"",""Sportclub"",""Evenementenmanagementbedrijf"",""Evenementenlocatie"",""Padelbaan"",""Sportcomplex""]",sports complex in oud-oost,52.3347726,4.9200537,Entertainment & Nightlife
2055,ChIJTyNq68gJxkcRE16lM68V_5s,79,0.0043304281094118,"Max Brown Hotel Canal District, part of Sircle Collection",690,,Hotel,"[""Hotel""]",hotels in negen straatjes,52.3788729,4.8921651,Hotel
2056,ChIJ-RbJXY4LxkcRasrr3OpPm-E,79,0.0043304281094118,Lucky King En Hong,389,$$$$$$$,Restaurant,"[""Restaurant""]",restaurants in bijlmer arena,52.3146562,4.954609,Dining & Cafes
2058,ChIJzcpICOQJxkcRaB5pahqSebs,79,0.0043304281094118,Vondelkerk,326,,Kerk,"[""Kerk"",""Monument"",""Toeristische attractie""]",tourist attractions in haarlemmerbuurt,52.3612584,4.8736568,Cultural & Historic
2060,ChIJWyCxX-gJxkcRlmoeU5Wz__c,79,0.0043304281094118,Chicago Social Club B.V..,528,,Sociale club,"[""Sociale club""]",night clubs in amsterdam,52.3646491,4.8826396,Entertainment & Nightlife
2061,ChIJZx_4_OgJxkcRcxXuYM_IFfg,79,0.0043304281094118,Amsterdam Hostel Leidseplein,1071,,Jeugdhostel,"[""Jeugdhostel"",""Herberg""]",restaurants in leidseplein,52.3639827,4.8838908,Hotel
2062,ChIJ0W6ciPwJxkcRwCdU38kynj4,79,0.0043304281094118,JOE & THE JUICE,366,$$$$$$$,Smoothiewinkel,"[""Smoothiewinkel"",""Koffiehuis"",""Koffiebar"",""Snackbar"",""Glutenvrij restaurant"",""Health Food-restaurant"",""Afhaalrestaurant"",""Broodjeswinkel"",""Veganistisch restaurant""]",coffeeshops in museumkwartier,52.3540881,4.8717285,Shopping
2063,ChIJcc3dW40JxkcRwCVKMk7Izjw,79,0.0043304281094118,Badeta Koffiebranders de Pijp,299,$$$$$$,Koffiehuis,"[""Koffiehuis"",""Ontbijtrestaurant"",""Koffiebranders"",""Koffiebar"",""Koffiewinkel"",""Koffiegroothandel"",""Lunchrestaurant""]",bars in de pijp,52.3523812,4.8947452,Dining & Cafes
2064,ChIJX9u5Z8EJxkcR-P2Ten5RDoo,79,0.0043304281094118,Cafe The Minds B.V.,570,$$$$$$,Bar,"[""Bar"",""Koffiehuis""]",bars in 9 straatjes,52.3708206,4.8893399,Dining & Cafes
2065,ChIJi7nf-wTixUcRQ0UWqd88x8k,79,0.0043304281094118,All4running Amsterdam,337,,Hardloopwinkel,"[""Hardloopwinkel"",""Sportwinkel"",""Sportartikelenwinkel"",""Sportkledingwinkel""]",stores in de vondelpark,52.3544322,4.8552094,Shopping
2067,ChIJ8y0Ody4JxkcRfVXOKvf2eB8,79,0.0043304281094118,Pizza Beppe Oost,310,$$$$$$$,Pizzeria,"[""Pizzeria"",""Italiaans restaurant"",""Napolitaans restaurant"",""Pizza aan huis"",""Afhaalpizza"",""Restaurant"",""Zuid-Italiaans restaurant""]",bars in oud-oost,52.3548229,4.929268899999999,Dining & Cafes
2068,ChIJI0VM_M8JxkcRhtGIFC__fmU,79,0.0043304281094118,Cafe Nol,456,$$,Koffiehuis,"[""Koffiehuis""]",bars in de jordaan,52.37829,4.883390299999999,Dining & Cafes
2069,ChIJ44XZNigKxkcR_ZvuUU-AaT8,79,0.0043304281094118,Vascobelo V-bar Rijnstraat,564,$$$$$$$,Brasserie,"[""Brasserie"",""Bar"",""Bistro"",""Ontbijtrestaurant"",""Koffiehuis"",""Lunchrestaurant""]",bars in bijlmer arena,52.3438133,4.9064839,Dining & Cafes
2070,ChIJa6OJ-uAJxkcRDGscWF9Ql2g,79,0.0043304281094118,Poppy's Restaurant de Pijp,172,,Restaurant,"[""Restaurant"",""Koffiehuis"",""Cocktailbar"",""Evenementenlocatie"",""Lunchrestaurant""]",bars in de pijp,52.3510014,4.897664,Dining & Cafes
2073,ChIJSdBl8Q0KxkcRI4tufEPMEfU,78,0.004275612563723,Gijsbrecht van Aemstelpark,569,,Park,"[""Park"",""Toeristische attractie""]",parks in bijlmer arena,52.3287291,4.8737214,Green Recreation
2074,ChIJzVtZ7PkJxkcRFn8elAS0PHg,78,0.004275612563723,The Delphi - Amsterdam Townhouse,666,,Hotel,"[""Hotel""]",hotels in bijlmer arena,52.3504286,4.8769268,Hotel
2075,ChIJ5Uk86CkJxkcR2sQFZqPlGUM,78,0.004275612563723,Hotel Continental,653,,Hotel,"[""Hotel""]",hotels in de wallen,52.3758173,4.8961251,Hotel
2076,ChIJowPDQ_AJxkcRJ3yBoEWv6vw,78,0.004275612563723,Renzo's Delicatessen,519,$$,Delicatessenwinkel,"[""Delicatessenwinkel""]",stores in museumkwartier,52.3549454,4.8811161,Shopping
2077,ChIJjSTwBaILxkcRICaZJNBIlYA,78,0.004275612563723,DSTRCT-DZ,290,$$$$$$$,Koffiebar,"[""Koffiebar"",""Lunchrestaurant"",""Patisserie""]",cafes in bijlmer arena,52.3302058,4.9619748,Dining & Cafes
2078,ChIJs_ve4AYLxkcRD2n-ximoUHA,78,0.004275612563723,Booven,368,$$$$$$$,Restaurant,"[""Restaurant"",""Lunchrestaurant""]",bars in bijlmer arena,52.3118746,4.9383104,Dining & Cafes
2080,ChIJaVkfggUKxkcRps38hRyQdcE,78,0.004275612563723,Bolenius Restaurant,401,$$$$$$,Nederlands restaurant,"[""Nederlands restaurant""]",restaurants in zuidas,52.3361421,4.8736565,Dining & Cafes
2081,ChIJ36ZHcGgJxkcR6ZvOFvJwey0,78,0.004275612563723,Jardin,150,$$$$$$,Koffiehuis,"[""Koffiehuis"",""Bakkerij""]",cafes in de jordaan,52.3809024,4.8872195,Dining & Cafes
2082,ChIJO7BT5bkJxkcRr4IpRZY81bo,78,0.004275612563723,Coffeeshop Voyagers,332,,Cannabiswinkel,"[""Cannabiswinkel""]",coffeeshops in buikslotermeerplein,52.3763791,4.902004,Cannabisshop
2084,ChIJlYE8pXQJxkcRp7JYDdzatbk,78,0.004275612563723,Naskip,307,$$$$$$$,Restaurant,"[""Restaurant""]",bars in de dapperbuurt,52.3645865,4.9266259,Dining & Cafes
2085,ChIJ3U6MDNwJxkcRit5Esa0i42o,78,0.004275612563723,Fjallraven Brand Center Amsterdam,589,,Winkel voor buitensport,"[""Winkel voor buitensport"",""Tassenwinkel"",""Kampeerwinkel"",""Kledingwinkel"",""Buitensportwinkel"",""Schoenenwinkel""]",stores in de jordaan,52.3722957,4.8769444,Shopping
2086,ChIJKVsKGd0JxkcRUq_MtStCz6o,78,0.004275612563723,Balthazar's Keuken,381,$$,Restaurant,"[""Restaurant""]",restaurants in de jordaan,52.369498,4.879725,Dining & Cafes
2087,ChIJ7UVlqsAJxkcRoG40pF_lAks,78,0.004275612563723,Cafe Rock Planet,754,$$$$$$$,Bar,"[""Bar""]",cafes in de wallen,52.3717967,4.8954019,Dining & Cafes
2088,ChIJfUoEqR0rEkIRZ1B5TBwWq1E,78,0.004275612563723,Stretch and Fold,133,$$$$$$$,Restaurant,"[""Restaurant"",""Brunchrestaurant"",""Koffiehuis"",""Sauna"",""Yogastudio""]",gyms in haarlemmerbuurt,52.3964083,4.9075528,Dining & Cafes
2089,ChIJV8tkPMgJxkcR87qMS_wEtQo,78,0.004275612563723,Hotel Multatuli,610,,Hotel,"[""Hotel""]",hotels in haarlemmerbuurt,52.378857,4.895499,Hotel
2090,ChIJ-_NassQJxkcRPZjSrvFFicw,78,0.004275612563723,A Space Oddity,575,,Speelgoedwinkel,"[""Speelgoedwinkel""]",stores in de jordaan,52.373314,4.882677,Shopping
2091,ChIJtT9nXtAJxkcRbguGymb22VE,78,0.004275612563723,Linden Hotel,488,,Hotel,"[""Hotel""]",hotels in haarlemmerbuurt,52.379424,4.880504,Hotel
2092,ChIJURBoMegJxkcRsoklFKxZZv8,78,0.004275612563723,Spijkerbar Amsterdam,240,,Homobar,"[""Homobar""]",bars in vondelpark,52.3661872,4.8838827,Dining & Cafes
2094,ChIJJWoaCO0JxkcR8NYEESfW0K8,78,0.004275612563723,Aston city Hotel,500,,Hotel,"[""Hotel""]",hotels in bijlmer arena,52.3581692,4.8897563,Hotel
2096,ChIJY35kOw0JxkcRXEQgMhaiO88,77,0.0042207970180343,Noosh.,203,$$$$$$,Koffiebar,"[""Koffiebar"",""Brunchrestaurant"",""Delicatessenwinkel"",""Lunchrestaurant"",""Cafe""]",bars in de pijp,52.3556295,4.8931947,Dining & Cafes
2097,ChIJaykevREKxkcRzBVMy1q6hLc,77,0.0042207970180343,Expert Amsterdam,294,,Elektronicawinkel,"[""Elektronicawinkel""]",stores in zuidas,52.3320662,4.872800499999999,Shopping
2098,ChIJTcWuUfAIxkcRfzxREQenJes,77,0.0042207970180343,Poolcentrum Boven 't IJ,243,$$,Poolcentrum,"[""Poolcentrum"",""Cafetaria"",""Sportcafe""]",bars in buikslotermeerplein,52.399224,4.937403,Activities
2100,ChIJX5_3KvAJxkcRBTzuD3G6n_s,77,0.0042207970180343,nachbar,154,,Nachtclub,"[""Nachtclub""]",night clubs in amsterdam,52.3720899,4.8909365,Entertainment & Nightlife
2101,ChIJqVz6SrgJxkcRtLRxlRJftc4,77,0.0042207970180343,Cafe Backstage,349,$$$$$$,Bar,"[""Bar""]",bars in wallengebied,52.3757064,4.8992858,Dining & Cafes
2102,ChIJR-hzRQQJxkcRSCj_Kn5viLE,77,0.0042207970180343,Bottleshop,108,,Wijnbar,"[""Wijnbar""]",bars in oosterparkbuurt,52.3546131,4.911435399999999,Dining & Cafes
2103,ChIJt6B0fQYJxkcRLuvwp-qAVlY,77,0.0042207970180343,Cafe Cress,152,,Restaurant,"[""Restaurant"",""Koffiehuis"",""Lunchrestaurant"",""Cafe""]",cafes in buikslotermeerplein,52.395785,4.904281699999999,Dining & Cafes
2104,ChIJK7nbsWwJxkcRKUX1SYD-vBM,77,0.0042207970180343,Cafe Chantilly,410,$$$$$$$,Ontbijtrestaurant,"[""Ontbijtrestaurant""]",cafes in indische buurt,52.364371,4.9397704,Dining & Cafes
2105,ChIJsaBmm5IJxkcRRvaQiAlM5AY,77,0.0042207970180343,De Plantenmarkt Amsterdam,180,,Markt,"[""Markt"",""Bloemist"",""Tuin"",""Woonwinkel"",""Leverancier van binnenplanten""]",activities in de pijp,52.3560927,4.8952824,Shopping
2107,ChIJ-9WmHMELxkcROLdnJlGP4Eo,77,0.0042207970180343,The All Out Amsterdam,242,,Karaokebar,"[""Karaokebar"",""Bar"",""Cocktailbar"",""Dartsbar"",""Nachtclub"",""Restaurant"",""Sociale club""]",playgrounds in vondelpark,52.340393,4.892971999999999,Dining & Cafes
2108,ChIJ86uCPPAIxkcR8UJAIU9C5kI,77,0.0042207970180343,Parfumerie Douglas,248,,Parfumerie,"[""Parfumerie"",""Cosmeticawinkel"",""Winkel in modeaccessoires""]",stores in buikslotermeerplein,52.3985833,4.9392026,Shopping
2109,ChIJH7mSNsMJxkcRu84kXBLgMgg,77,0.0042207970180343,Cloud,196,$$$$$$,Koffiehuis,"[""Koffiehuis"",""Kunstcafe"",""Kunstgalerie"",""Gedeelde werkplek"",""Zonnebrillenwinkel""]",cafes in de jordaan,52.3709324,4.8824399,Dining & Cafes
2110,ChIJfSmf_APjxUcRZlCDKPAKop4,77,0.0042207970180343,Can's Buns Osdorp,112,,Vleesproductenwinkel,"[""Vleesproductenwinkel"",""Slagerij"",""Broodjeswinkel""]",bars in osdorpplein,52.3594177,4.8029565,Shopping
2111,ChIJVUSlEbYJxkcR4bWgTvQccTk,77,0.0042207970180343,Mouss. Moroccan Coffeecorner,191,$$$$$$,Koffiewinkel,"[""Koffiewinkel"",""Ontbijtrestaurant"",""Catering"",""Koffiebar"",""Lunchrestaurant""]",cafes in haarlemmerbuurt,52.3759151,4.8926328,Shopping
2112,ChIJv7jGZfAIxkcR3MpNiviOZy4,77,0.0042207970180343,Kwekkeboom Banketbakkerij Noord,347,$$$$$$,Bakkerij,"[""Bakkerij"",""Koffiebar"",""IJssalon"",""Lunchrestaurant"",""Banketbakker"",""Patisserie"",""Broodjeswinkel""]",bars in buikslotermeerplein,52.3979129,4.9373895,Dining & Cafes
2114,ChIJXckSysAJxkcRhio3Ozw9Bz4,76,0.0041659814723455,Bubbles & Wines Amsterdam,428,$$$,Wijnbar,"[""Wijnbar"",""Bar""]",bars in 9 straatjes,52.3716367,4.8937374,Dining & Cafes
2115,ChIJA3H2SJALxkcR_O7IZZPathY,76,0.0041659814723455,Toko De Poort,337,,Aziatische kruidenierswinkel,"[""Aziatische kruidenierswinkel"",""Restaurant""]",stores in bijlmer arena,52.3131773,4.9495247,Shopping
2116,ChIJq9NZq-gJxkcRnUcfXr9E2mE,76,0.0041659814723455,ASICS,369,,Sportwinkel,"[""Sportwinkel"",""Hardloopwinkel"",""Sportkledingwinkel""]",stores in de leidseplein,52.3619835,4.880952,Shopping
2117,ChIJrf8nUeYJxkcR57Y_CV7g4Dg,76,0.0041659814723455,Poolcafe de Keu,366,$,Poolcentrum,"[""Poolcentrum""]",sports complex in museumkwartier,52.3641033,4.8779636,Activities
2120,ChIJV-LM0D0LxkcRLSw0aEwzRXY,76,0.0041659814723455,Rialto VU,122,,Bioscoop,"[""Bioscoop""]",movie theaters in de wallen,52.3348068,4.8639782,Activities
2121,ChIJ7VJdaJsJxkcRXG2eondvvpQ,76,0.0041659814723455,Marhaba - Marokkaans Restaurant (Amsterdam Oost),421,$$$$$$$,Marokkaans restaurant,"[""Marokkaans restaurant"",""Ontbijtrestaurant"",""Kiprestaurant"",""Nederlands restaurant"",""Health Food-restaurant"",""Pizzeria""]",restaurants in oosterparkbuurt,52.3567369,4.9118342,Dining & Cafes
2123,ChIJ91zrddYJxkcR4tfHqM4XBYY,76,0.0041659814723455,Winkelcentrum Spaarndammerbuurt,85,,Winkelcentrum,"[""Winkelcentrum""]",shopping malls in negen straatjes,52.390718,4.8783892,Shopping
2124,ChIJOfxKO7kJxkcRLK7AEwKGFV0,76,0.0041659814723455,Gewaeght Cafe,633,$$$$$$$,Cafe,"[""Cafe""]",bars in nieuwmarkt,52.3727422,4.8997974,Dining & Cafes
2125,ChIJN6HK0MUJxkcRXy8CY2dylgE,76,0.0041659814723455,The Times Hotel in Amsterdam,429,,Hotel,"[""Hotel""]",hotels in negen straatjes,52.3754573,4.889020899999999,Hotel
2126,ChIJcTkqio_jxUcRadYaEXUCu-w,76,0.0041659814723455,Bendito cafe,193,$$$$$$$,Koffiebar,"[""Koffiebar"",""Acai winkel"",""Ontbijtrestaurant"",""Evenementenlocatie"",""IJssalon""]",cafes in sloterdijk,52.374958,4.8625223,Dining & Cafes
2128,ChIJsfwjUMcJxkcRcRi3dxYbCKo,75,0.0041111659266568,Restaurant The White Room,371,$$$$$$,Haute-cuisinerestaurant,"[""Haute-cuisinerestaurant""]",restaurants in de wallen,52.3726464,4.8948151,Dining & Cafes
2129,ChIJpZfnuuoJxkcRyztIPg4zZ3Y,75,0.0041111659266568,Coffeeshop Free I,393,,Cannabiswinkel,"[""Cannabiswinkel""]",coffeeshops in leidseplein,52.3659746,4.8934497,Cannabisshop
2130,ChIJA0gFy9XjxUcRjMLra2g-Wdk,75,0.0041111659266568,Lezzet grillroom,166,$$$$$$$,Restaurant,"[""Restaurant""]",restaurants in sloterdijk,52.3786477,4.8507124,Dining & Cafes
2131,ChIJ1-3WSb8JxkcRq0q_atMxQho,75,0.0041111659266568,Burger Zaken Oudezijds Voorburgwal Amsterdam,1050,$$$$$$$,Hamburgerrestaurant,"[""Hamburgerrestaurant"",""Restaurant""]",restaurants in de wallen,52.3724787,4.8962219,Dining & Cafes
2132,ChIJ6dMTw-cJxkcR0grYyOEFClM,75,0.0041111659266568,Coffeeshop Crush,456,,Cannabiswinkel,"[""Cannabiswinkel""]",coffeeshops in haarlemmerbuurt,52.3657604,4.8801085,Cannabisshop
2133,ChIJcRqUN1AIxkcR51olLzivQWE,75,0.0041111659266568,ADANA DONER - Kebab Corner Amsterdam,421,$$$$$$,Turks restaurant,"[""Turks restaurant"",""Grillrestaurant"",""Halal-restaurant"",""Kebabzaak"",""Lunchrestaurant""]",restaurants in buikslotermeerplein,52.3958484,4.9145382,Dining & Cafes
2134,ChIJzQbt9c0JxkcRHT8-eKLsuAk,75,0.0041111659266568,Schaak- en Gowinkel Het Paard - Spellen en Puzzels sinds 1987,342,,Spellenwinkel,"[""Spellenwinkel""]",stores in de haarlemmerbuurt,52.3841534,4.8843963,Shopping
2135,ChIJ3zbO0GbixUcR7lZDQiItMRU,75,0.0041111659266568,Hap Li Restaurant,386,$$$$$$$,Restaurant,"[""Restaurant"",""Aziatisch restaurant"",""Chinees restaurant"",""Chinees afhaalrestaurant""]",restaurants in sloterdijk,52.3840595,4.8482572,Dining & Cafes
2136,ChIJ7UmYNNoJxkcRUDlV7svAACQ,75,0.0041111659266568,Restaurant Semhar,420,$$$$$$$,Eritrees restaurant,"[""Eritrees restaurant""]",restaurants in de jordaan,52.3754659,4.8774448,Dining & Cafes
2137,ChIJBZe9kbsJxkcRk0mkmvipvhU,75,0.0041111659266568,Blauwbrug,128,,Brug,"[""Brug"",""Historisch herkenningspunt"",""Monument""]",monuments in nieuwmarkt,52.366382,4.900987199999999,Cultural & Historic
2138,ChIJbytTo6IJxkcRF7yqtrPwanY,75,0.0041111659266568,Hotel Hortus,633,,Hotel,"[""Hotel"",""Monument""]",hotels in dapperbuurt,52.3667472,4.9091857,Hotel
2139,ChIJg8bf-sIJxkcR9mc7li6y48E,75,0.0041111659266568,Restaurant Vinkeles,326,$$$$$$,Haute-cuisinerestaurant,"[""Haute-cuisinerestaurant"",""Frans restaurant"",""Mediterraans restaurant""]",restaurants in negen straatjes,52.3692786,4.884023,Dining & Cafes
2140,ChIJu-7QkYEJxkcR_NOCOXbSq1Q,75,0.0041111659266568,Cafe Carbon Jordaan,228,,Restaurant,"[""Restaurant""]",restaurants in de jordaan,52.3787035,4.8841964,Dining & Cafes
2141,ChIJO5Zwqc4JxkcR0x9sKabycl4,75,0.0041111659266568,IT'S A PRESENT!,182,,Cadeauwinkel,"[""Cadeauwinkel"",""Woonwinkel"",""Kaartenwinkel""]",stores in de wallen,52.3712002,4.8984837,Shopping
2142,ChIJq54OhQ0JxkcRVhU4CfKsnyY,75,0.0041111659266568,24/7 Burgerhouse,518,$$$$$$$,Hamburgerrestaurant,"[""Hamburgerrestaurant""]",restaurants in de jordaan,52.3730738,4.878800099999999,Dining & Cafes
2143,ChIJR9_ZzLkJxkcRpxLgKJkegHY,75,0.0041111659266568,Hotel Old Nickel,741,,Hotel,"[""Hotel"",""Restaurant""]",hotels in de wallen,52.3763457,4.899674699999999,Hotel
2144,ChIJFUv2AK3jxUcRorFPQy9srm8,75,0.0041111659266568,La casa di josper,164,$$$$$$$,Restaurant,"[""Restaurant""]",restaurants in osdorpplein,52.3576684,4.8094046,Dining & Cafes
2145,ChIJYVStxwUKxkcR3KE42Qy6sC0,75,0.0041111659266568,Oliver's,501,$$$$$$$,Restaurant,"[""Restaurant""]",restaurants in zuidas,52.3375375,4.8709241,Dining & Cafes
2146,ChIJXwCP3uUJxkcRU6_j4_A98wI,75,0.0041111659266568,Owl Hotel,504,,Hotel,"[""Hotel""]",hotels in bijlmer arena,52.3617064,4.878465299999999,Hotel
2147,ChIJtw4GTrgLxkcRe-eCxuIOtdw,75,0.0041111659266568,Pets Place,104,,Dierenwinkel,"[""Dierenwinkel"",""Aquariumwinkel"",""Paardrijwinkel"",""Reptielenwinkel""]",stores in zuidas,52.3316772,4.8762815,Shopping
2148,ChIJscFmatzjxUcRU4otN7urn3M,75,0.0041111659266568,Doner Room,370,$$$$$$,Eetcafe,"[""Eetcafe""]",restaurants in osdorpplein,52.3563639,4.7917109,Dining & Cafes
2149,ChIJPUbDrz8JxkcR8BEtjtbk83c,75,0.0041111659266568,Foer Amsterdam,271,$$$$$$,Restaurant,"[""Restaurant""]",restaurants in indische buurt,52.3686144,4.935366699999999,Dining & Cafes
2151,ChIJWXId6XIJxkcRR5QgAGKWeW0,74,0.004056350380968,Cafe Gijs de Rooy,357,$$$$$$$,Cafe,"[""Cafe""]",bars in oosterparkbuurt,52.3636111,4.9316667,Dining & Cafes
2152,ChIJsemR3IwJxkcRcY6tNzyOEV4,74,0.004056350380968,Yum Yum Thai Food,344,$$$$$$$,Thais restaurant,"[""Thais restaurant"",""Restaurant""]",restaurants in de pijp,52.3514556,4.9030013,Dining & Cafes
2153,ChIJ4eKIuWwJxkcRDtsdMB7e-Lc,74,0.004056350380968,coffeecompany,522,$$$$$$,Koffiebar,"[""Koffiebar"",""Koffiehuis"",""Koffiewinkel"",""Lunchrestaurant""]",bars in indische buurt,52.3641197,4.9392271,Dining & Cafes
2154,ChIJCX_VQm0JxkcRKDhFnYLTIvI,74,0.004056350380968,IJs van Oost,354,$$$$$$,IJssalon,"[""IJssalon"",""Espressobar""]",cafes in indische buurt,52.3638602,4.9347069,Dining & Cafes
2155,ChIJlwOeCwkJxkcR8fPcTZ6-_-E,74,0.004056350380968,I Love Sushi Amsterdam Noord,330,$$$$$$$,Sushirestaurant,"[""Sushirestaurant"",""Maaltijdbezorging"",""Afhaalrestaurant"",""Sushi takeaway""]",restaurants in buikslotermeerplein,52.3929285,4.9556923,Dining & Cafes
2156,ChIJPanh_38JxkcReoTjRXFg3JU,74,0.004056350380968,Cafe Blooker,412,$$,Bar,"[""Bar"",""Evenementenlocatie"",""Lunchrestaurant"",""Cafe"",""Trouwbuffet""]",bars in oosterparkbuurt,52.3443495,4.917268099999999,Dining & Cafes
2158,ChIJ_2D1ULgJxkcRt7Cfst3ijGA,74,0.004056350380968,Sportsbar Smoking Bull,471,$$$$$$$,Cafe,"[""Cafe"",""Bar"",""Poolcentrum"",""Sportcafe""]",bars in de jordaan,52.3750435,4.8986056,Dining & Cafes
2159,ChIJxxteCekJxkcRPBE35_KyX70,74,0.004056350380968,Amsterdam Pipe Museum,549,,Erfgoedmuseum,"[""Erfgoedmuseum"",""Etnografisch museum""]",museums in negen straatjes,52.3641198,4.8852857,Cultural & Historic
2160,ChIJA-7FeZALxkcR4xLPLh9KpuI,74,0.004056350380968,Grand Cafe Cascada,159,$$$$$$$,Restaurant,"[""Restaurant""]",bars in bijlmer arena,52.311472,4.9485313,Dining & Cafes
2162,ChIJSYVYSNsJxkcRjJNIM7kOHN4,74,0.004056350380968,Van der Linde - Amsterdam - Kunstenaarsmaterialen - Inlijstatelier,490,,Winkel voor kunstenaarsbenodigdheden,"[""Winkel voor kunstenaarsbenodigdheden""]",stores in de jordaan,52.3737257,4.881348099999999,Shopping
2163,ChIJVTppHsgJxkcR83cPw5DLHQ8,74,0.004056350380968,LOVERS Cafe,367,$$,Koffiehuis,"[""Koffiehuis"",""Bar"",""Cafetaria""]",bars in haarlemmerbuurt,52.3787458,4.8969044,Dining & Cafes
2164,ChIJLyH2RdYJxkcRpi6CworjFhg,74,0.004056350380968,Baba Restaurant,413,$$$$$$$,Restaurant,"[""Restaurant"",""Grillrestaurant"",""Pizzeria"",""Shoarma restaurant""]",restaurants in de wallen,52.3744405,4.8993926,Dining & Cafes
2165,ChIJwxXk-LMJxkcRAyQokNyWk2Q,74,0.004056350380968,Pont Neuf Buiksloterweg,351,$$$$$$,Restaurant,"[""Restaurant""]",restaurants in buikslotermeerplein,52.3827498,4.9041036,Dining & Cafes
2166,ChIJH3EFyukJxkcR9jiohYhbb8w,74,0.004056350380968,Amsterdam Downtown Hotel,633,,Hotel,"[""Hotel""]",hotels in negen straatjes,52.3658646,4.8848926,Hotel
2168,ChIJK2gz1IcJxkcRynDyeyuadDU,74,0.004056350380968,Bar Bouwmeester,300,$$$$$$$,Lunchrestaurant,"[""Lunchrestaurant"",""Ontbijtrestaurant"",""Brunchrestaurant"",""Koffiebar""]",cafes in de pijp,52.3473341,4.9046017,Dining & Cafes
2169,ChIJyd2raYgJxkcRyWJ1roD3g5s,74,0.004056350380968,Hotel Victorie,456,,Hotel,"[""Hotel""]",hotels in dapperbuurt,52.3468444,4.9028639,Hotel
2170,ChIJ25jzHfEIxkcRFauagIumqvk,74,0.004056350380968,Tjon Express,430,$$$$$$$,Surinaams restaurant,"[""Surinaams restaurant"",""Maaltijdbezorging""]",bars in buikslotermeerplein,52.3999787,4.9354116,Dining & Cafes
2172,ChIJYRTFUADjxUcRUFFc-a4d4-0,74,0.004056350380968,Somatci Amsterdam Fine Dining Restaurant,205,,Restaurant,"[""Restaurant""]",restaurants in osdorpplein,52.3603313,4.8081869,Dining & Cafes
2173,ChIJxQMt98AJxkcRh7kMnbhcQyc,74,0.004056350380968,Cafe CHA CHA,719,$$$$$$$,Restaurant,"[""Restaurant"",""Cocktailbar"",""Hamburgerrestaurant"",""Lunchrestaurant"",""Cafe"",""Steakhouse""]",bars in haarlemmerbuurt,52.3697768,4.8928698,Dining & Cafes
2175,ChIJZ161d9UJxkcRHO367_PpTH8,73,0.0040015348352792,Espressofabriek Westergasfabriek,460,$$$$$$,Koffiebar,"[""Koffiebar""]",cafes in sloterdijk,52.3861402,4.8719319,Dining & Cafes
2176,ChIJAaWI8EQJxkcRC_sNsFQ_giM,73,0.0040015348352792,JOE & THE JUICE,111,$$$$$$$,Smoothiewinkel,"[""Smoothiewinkel"",""Koffiehuis"",""Koffiebar"",""Health Food-restaurant"",""Modern-Europees restaurant"",""Broodjeswinkel"",""Scandinavisch restaurant""]",cafes in de pijp,52.351349,4.903604,Shopping
2177,ChIJYXsAf2UJxkcRwnVjal3b5rU,73,0.0040015348352792,Restaurant Sumi,163,$$$$$$$,Restaurant,"[""Restaurant"",""Aziatisch fusion-restaurant""]",bars in leidseplein,52.3636848,4.8848123,Dining & Cafes
2178,ChIJqWP928kJxkcRAUfub6gY5EY,73,0.0040015348352792,Bistro Suzette,190,,Bistro,"[""Bistro""]",restaurants in leidseplein,52.3630866,4.8845955,Dining & Cafes
2179,ChIJWYM3g4QJxkcR0x89ELA_EQs,73,0.0040015348352792,Club Abbey,114,$$$$$$$,Kindercafe,"[""Kindercafe"",""Ontbijtrestaurant"",""Brunchrestaurant"",""Lunchrestaurant""]",bars in de dapperbuurt,52.3568283,4.9277115,Dining & Cafes
2181,ChIJNdBws_oJxkcRhDL_7NGlJ1I,73,0.0040015348352792,Amsterdam Hostel Annemarie,889,,Herberg,"[""Herberg""]",hotels in bijlmer arena,52.356555,4.878285099999999,Hotel
2182,ChIJuVXQuPwJxkcRVkWWnKwCq1M,73,0.0040015348352792,Restaurant Di Bruno,338,,Italiaans restaurant,"[""Italiaans restaurant"",""Mediterraans restaurant""]",restaurants in museumkwartier,52.3560424,4.8712107,Dining & Cafes
2185,ChIJK7rL1eoLxkcROicV38mGDRw,73,0.0040015348352792,Snackbar Ernos,302,$$$$$$,Snackbar,"[""Snackbar""]",restaurants in bijlmer arena,52.3223473,4.9429512,Dining & Cafes
2186,ChIJcYOcYgfixUcRPZVOycRBMN0,73,0.0040015348352792,Apple Inn Hotel,525,,Hotel,"[""Hotel""]",hotels in museumkwartier,52.3537515,4.8657057,Hotel
2187,ChIJWQVpYu0JxkcR36vu5HChL1U,72,0.0039467192895905,Coffeecompany,369,$$$$$$,Koffiebar,"[""Koffiebar""]",cafes in de pijp,52.35489,4.900928,Dining & Cafes
2188,ChIJoSFqlM8JxkcRRYLkqIcg87Q,72,0.0039467192895905,SLA Westerstraat,531,$$$$$$$,Restaurant,"[""Restaurant""]",restaurants in haarlemmerbuurt,52.3789409,4.8852603,Dining & Cafes
2189,ChIJSY0UEuoJxkcRmwBh0I6jXJA,72,0.0039467192895905,Hotel Pontsteiger,297,,Hotel,"[""Hotel""]",hotels in dapperbuurt,52.3931304,4.8855928,Hotel
2191,ChIJR-2OdrQJxkcRd8FVB7WRm7Y,72,0.0039467192895905,Five Brothers Fat Zuid,281,,Restaurant,"[""Restaurant"",""Bar"",""Cocktailbar"",""Tapasbar""]",bars in museumkwartier,52.3539028,4.8862724,Dining & Cafes
2192,ChIJ_ynNTOcJxkcRtdIN4xXRzyI,72,0.0039467192895905,Cafe L'Affiche,472,$$$$$$$,Cafe,"[""Cafe""]",bars in vondelpark,52.3665954,4.8746902,Dining & Cafes
2193,ChIJj6p6FdkJxkcRcYce7_kfEaM,72,0.0039467192895905,Cafe De Oude Schaeper,348,$$$$$$$,Koffiehuis,"[""Koffiehuis"",""Cafe""]",cafes in sloterdijk,52.3742635,4.8740502,Dining & Cafes
2194,ChIJ8SY2OuIJxkcR1l-5cawxtMU,72,0.0039467192895905,Bar Americain Amsterdam,124,$$$$$$$,Cocktailbar,"[""Cocktailbar"",""Bar""]",bars in museumkwartier,52.3637087,4.8811599,Dining & Cafes
2195,ChIJ69zwseMJxkcRKzbog6itaWI,72,0.0039467192895905,Tour de BonTon | Discover the secrets of a sex worker,343,,Toeristische attractie,"[""Toeristische attractie"",""Lokaal historisch museum"",""Museum"",""Toeristische informatie"",""Bezoekerscentrum""]",tourist attractions in de pijp,52.3582927,4.8893582,Cultural & Historic
2196,ChIJ15V3aZUJxkcReZGKdQphghE,72,0.0039467192895905,Rembrandt Square Hotel,579,,Hotel,"[""Hotel""]",hotels in de wallen,52.365654,4.896366899999999,Hotel
2197,ChIJYUv3UY0JxkcR1ZUeaJNZb9Y,72,0.0039467192895905,De Groene Vlinder,528,$$$$$$,Koffiehuis,"[""Koffiehuis""]",cafes in de pijp,52.3553711,4.8930242,Dining & Cafes
2198,ChIJ4TgZpsEJxkcRAXqk2eVrggk,72,0.0039467192895905,"Cafe De Dokter - ""Het Doktertje""",465,$$$$$$$,Bar,"[""Bar"",""Koffiehuis""]",bars in 9 straatjes,52.3692539,4.8908111,Dining & Cafes
2199,ChIJW0A1ypoJxkcRluUsBlCNDyE,72,0.0039467192895905,Risto Enoteca PepeNero,396,$$,Restaurant,"[""Restaurant"",""Haute-cuisinerestaurant"",""Italiaans restaurant"",""Noord-Italiaans restaurant"",""Zuid-Italiaans restaurant"",""Wijnbar""]",restaurants in nieuwmarkt,52.3557474,4.9077121,Dining & Cafes
2201,ChIJZ9NJM7kJxkcRmoo0WPnGIPg,72,0.0039467192895905,Vishandel Tel,355,,Viswinkel,"[""Viswinkel""]",stores in de nieuwmarkt,52.371831,4.899915,Dining & Cafes
2202,ChIJeXUjXegJxkcRCmsnuNBumsk,72,0.0039467192895905,Bombay Inn,420,$$$$$$$,Indiaas restaurant,"[""Indiaas restaurant""]",restaurants in leidseplein,52.36506,4.8828,Dining & Cafes
2203,ChIJl_kqNZYJxkcR09MFrQPu-Fw,72,0.0039467192895905,Indonesia Indah,193,$$$$$$$,Indonesisch restaurant,"[""Indonesisch restaurant""]",bars in indische buurt,52.3638563,4.9344488,Dining & Cafes
2204,ChIJ6zOgl3oJxkcRhj34Idpei5U,72,0.0039467192895905,Volendammer Vishandel,363,,Viswinkel,"[""Viswinkel"",""Sushirestaurant""]",restaurants in buikslotermeerplein,52.3538253,4.9301753,Dining & Cafes
2205,ChIJ21YJTgALxkcR5q9I0Xih5gY,72,0.0039467192895905,Diamond Capsule Hotel Amsterdam South,147,,Hotel,"[""Hotel""]",hotels in bijlmer arena,52.3190294,4.8797101,Hotel
2206,ChIJWcUwLeEJxkcRIuD7naZbLIE,72,0.0039467192895905,Amadi Park Hotel,527,,Hotel,"[""Hotel""]",hotels in negen straatjes,52.3649598,4.8734973,Hotel
2207,ChIJjxIVQcEJxkcRwSnneI0gsU0,71,0.0038919037439017,Theater De Richel (voorheen Betty Asfalt Complex),354,,Theater,"[""Theater""]",event venues in nieuwmarkt,52.3711111,4.89,Event venue
2208,ChIJBdsv3WTixUcR-lbXL4VGKj4,71,0.0038919037439017,Bistro Bos,490,$$$$$$$,Restaurant,"[""Restaurant""]",restaurants in sloterdijk,52.3822624,4.855964999999999,Dining & Cafes
2209,ChIJ_8t07voJxkcRly4uObAghqY,71,0.0038919037439017,The Concert Hotel,447,,Hotel,"[""Hotel""]",hotels in bijlmer arena,52.3548742,4.8770669,Hotel
2210,ChIJVScjqLkJxkcRRofNug0f044,71,0.0038919037439017,Cafe de Zeevaart,512,$$$$$$$,Koffiehuis,"[""Koffiehuis""]",bars in wallengebied,52.3744995,4.899968599999999,Dining & Cafes
2211,ChIJJ0ZcLV0JxkcRre9Cx-XySuw,71,0.0038919037439017,De Beurspassage,105,,Winkelcentrum,"[""Winkelcentrum""]",shopping malls in negen straatjes,52.3746312,4.8945055,Shopping
2212,ChIJu-U9b9zjxUcRdjJ5kWhxBFg,71,0.0038919037439017,Daily Style,431,,Feestwinkel,"[""Feestwinkel"",""Warenhuis"",""Cadeauwinkel"",""Woonwinkel"",""Speelgoedwinkel"",""Goedkope winkel"",""Magazijn""]",stores in osdorpplein,52.3567074,4.7918292,Shopping
2214,ChIJk8fjEWALxkcRvcAfXF2Ker0,71,0.0038919037439017,PREMIER SUITES Amsterdam,174,,Hotel,"[""Hotel""]",hotels in zuidas,52.3375007,4.8679763,Hotel
2215,ChIJnbQVYscJxkcRq76upBcbRQ0,71,0.0038919037439017,Condomerie,1037,,Winkel,"[""Winkel""]",stores in de wallen,52.373679,4.8958719,Shopping
2216,ChIJ3c6u7sIJxkcR3JoSA8gnt_U,71,0.0038919037439017,Skins Amsterdam Negen Straatjes,290,,Cosmeticawinkel,"[""Cosmeticawinkel"",""Parfumerie""]",stores in negen straatjes,52.3688482,4.883703199999999,Shopping
2217,ChIJ5U4SjYYJxkcRvqlnMnET-ds,71,0.0038919037439017,Hotel Flipper,736,,Hotel,"[""Hotel""]",hotels in dapperbuurt,52.3488883,4.9086919,Hotel
2218,ChIJu7Z8Q8YJxkcRg91Ojlu1_og,71,0.0038919037439017,Coffeeshop Mediterrane,471,,Cannabiswinkel,"[""Cannabiswinkel""]",coffeeshops in haarlemmerbuurt,52.37561,4.8915806,Cannabisshop
2219,ChIJ3x21GekJxkcRyKiRBUwJqz0,71,0.0038919037439017,Maya's Steakhouse,769,$$,Steakhouse,"[""Steakhouse"",""Argentijns restaurant""]",bars in leidseplein,52.3635744,4.884411,Dining & Cafes
2220,ChIJ9cHVDgMJxkcRVijz0263Ax4,71,0.0038919037439017,PEQU,211,$$$$$$$,Restaurant,"[""Restaurant"",""Bistro"",""Frans restaurant"",""Brasserie""]",restaurants in de jordaan,52.3791221,4.8861651,Dining & Cafes
2221,ChIJKSEgGUwJxkcR41PKIHiQHzo,71,0.0038919037439017,Brasserie Zuiderbad,188,$$$$$$,Restaurant,"[""Restaurant"",""Brunchrestaurant"",""Lunchrestaurant""]",bars in museumkwartier,52.3586947,4.886131499999999,Dining & Cafes
2222,ChIJpegz0egJxkcRdNth9h7vxm0,71,0.0038919037439017,Maximus Steakhouse,863,$$,Steakhouse,"[""Steakhouse""]",restaurants in leidseplein,52.3622398,4.8832736,Dining & Cafes
2223,ChIJtYSThhAJxkcR2cmFtoXEDNY,71,0.0038919037439017,Cafe the Barrel,320,$$$$$$$,Bar,"[""Bar"",""Koffiehuis"",""Cocktailbar"",""Espressobar""]",bars in wallengebied,52.3721512,4.8917571,Dining & Cafes
2226,ChIJCdyMzc4JxkcRLb_bWBHWN9k,71,0.0038919037439017,Kathmandu Outdoor & Travel,325,,Winkel voor buitensport,"[""Winkel voor buitensport"",""Tassenwinkel"",""Kampeerwinkel"",""Reisartikelenwinkel"",""Buitensportwinkel"",""Sportklimmen"",""Schoenenwinkel"",""Sportwinkel"",""Sportkledingwinkel""]",stores in de haarlemmerbuurt,52.380917,4.8901078,Shopping
2227,ChIJvWSzaWjixUcRXt54cnQ9qxE,71,0.0038919037439017,FEBO Amsterdam - Bos en Lommerplein,447,$$$$$$,Snackbar,"[""Snackbar""]",restaurants in sloterdijk,52.3781518,4.845712799999999,Dining & Cafes
2228,ChIJWWGbn-EJxkcRNv8XOH7xuus,71,0.0038919037439017,WG Cafe,411,$$$$$$$,Eetcafe,"[""Eetcafe""]",restaurants in museumkwartier,52.3636858,4.8705525,Dining & Cafes
2229,ChIJP-JZ4bgJxkcRLzFvL7iWmTU,70,0.003837088198213,Grand Cafe Eighty-Four,261,,Restaurant,"[""Restaurant""]",bars in de dapperbuurt,52.3563543,4.9298323,Dining & Cafes
2230,ChIJ7czntp_jxUcRnkuFGX95WhA,70,0.003837088198213,HBC Osdorp - Halal Burgers & Chicken,140,$$$$$$$,Restaurant,"[""Restaurant""]",restaurants in osdorpplein,52.3624137,4.8005438,Dining & Cafes
2231,ChIJCUp69dsJxkcRcEru3kHdS3U,70,0.003837088198213,Chasse Hotel Residency,121,,Hotel,"[""Hotel""]",hotels in bijlmer arena,52.351902,4.9249632,Hotel
2232,ChIJ_SkHrcQJxkcR-tb7la68TQQ,70,0.003837088198213,Bar Parry,225,$$,Wijnbar,"[""Wijnbar""]",bars in de jordaan,52.3689895,4.881183399999999,Dining & Cafes
2233,ChIJSdK7D8XjxUcRm6XXO1Z7c50,70,0.003837088198213,Lunchroom Soussi,246,$$$$$$$,Restaurant,"[""Restaurant""]",bars in osdorpplein,52.3620929,4.798437799999999,Dining & Cafes
2234,ChIJRUYh_fXixUcRwOIzLF6c4Kw,70,0.003837088198213,Cafe brasserie Helden,468,$$$$$$$,Brasserie,"[""Brasserie""]",bars in sloterdijk,52.3905921,4.8399,Dining & Cafes
2235,ChIJk5yydAUKxkcRg2nwoXCVZaw,70,0.003837088198213,Dickys Grand Cafe,480,$$,Koffiehuis,"[""Koffiehuis""]",cafes in zuidas,52.3368753,4.8730273,Dining & Cafes
2236,ChIJ85xa0egJxkcR7qjLKQSaMz0,70,0.003837088198213,Hosokawa Teppanyaki en Sushi restaurant,597,$$$$$$,Japans restaurant,"[""Japans restaurant"",""Bar"",""Sushirestaurant"",""Teppanyaki-restaurant"",""Lounge""]",restaurants in leidseplein,52.3628963,4.882829,Dining & Cafes
2237,ChIJUUFqF-sJxkcRGSc4MaGZkuI,70,0.003837088198213,Mediamatic,525,$$,Kunstorganisatie,"[""Kunstorganisatie"",""Kunstcentrum"",""Evenementenlocatie""]",event venues in nieuwmarkt,52.3765545,4.9131579,Cultural & Historic
2238,ChIJaW_ieWcJxkcRgMgw4nR7Nz4,70,0.003837088198213,JOE & THE JUICE,185,$$$$$$$,Smoothiewinkel,"[""Smoothiewinkel"",""Koffiehuis"",""Koffiebar"",""Snackbar"",""Glutenvrij restaurant"",""Health Food-restaurant"",""Afhaalrestaurant"",""Broodjeswinkel"",""Veganistisch restaurant""]",cafes in haarlemmerbuurt,52.3801873,4.887535199999999,Shopping
2239,ChIJZQPX8WUJxkcRpOihjs8S0xs,70,0.003837088198213,H.Murray's Amsterdam,301,$$$$$$$,Ierse pub,"[""Ierse pub""]",bars in wallengebied,52.3762115,4.8997208,Dining & Cafes
2240,ChIJ_7b0xgDixUcRe64RvLM8J8U,70,0.003837088198213,Cavataria tapas restaurant Amsterdam,257,$$,Restaurant,"[""Restaurant"",""Cocktailbar"",""Wijnbar""]",bars in vondelpark,52.351185,4.863335,Dining & Cafes
2241,ChIJyWqVxjUJxkcR0tt6NathSf8,70,0.003837088198213,Tapmarin Leidse,93,$$$$$$$,Bar,"[""Bar""]",bars in leidseplein,52.364779,4.883215,Dining & Cafes
2242,ChIJHzdSx-oJxkcR0Uo6R_FNis8,69,0.0037822726525242,Banks Mansion,611,,Hotel,"[""Hotel""]",hotels in de pijp,52.3653868,4.8931979,Hotel
2245,ChIJtXrz1e4JxkcRDuw0Ro-CEY0,69,0.0037822726525242,Srikandi,359,$$$$$$$,Restaurant,"[""Restaurant"",""Indonesisch restaurant""]",restaurants in leidseplein,52.3615505,4.8836319,Dining & Cafes
2247,ChIJXaW3dOQIxkcRmZ3Ehrf99KU,69,0.0037822726525242,Puspita,349,$$$$$$$,Indonesisch restaurant,"[""Indonesisch restaurant""]",restaurants in buikslotermeerplein,52.3915626,4.9438093,Dining & Cafes
2248,ChIJRdXgpd4JxkcR_0joPy89tPY,69,0.0037822726525242,Akitsu,369,$$,Japans restaurant,"[""Japans restaurant"",""Restaurant""]",restaurants in de jordaan,52.372252,4.875266,Dining & Cafes
2250,ChIJOwM9wV8JxkcRxiqQ-uBJR_E,69,0.0037822726525242,coffeecompany,127,$$$$$$,Koffiebar,"[""Koffiebar""]",cafes in buikslotermeerplein,52.4015487,4.9331027,Dining & Cafes
2251,ChIJBaALNscJxkcRO9kjKiN0zhc,69,0.0037822726525242,Dam Square Souvenirs,1347,,Souvenirwinkel,"[""Souvenirwinkel"",""Winkel""]",stores in de wallen,52.372373,4.8937156,Shopping
2253,ChIJnUBj4YwJxkcRUVDt3LUQ0mk,69,0.0037822726525242,Wijnbar Paulus Amsterdam,366,$$$$$$$,Wijnbar,"[""Wijnbar"",""Bar""]",bars in de pijp,52.3530517,4.8943032,Dining & Cafes
2254,ChIJ6bhECJQJxkcRRJDsmfLQxms,69,0.0037822726525242,de koffiesalon centrum,481,$$$$$$,Koffiebar,"[""Koffiebar"",""Koffiehuis""]",cafes in vondelpark,52.361291,4.8991551,Dining & Cafes
2255,ChIJf9Ec4VEIxkcRLk2Pza4s9rk,69,0.0037822726525242,Hunter's Coffeeshop Amsterdam Noord,360,,Cannabiswinkel,"[""Cannabiswinkel"",""Koffiebar"",""Wietshop""]",coffeeshops in negen straatjes,52.3937387,4.9128864,Cannabisshop
2256,ChIJlywwW5UJxkcR5gjz_bO5BKU,69,0.0037822726525242,Hotel Atlanta,528,,Hotel,"[""Hotel""]",hotels in de wallen,52.365966,4.8955022,Hotel
2257,ChIJiUVfWL8JxkcRiRV6tbk0IAY,69,0.0037822726525242,Bridges,571,$$$$$$,Restaurant,"[""Restaurant""]",restaurants in de wallen,52.370803,4.895181,Dining & Cafes
2258,ChIJ75cXR74JxkcR3du_gDGGcX8,69,0.0037822726525242,Spinoza Monument,331,,Historisch herkenningspunt,"[""Historisch herkenningspunt""]",monuments in negen straatjes,52.3679571,4.8992162,Cultural & Historic
2259,ChIJTR9N8_AIxkcRezcdUsdF0Jk,68,0.0037274571068354,Musashi Sushi,290,$$$$$$$,Sushirestaurant,"[""Sushirestaurant""]",bars in buikslotermeerplein,52.39839,4.9362335,Dining & Cafes
2260,ChIJP7c1n2zixUcRyU8nIxBcaNg,68,0.0037274571068354,Hunter's Coffeeshop,403,,Cannabiswinkel,"[""Cannabiswinkel""]",coffeeshops in negen straatjes,52.3699953,4.849033599999999,Cannabisshop
2261,ChIJMZCKzzEJxkcRP-NxsUa3t6M,68,0.0037274571068354,Lebkov & Sons Roeterseiland,170,$$$$$$,Koffiehuis,"[""Koffiehuis"",""Koffiebar"",""Espressobar"",""Lunchrestaurant"",""Restaurant"",""Vegetarisch restaurant""]",cafes in bijlmer arena,52.3628094,4.911066,Dining & Cafes
2262,ChIJi2UX-gTixUcRORArHYRj5UA,68,0.0037274571068354,OCCII,394,,Cultureel centrum,"[""Cultureel centrum"",""Locatie voor live muziek""]",event venues in museumkwartier,52.3542694,4.8552694,Cultural & Historic
2263,ChIJsTBWGsMJxkcRwbGAcMLXXZs,68,0.0037274571068354,Episode,648,,Winkel voor tweedehands kleding,"[""Winkel voor tweedehands kleding""]",stores in negen straatjes,52.3702975,4.884331599999999,Shopping
2265,ChIJkxa4KMkJxkcRWbdyYRQuaEY,68,0.0037274571068354,"Cafe ""De Blauwe Druif""",462,$$,Koffiehuis,"[""Koffiehuis"",""Bar"",""Lunchrestaurant"",""Cafe""]",bars in haarlemmerbuurt,52.3804143,4.8910585,Dining & Cafes
2266,ChIJQwdZaLgJxkcRFoQvGXL9Fco,68,0.0037274571068354,Cafe De Deugniet,388,,Koffiehuis,"[""Koffiehuis"",""Cafe""]",bars in wallengebied,52.3753576,4.8975421,Dining & Cafes
2267,ChIJS5IrC7gJxkcRE_ZeJo3MgyY,68,0.0037274571068354,Hotel van Gelder B.V.,404,,Hotel,"[""Hotel""]",hotels in de wallen,52.3760538,4.89634,Hotel
2268,ChIJc3C9G-UJxkcRbIMMVgNyojU,68,0.0037274571068354,Restaurant Mont Blanc,190,$$$$$$,Frans restaurant,"[""Frans restaurant"",""Haute-cuisinerestaurant"",""Restaurant""]",restaurants in de pijp,52.35638,4.898778399999999,Dining & Cafes
2269,ChIJa0Q4970JxkcRqVZzhXacdzw,68,0.0037274571068354,Green House Namaste,596,,Cannabiswinkel,"[""Cannabiswinkel""]",coffeeshops in dapperbuurt,52.366644,4.9022332,Cannabisshop
2270,ChIJI_Bmi3YJxkcRpA3EOvGkW6I,68,0.0037274571068354,New Draver Restaurant,381,$$$$$$$,Restaurant,"[""Restaurant"",""Afhaalrestaurant"",""Soul Food-restaurant (Afrikaans-Amerikaans)""]",bars in oosterparkbuurt,52.3557717,4.912370699999999,Dining & Cafes
2271,ChIJa5-fawAJxkcR57QeucFpTo0,68,0.0037274571068354,"Blin Queen. Specialty pancakes, coffee & wine",92,$$$$$$$,Restaurant,"[""Restaurant""]",cafes in dapperbuurt,52.3564549,4.9300441,Dining & Cafes
2272,ChIJmcaRyIoMxkcRFVAVhYwv5nk,68,0.0037274571068354,African Kitchen Restaurant,326,$$$$$$$,West-Afrikaans restaurant,"[""West-Afrikaans restaurant""]",restaurants in bijlmer arena,52.322765,4.972916,Dining & Cafes
2274,ChIJe8ArRXoJxkcRE32mU_vZ334,68,0.0037274571068354,Kiosk Rembrandt Van Gogh,164,$$$$$$,Koffiehuis,"[""Koffiehuis""]",bars in museumkwartier,52.3591101,4.8830855,Dining & Cafes
2275,ChIJpZxQ6mbjxUcRC0A72IHEqqQ,67,0.0036726415611467,Citadines Sloterdijk Station Amsterdam (Apart Hotel Amsterdam),212,,Hotel voor langdurig verblijf,"[""Hotel voor langdurig verblijf"",""Vakantieappartement""]",hotels in sloterdijk,52.38737,4.8354206,Hotel
2276,ChIJS4A7_s8JxkcRCpYVSxLVoDk,67,0.0036726415611467,Restaurant Kinnaree,410,$$$$$$$,Thais restaurant,"[""Thais restaurant"",""Aziatisch restaurant"",""Restaurant""]",restaurants in haarlemmerbuurt,52.37803,4.883282,Dining & Cafes
2277,ChIJeU_Zr9QJxkcRnKPpLj5YdsY,67,0.0036726415611467,Spring Cafe Brasserie Amsterdam,116,,Restaurant,"[""Restaurant"",""Ontbijtrestaurant"",""Lunchrestaurant"",""Cafe"",""Brasserie""]",bars in museumkwartier,52.3621937,4.9196841,Dining & Cafes
2278,ChIJAxyhhgQKxkcRdvk1nYV3grg,67,0.0036726415611467,De Blauwe Engel,472,$$$$$$$,Restaurant,"[""Restaurant"",""Koffiehuis""]",bars in zuid,52.3405913,4.8734951,Dining & Cafes
2280,ChIJbYrXFc8JxkcRrBc2JW844uw,67,0.0036726415611467,Bar Bachrach,195,,Restaurant,"[""Restaurant""]",bars in indische buurt,52.3635174,4.940404099999999,Dining & Cafes
2282,ChIJmymiwnAJxkcRge_LYdC5vQg,67,0.0036726415611467,Amigo Hotel,1225,,Hotel,"[""Hotel""]",hotels in buikslotermeerplein,52.3565968,4.9276394,Hotel
2283,ChIJK8FdgOgJxkcRbB7urdamf3U,67,0.0036726415611467,Hotel La Boheme,608,,Hotel,"[""Hotel""]",hotels in museumkwartier,52.364557,4.881071,Hotel
2284,ChIJO7eRAscJxkcRBZJU51atc70,67,0.0036726415611467,Barraka Coffeeshop,617,,Cannabiswinkel,"[""Cannabiswinkel""]",coffeeshops in de wallen,52.3742317,4.8926204,Cannabisshop
2285,ChIJiUVDzJMJxkcRSHCQzwCZhlY,67,0.0036726415611467,ClinkCoco,445,,Herberg,"[""Herberg"",""Jeugdhostel""]",hotels in bijlmer arena,52.3587468,4.898651999999999,Hotel
2286,ChIJAwYU2I8JxkcR8Ij0OiDiXgU,67,0.0036726415611467,Cafe Bloemers B.V.,532,$$$$$$$,Koffiehuis,"[""Koffiehuis""]",bars in de pijp,52.3555894,4.9031482,Dining & Cafes
2287,ChIJv4Vh2gnixUcRONBRRIkph6k,67,0.0036726415611467,Blue Lagoon,398,,Cannabiswinkel,"[""Cannabiswinkel"",""Koffiehuis""]",coffeeshops in leidseplein,52.360618,4.866269,Cannabisshop
2288,ChIJRXBg7PoJxkcRhNGIep5VIBQ,67,0.0036726415611467,Conscious Hotel Museum Square,471,,Hotel,"[""Hotel""]",hotels in bijlmer arena,52.3549079,4.8773408,Hotel
2289,ChIJmfRw7vAJxkcRFHtEDKAaP7U,67,0.0036726415611467,The Muse Amsterdam - Boutique Hotel,521,,Hotel,"[""Hotel""]",hotels in bijlmer arena,52.353142,4.880992,Hotel
2290,ChIJlTOFZsQJxkcR5ctp42h7GPU,67,0.0036726415611467,Hotel La Belle Vue,561,,Hotel,"[""Hotel""]",hotels in negen straatjes,52.3735351,4.886013,Hotel
2291,ChIJpXakOOkJxkcRWBcEFoQIx_4,67,0.0036726415611467,Cafe De Spuyt,573,$$$$$$$,Bar,"[""Bar""]",bars in leidseplein,52.3626109,4.8855162,Dining & Cafes
2292,ChIJB1PAKP_hxUcRhG82RSZzxfk,67,0.0036726415611467,The July - Twenty Eight,534,,Hotel,"[""Hotel""]",hotels in zuidas,52.3432317,4.8575499,Hotel
2293,ChIJj_0__IgJxkcRy_PlHlnl93I,67,0.0036726415611467,Cafe Kuyl,156,$$$$$$$,Bar,"[""Bar"",""Koffiehuis"",""Restaurant""]",bars in rembrandtplein,52.3656295,4.8966598,Dining & Cafes
2295,ChIJcU1qjeYJxkcRL6UBGcSg7sk,67,0.0036726415611467,De Ebeling,1230,$$$$$$$,Bar,"[""Bar"",""Restaurant""]",bars in de jordaan,52.3632884,4.8765635,Dining & Cafes
2296,ChIJCfzlt34JxkcRNuJ7TTnDJu4,67,0.0036726415611467,India Roti Room,124,$$$$$$$,Restaurant,"[""Restaurant""]",restaurants in oosterparkbuurt,52.3561893,4.9095802,Dining & Cafes
2298,ChIJTy7AwMQJxkcRbqWvistYlkw,66,0.0036178260154579,Mendoza Restaurant,520,$$$$$$$,Steakhouse,"[""Steakhouse"",""Argentijns restaurant""]",restaurants in negen straatjes,52.3738661,4.8838628,Dining & Cafes
2300,ChIJYVeJQcYJxkcROcbyKp8xGrk,66,0.0036178260154579,Singel 101,263,,Restaurant,"[""Restaurant""]",restaurants in haarlemmerbuurt,52.375853,4.89131,Dining & Cafes
2301,ChIJ-aNIP3QJxkcRSXD30QlRA2A,66,0.0036178260154579,SPARGO,540,$$$$$$$,Bar,"[""Bar"",""Restaurant""]",bars in nieuwmarkt,52.3727268,4.9010731,Dining & Cafes
2302,ChIJXZgJv74JxkcR6H9eXSzYbhM,66,0.0036178260154579,Cafe Stopera,415,$$$$$$$,Bar,"[""Bar""]",bars in nieuwmarkt,52.3706327,4.9003548,Dining & Cafes
2303,ChIJ3VM8yNoJxkcRnTs8mijCsa4,66,0.0036178260154579,OSAKAsan,470,$$$$$$$,Okonomiyaki-restaurant,"[""Okonomiyaki-restaurant"",""Aziatisch restaurant""]",restaurants in sloterdijk,52.376478,4.8822135,Dining & Cafes
2304,ChIJ9XkQs4oJxkcRgatPlkumv54,66,0.0036178260154579,coffeecompany,380,$$$$$$,Koffiebar,"[""Koffiebar"",""Koffiehuis""]",cafes in zuidas,52.3465184,4.8912844,Dining & Cafes
2305,ChIJQyTm9MAJxkcRmaDT1QWVox8,66,0.0036178260154579,TOBACCO Theater,543,,Evenementenlocatie,"[""Evenementenlocatie"",""Theater""]",event venues in negen straatjes,52.3696519,4.8933674,Event venue
2306,ChIJL2k0d-oJxkcRojIpCkm3m_0,66,0.0036178260154579,Easy Times Reguliersdwarsstraat,517,,Cannabiswinkel,"[""Cannabiswinkel""]",coffeeshops in leidseplein,52.3665552,4.8902393,Cannabisshop
2307,ChIJLxiCXvAIxkcRu_hgiRmZJ2I,66,0.0036178260154579,Intertoys,262,,Speelgoedwinkel,"[""Speelgoedwinkel"",""Cadeauwinkel"",""Videogamewinkel""]",stores in buikslotermeerplein,52.39838,4.937066,Shopping
2308,ChIJ03CpRCYJxkcR9Z9yNtcpRdY,66,0.0036178260154579,QV Winebar,177,,Restaurant,"[""Restaurant"",""Bar"",""Koffiehuis"",""Eetcafe"",""Evenementenlocatie"",""Lunchrestaurant"",""Wijnbar""]",bars in zuid,52.3482734,4.876805399999999,Dining & Cafes
2309,ChIJAR3XDJ8JxkcRZJaSDq39Vlg,66,0.0036178260154579,Stone's Cafe,162,$$$$$$$,Koffiehuis,"[""Koffiehuis"",""Bar"",""Cafetaria""]",cafes in de wallen,52.3746012,4.897198,Dining & Cafes
2310,ChIJg0WuU1rixUcRAS0je-evfhA,66,0.0036178260154579,Golden House,323,$$$$$$$,Chinees restaurant,"[""Chinees restaurant"",""Restaurant""]",restaurants in sloterdijk,52.3829587,4.8340603,Dining & Cafes
2311,ChIJqZkjf6IJxkcR-YyUBbQQm2s,66,0.0036178260154579,Zirve,262,$$$$$$$,Turks restaurant,"[""Turks restaurant""]",restaurants in buikslotermeerplein,52.3661682,4.9120028,Dining & Cafes
2312,ChIJZ3vrW68JxkcRtTx6GZmMphw,66,0.0036178260154579,Rooms25,306,,Hotel,"[""Hotel"",""Restaurant""]",hotels in bijlmer arena,52.3746573,4.9141815,Hotel
2313,ChIJmZoY_rcLxkcRcquuemslGAc,66,0.0036178260154579,De Nada - Music & Wine Bar,164,$$$$$$$,Wijnbar,"[""Wijnbar""]",bars in zuid,52.3427219,4.9068763,Dining & Cafes
2314,ChIJV1RQ2ccJxkcR3y2BNTX1DS8,66,0.0036178260154579,Van Speyk,614,$$$,Brasserie,"[""Brasserie"",""Bistro"",""Eetcafe"",""Restaurant""]",restaurants in museumkwartier,52.3771887,4.894775699999999,Dining & Cafes
2315,ChIJZ4s_ZtsJxkcRa8_8zcNMux0,66,0.0036178260154579,Eethuis De Jordaan,412,$$$$$$$,Restaurant,"[""Restaurant""]",bars in de jordaan,52.3731968,4.8804487,Dining & Cafes
2316,ChIJn9SwUPAJxkcR99ImjZI_h0Y,66,0.0036178260154579,soupenzo - van baerle,361,$$$$$$$,Health Food-restaurant,"[""Health Food-restaurant"",""Afhaalrestaurant"",""Biologische kruidenier"",""Saladewinkel"",""Soeprestaurant"",""Veganistisch restaurant""]",restaurants in museumkwartier,52.3542595,4.881628699999999,Dining & Cafes
2317,ChIJlY2CF-kJxkcR__EEQ_MC5Q4,66,0.0036178260154579,Pideci Yusuf - Pide & More,117,$$$$$$$,Turks restaurant,"[""Turks restaurant""]",restaurants in osdorpplein,52.3598302,4.7834424,Dining & Cafes
2319,ChIJPfHIXWjixUcR8z0KMoMnHHA,65,0.0035630104697692,Kadayifzade Amsterdam,529,$$$$$$$,Turks restaurant,"[""Turks restaurant"",""Koffiehuis"",""Restaurant""]",restaurants in sloterdijk,52.3776986,4.8466991,Dining & Cafes
2320,ChIJ19gC_r8JxkcRzRraIVU4da4,65,0.0035630104697692,Coffeeshop The Saint,343,$$,Koffiebar,"[""Koffiebar""]",coffeeshops in de jordaan,52.3669101,4.8949496,Dining & Cafes
2321,ChIJzfy_7V0LxkcR_OA8F3r9-as,65,0.0035630104697692,Parade Amsterdam,140,,Evenementenlocatie,"[""Evenementenlocatie""]",event venues in buikslotermeerplein,52.340538,4.910015899999999,Event venue
2322,ChIJBSuyL-YJxkcRM50MM6U-jNw,65,0.0035630104697692,Quentin Hotel Amsterdam,999,,Hotel,"[""Hotel""]",hotels in museumkwartier,52.3642875,4.8798207,Hotel
2323,ChIJnyN8HHMJxkcRPtT5kGIPI0I,65,0.0035630104697692,Motion Coffee,251,$$$$$$,Espressobar,"[""Espressobar""]",cafes in dapperbuurt,52.3633939,4.930052,Dining & Cafes
2324,ChIJFUtcvLkJxkcRCPo9_faUDOQ,65,0.0035630104697692,Rokin Amsterdam,84,,Toeristische attractie,"[""Toeristische attractie""]",tourist attractions in negen straatjes,52.3701509,4.8921661,Cultural & Historic
2325,ChIJB8_D_s8JxkcRC7Gu4ErhbDU,65,0.0035630104697692,Restaurant Jottum,440,$$,Restaurant,"[""Restaurant"",""Tapas restaurant""]",restaurants in haarlemmerbuurt,52.3780556,4.8836111,Dining & Cafes
2326,ChIJAygOW5UJxkcRx-AOXShSeEk,65,0.0035630104697692,Cafe Bolle Jan,450,$$$$$$$,Koffiehuis,"[""Koffiehuis""]",cafes in rembrandtplein,52.3660127,4.8952097,Dining & Cafes
2327,ChIJORZsKsMJxkcRRNvr3RP7OFA,65,0.0035630104697692,Coffeeshop Johnny,467,,Cannabiswinkel,"[""Cannabiswinkel""]",coffeeshops in negen straatjes,52.3699377,4.882089199999999,Cannabisshop
2329,ChIJ_xFqTMcJxkcR2NtiQZeS1HU,65,0.0035630104697692,La Stego,519,$$$$$$$,Restaurant,"[""Restaurant"",""Steakhouse""]",restaurants in de wallen,52.372217,4.8944343,Dining & Cafes
2330,ChIJpc3UMrwJxkcRG9F9Muue3xo,65,0.0035630104697692,JOE & THE JUICE,256,$$$$$$,Smoothiewinkel,"[""Smoothiewinkel"",""Koffiehuis"",""Koffiebar"",""Snackbar"",""Glutenvrij restaurant"",""Health Food-restaurant"",""Afhaalrestaurant"",""Broodjeswinkel"",""Veganistisch restaurant""]",cafes in de pijp,52.3529701,4.891257599999999,Shopping
2331,ChIJ5Zwb0oAJxkcR7aJ7atg_H5o,65,0.0035630104697692,Coffeeshop Happy Days,392,,Cannabiswinkel,"[""Cannabiswinkel""]",coffeeshops in bijlmer arena,52.3465866,4.9112654,Cannabisshop
2333,ChIJoU8GIuULxkcRbpnWYTiaY84,65,0.0035630104697692,Bar Valdi Amsterdam Zuid,156,$$$$$$$,Bar,"[""Bar"",""Koffiehuis"",""Cocktailbar"",""Wijnbar""]",bars in zuid,52.3353456,4.8837872,Dining & Cafes
2334,ChIJA0yns83ixUcRB15fFrCeS3E,65,0.0035630104697692,Bastion Hotel Zaandam,764,,Hotel,"[""Hotel"",""Hotel voor langdurig verblijf""]",hotels in sloterdijk,52.4291617,4.842194999999999,Hotel
2335,ChIJh17OhQPixUcRi4AuxF2st0g,64,0.0035081949240804,Anne&Max Amsterdam Zuid,782,$$$$$$$,Koffiebar,"[""Koffiebar"",""Ontbijtrestaurant"",""Brunchrestaurant"",""Koffiewinkel"",""Evenementenlocatie"",""Lunchrestaurant"",""Maaltijdbezorging"",""Biologisch restaurant"",""Restaurant""]",cafes in vondelpark,52.3518944,4.856112,Dining & Cafes
2336,ChIJM6zmBOkJxkcRKuKOwYPjYZQ,64,0.0035081949240804,Cooldown Cafe,568,$$,Discotheek,"[""Discotheek""]",night clubs in amsterdam,52.3638328,4.8846946,Entertainment & Nightlife
2337,ChIJd6BLprkJxkcRrWvOWvbkq-s,64,0.0035081949240804,Cafe Corso,526,$$$$$$$,Bar,"[""Bar""]",bars in wallengebied,52.3745771,4.9000438,Dining & Cafes
2338,ChIJD3dLJVMLxkcR-1v26VshJ5E,64,0.0035081949240804,Queen D,133,$$$$$$$,Restaurant,"[""Restaurant""]",restaurants in bijlmer arena,52.3147213,4.954628,Dining & Cafes
2339,ChIJdeLL6-8IxkcRNxSPk0ykM-c,64,0.0035081949240804,Roezemoes,259,$$$$$$$,Gastropub,"[""Gastropub"",""Nederlands restaurant""]",bars in buikslotermeerplein,52.397918,4.941312,Dining & Cafes
2340,ChIJTaCbheQIxkcRTSsq8mxFbME,64,0.0035081949240804,Tai Yu,279,$$,Aziatisch fusion-restaurant,"[""Aziatisch fusion-restaurant"",""Chinees restaurant"",""Japans restaurant"",""Sushirestaurant""]",restaurants in buikslotermeerplein,52.3920292,4.941661,Dining & Cafes
2341,ChIJMXCzvz3jxUcRLhscPly07Lw,64,0.0035081949240804,GIA Restaurant,175,,Restaurant,"[""Restaurant""]",bars in osdorpplein,52.3578228,4.804589,Dining & Cafes
2342,ChIJl2fWy0IJxkcRwCkfAZSm_sg,64,0.0035081949240804,Vice Versa,237,$$$$$$$,Bar,"[""Bar""]",bars in de pijp,52.3521492,4.8877473,Dining & Cafes
2343,ChIJQVVIkL4JxkcRL3z6Y0LCF9s,64,0.0035081949240804,Henxs - Montana Shop Amsterdam,337,,Winkel voor kunstenaarsbenodigdheden,"[""Winkel voor kunstenaarsbenodigdheden""]",stores in de nieuwmarkt,52.3698553,4.9006319,Shopping
2344,ChIJtwUpPeUJxkcR7JFvxemRm_4,64,0.0035081949240804,Hotel The Neighbour's Magnolia,391,,Hotel,"[""Hotel""]",hotels in museumkwartier,52.3554459,4.8691676,Hotel
2345,ChIJg05uurUJxkcR1s-TVbKwjA8,64,0.0035081949240804,Stick-up Indofood,193,$$$$$$$,Restaurant,"[""Restaurant"",""Catering"",""Maaltijdbezorging"",""Afhaalrestaurant""]",restaurants in buikslotermeerplein,52.3827992,4.9042204,Dining & Cafes
2346,ChIJ_SE6CGXixUcRA7jhvvAaGds,64,0.0035081949240804,Indonesisch Restaurant Betawi,482,$$$$$$$,Indonesisch restaurant,"[""Indonesisch restaurant"",""Restaurant""]",restaurants in sloterdijk,52.3809664,4.8537883,Dining & Cafes
2347,ChIJcUanY84JxkcRANelYPRjAIw,64,0.0035081949240804,Vesper Bar,482,$$$$$$$,Cocktailbar,"[""Cocktailbar""]",bars in wallengebied,52.3821642,4.8869223,Dining & Cafes
2348,ChIJMzqLEIsJxkcRS4pQQMkgQak,64,0.0035081949240804,Teppanyaki Restaurant Sazanka,393,$$$$$$,Teppanyaki-restaurant,"[""Teppanyaki-restaurant"",""Japans restaurant""]",restaurants in de pijp,52.3487635,4.8938828,Dining & Cafes
2350,ChIJ--17ntTjxUcR7UDCPpIqMWE,64,0.0035081949240804,Enfes Restaurant,393,$$$$$$$,Anhuirestaurant,"[""Anhuirestaurant""]",bars in osdorpplein,52.353959,4.810651,Dining & Cafes
2351,ChIJXTD5o9wJxkcRZoQ54XbIhSg,64,0.0035081949240804,Cafe de Laurierboom,355,$$$$$$,Koffiehuis,"[""Koffiehuis""]",bars in de jordaan,52.3723,4.88095,Dining & Cafes
2352,ChIJhaw1Vv3jxUcRH5zdXh_CaJ4,64,0.0035081949240804,Cafe de Jeugd,245,$$,Bar,"[""Bar"",""Brouwerij"",""Koffiehuis"",""Cafe""]",bars in museumkwartier,52.3614031,4.924726499999999,Dining & Cafes
2354,ChIJ__-EFcgJxkcRy8PAX6szShc,64,0.0035081949240804,Ciao Papa Hotel Amsterdam Central Station,265,,Hotel,"[""Hotel""]",hotels in haarlemmerbuurt,52.3786423,4.8952413,Hotel
2356,ChIJoYPO9ATixUcRALhBaQ0l5js,63,0.0034533793783917,Dragon I,367,$$,Aziatisch fusion-restaurant,"[""Aziatisch fusion-restaurant""]",restaurants in zuidas,52.3536903,4.855661899999999,Dining & Cafes
2357,ChIJj4-70uUJxkcRxaypMv4QYyM,63,0.0034533793783917,Quentin England Hotel,581,,Hotel,"[""Hotel""]",hotels in bijlmer arena,52.3615121,4.8770373,Hotel
2358,ChIJByFbDsAJxkcRN01cFVhNlAY,63,0.0034533793783917,Restaurant Flore,173,$$$$$$,Haute-cuisinerestaurant,"[""Haute-cuisinerestaurant""]",restaurants in de wallen,52.3675491,4.8940847,Dining & Cafes
2360,ChIJ9-UgNeQJxkcRgmxavO-97W8,63,0.0034533793783917,De Vondelbunker,323,,Cultureel centrum,"[""Cultureel centrum"",""Toeristische attractie""]",tourist attractions in bijlmer arena,52.3607919,4.876926699999999,Cultural & Historic
2361,ChIJT2ueqoEJxkcRm-cjH2oTNeI,63,0.0034533793783917,coffeecompany,505,$$$$$$,Koffiebar,"[""Koffiebar""]",cafes in oosterparkbuurt,52.3473025,4.914356499999999,Dining & Cafes
2362,ChIJ-35RhM8JxkcRNK056NuK8Vo,63,0.0034533793783917,"Cafe ""Het Bruine Paard""",270,$$$$$$$,Bar,"[""Bar""]",bars in haarlemmerbuurt,52.378234,4.885923099999999,Dining & Cafes
2363,ChIJR3N3G8EJxkcRPYvtQR6PvcY,63,0.0034533793783917,LUSH Cosmetics Amsterdam Leidsestraat,424,,Cosmeticawinkel,"[""Cosmeticawinkel"",""Impresario"",""Cadeauwinkel"",""Feestwinkel"",""Parfumerie""]",stores in de leidseplein,52.3665564,4.8874504,Shopping
2364,ChIJoWrvLckJxkcRT5rF8wTd3iU,63,0.0034533793783917,Vlaamsch Broodhuys Haarlemmerstraat Amsterdam,328,$$$$$$$,Bakkerij,"[""Bakkerij"",""Ontbijtrestaurant"",""Brunchrestaurant"",""Koffiebar"",""Lunchrestaurant"",""Restaurant"",""Broodjeswinkel""]",bars in haarlemmerbuurt,52.3807793,4.8907014,Dining & Cafes
2365,ChIJW3jIr8gJxkcRpltR-iPYCqs,63,0.0034533793783917,Residence Inn By Marriott Amsterdam Houthavens,152,,Hotel,"[""Hotel"",""Hotel voor langdurig verblijf""]",hotels in sloterdijk,52.4014782,4.874651699999999,Hotel
2366,ChIJvUC1uVEJxkcRkDHlOtlVKqU,63,0.0034533793783917,De Waterkant,219,$$$$$$$,Restaurant,"[""Restaurant""]",restaurants in buikslotermeerplein,52.3666103,4.9189427,Dining & Cafes
2367,ChIJCX86DZ0JxkcRKZPIU8KTCyI,63,0.0034533793783917,Thaicoon Amsterdam,510,$$$$$$$,Thais restaurant,"[""Thais restaurant""]",bars in oosterparkbuurt,52.3571367,4.9176525,Dining & Cafes
2369,ChIJH6dGCG0JxkcRAWynZkNJW44,63,0.0034533793783917,Pizza'dam oost,453,$$$$$$$,Pizzeria,"[""Pizzeria""]",bars in indische buurt,52.3624311,4.935795199999999,Dining & Cafes
2370,ChIJGwknsp4LxkcRV3TGev6gDf8,63,0.0034533793783917,Bullewijck by Par Hasard,5095,$$$$$$$,Nederlands restaurant,"[""Nederlands restaurant"",""Restaurant""]",restaurants in bijlmer arena,52.3069053,4.948297999999999,Dining & Cafes
2371,ChIJNZsqsXQJxkcRZg6xmoYQCIU,63,0.0034533793783917,Boi Boi,617,$$$$$$$,Thais restaurant,"[""Thais restaurant"",""Aziatisch fusion-restaurant"",""Brunchrestaurant"",""Restaurant""]",restaurants in dapperbuurt,52.3647017,4.9257519,Dining & Cafes
2372,ChIJAy86sCAJxkcRJQxIvil5udM,63,0.0034533793783917,Cafe Hammy,135,$$$$$$$,Cafe,"[""Cafe"",""Bar"",""Koffiehuis"",""Eetcafe""]",bars in de pijp,52.3552441,4.8933753,Dining & Cafes
2373,ChIJMzqLEIsJxkcRaZsOtXi1IsA,62,0.0033985638327029,Ciel Bleu Restaurant,368,$$$$$$,Restaurant,"[""Restaurant""]",restaurants in de pijp,52.3488588,4.8940157,Dining & Cafes
2375,ChIJ_5wpOcAJxkcRlvwfJKbTPVI,62,0.0033985638327029,Hotel des Arts,426,,Hotel,"[""Hotel""]",hotels in negen straatjes,52.3679129,4.8925617,Hotel
2376,ChIJVfCNNLgJxkcRFhJF9ZjJSA0,62,0.0033985638327029,De Koopermoolen,464,,Hotel,"[""Hotel""]",hotels in de wallen,52.3761111,4.8994444,Hotel
2377,ChIJTd3pNvMJxkcR-feVi7oZS4g,62,0.0033985638327029,Kwekkeboom Banketbakkerij Zuid,289,$$$$$$,Bakkerij,"[""Bakkerij"",""Koffiebar"",""Lunchrestaurant"",""Banketbakker"",""Patisserie"",""Broodjeswinkel""]",cafes in de pijp,52.3523867,4.8914357,Dining & Cafes
2378,ChIJEx0us7sJxkcRg_OIWfvn-b0,62,0.0033985638327029,Hotel Fine Harmony,443,,Hotel,"[""Hotel""]",hotels in dapperbuurt,52.3742419,4.904696899999999,Hotel
2379,ChIJeasz7GTixUcRdu3iQ6xUxrM,62,0.0033985638327029,Samen - Lunch&Juice,340,$$$$$$$,Koffiehuis,"[""Koffiehuis"",""Ontbijtrestaurant"",""Lunchrestaurant""]",cafes in sloterdijk,52.3826,4.8553111,Dining & Cafes
2381,ChIJZZRoZd0JxkcRrlaPkwzZpAw,62,0.0033985638327029,Cafe De Jonge Wees,325,$$$$$$$,Bar,"[""Bar"",""Cafe"",""Sportcafe""]",bars in 9 straatjes,52.3679496,4.879175,Dining & Cafes
2382,ChIJD_dor5EJxkcRhuHjdL8eKlU,62,0.0033985638327029,Max Hotel Amsterdam,335,,Hotel,"[""Hotel""]",hotels in bijlmer arena,52.3579586,4.9021975,Hotel
2383,ChIJifVT8MQJxkcR7xi1wrtdSmw,62,0.0033985638327029,Morjoy to-go,135,$$$$$$,Koffiebar,"[""Koffiebar""]",cafes in indische buurt,52.3589334,4.9489674,Dining & Cafes
2384,ChIJiRJkfRIJxkcRhOnl7klKHVE,62,0.0033985638327029,GoldFish Sushi & Poke,138,$$$$$$$,Sushi takeaway,"[""Sushi takeaway"",""Aziatisch restaurant"",""Poke bar""]",restaurants in dapperbuurt,52.3547315,4.9221639,Dining & Cafes
2386,ChIJK7gmkE0IxkcRShSS9xMhbaQ,62,0.0033985638327029,Eetcafe Number One,277,$$$$$$$,Restaurant,"[""Restaurant"",""Grillrestaurant"",""Bar"",""Bar & Grill"",""Steak- en karbonaderestaurant"",""Pizzeria""]",restaurants in buikslotermeerplein,52.3909722,4.9106647,Dining & Cafes
2387,ChIJP7obpLLjxUcR1js7gwPeT6w,62,0.0033985638327029,Sanks Sushi,282,$$$$$$$,Sushirestaurant,"[""Sushirestaurant"",""Halal-restaurant""]",bars in osdorpplein,52.3519607,4.8004513,Dining & Cafes
2388,ChIJv6qrjuMIxkcR6jHr3bSwoT0,62,0.0033985638327029,Italiaanse Delicatessen Nuraghe,297,$$$$$$$,Pizzeria,"[""Pizzeria"",""Afhaalpizza""]",restaurants in buikslotermeerplein,52.3910078,4.9432909,Dining & Cafes
2389,ChIJr85nldsLxkcRlm4EhxGSYgo,62,0.0033985638327029,Oliver Green,136,$$$$$$$,Lunchrestaurant,"[""Lunchrestaurant"",""Ontbijtrestaurant"",""Koffiebar"",""Saladewinkel""]",cafes in zuidas,52.3462525,4.8675763,Dining & Cafes
2390,ChIJqVdCcaMJxkcRPMUJwfpw2UA,61,0.0033437482870141,Cafe Scharrebier,301,$$$$$$,Koffiehuis,"[""Koffiehuis"",""Bar & Grill""]",bars in oosterparkbuurt,52.3704529,4.9111601,Dining & Cafes
2391,ChIJo5oykc4JxkcR0DBHdk-pzzI,61,0.0033437482870141,Balraj Indian Restaurant,473,$$$$$$$,Indiaas restaurant,"[""Indiaas restaurant"",""Afhaalrestaurant""]",restaurants in haarlemmerbuurt,52.3820178,4.8885313,Dining & Cafes
2392,ChIJL5649pEJxkcRYzit1QFOXd8,61,0.0033437482870141,Dierenhandel Exotica,423,,Dierenwinkel,"[""Dierenwinkel"",""Winkel"",""Winkel voor tropische vissen""]",stores in de pijp,52.3567294,4.8994924,Shopping
2393,ChIJT1BxAsgJxkcRxIHqVKGF2qo,61,0.0033437482870141,CAFFE VERGNANO 1882,397,$$$$$$$,Koffiehuis,"[""Koffiehuis""]",cafes in haarlemmerbuurt,52.3777287,4.896465399999999,Dining & Cafes
2394,ChIJF9PjfGPixUcR_XpgS7eOW6M,61,0.0033437482870141,Eatopia,271,$$$$$$,Snackbar,"[""Snackbar""]",restaurants in sloterdijk,52.384504,4.855212,Dining & Cafes
2395,ChIJfwcWGsMJxkcRtc8JaoG8I9E,61,0.0033437482870141,coffeecompany,377,$$$$$$,Koffiebar,"[""Koffiebar""]",cafes in negen straatjes,52.3704667,4.884013,Dining & Cafes
2396,ChIJUVb-3dwJxkcRRC5R3bS_--Q,61,0.0033437482870141,Cafe Saarein,334,$$$$$$,Bar,"[""Bar""]",bars in 9 straatjes,52.3702805,4.880236099999999,Dining & Cafes
2397,ChIJy3UrcJUJxkcRcuswD2p-EVw,61,0.0033437482870141,De Maria Argentinian Grill,413,,Argentijns restaurant,"[""Argentijns restaurant""]",bars in rembrandtplein,52.3657503,4.8969307,Dining & Cafes
2398,ChIJDfbPR5YJxkcRw9ZHl1mCA_c,61,0.0033437482870141,Wakuli specialty coffee bar,121,$$$$$$,Espressobar,"[""Espressobar"",""Ontbijtrestaurant"",""Koffiehuis"",""Koffiebranders"",""Koffiestand"",""Koffiewinkel""]",bars in de dapperbuurt,52.3559863,4.9280086,Dining & Cafes
2399,ChIJsfEI1OAJxkcR8Fhq62_t6Cc,61,0.0033437482870141,Fitz's Bar Amsterdam,86,,Cocktailbar,"[""Cocktailbar""]",bars in museumkwartier,52.3621937,4.9196841,Dining & Cafes
2400,ChIJa4gOLBjjxUcRJQvzc9IUANA,61,0.0033437482870141,Hadiethshop Amsterdam,202,,Winkel,"[""Winkel""]",stores in osdorpplein,52.3581408,4.8059241,Shopping
2402,ChIJgSslIWEJxkcRvxFc5TBDsjs,61,0.0033437482870141,Sababa Amsterdam Oost,120,$$$$$$$,Restaurant,"[""Restaurant"",""Falafelrestaurant"",""Maaltijdbezorging"",""Afhaalrestaurant"",""Midden-Oosters restaurant"",""Veganistisch restaurant"",""Vegetarisch restaurant""]",restaurants in buikslotermeerplein,52.3545597,4.9197809,Dining & Cafes
2403,ChIJrWNDnejjxUcRDv2gHzuUOC0,61,0.0033437482870141,Kofte Kitchen,232,$$$$$$$,Restaurant,"[""Restaurant""]",restaurants in osdorpplein,52.3597449,4.7828115,Dining & Cafes
2405,ChIJnVNVDpMJxkcRDjKQprON-hk,61,0.0033437482870141,Amsterdam Canal Hotel,491,,Hotel,"[""Hotel""]",hotels in bijlmer arena,52.3595243,4.8959645,Hotel
2406,ChIJc1aY6e8IxkcRkW2NOPltTC8,61,0.0033437482870141,Grand cafe 't plein,248,$$$$$$$,Restaurant,"[""Restaurant""]",bars in buikslotermeerplein,52.3979775,4.9411473,Dining & Cafes
2407,ChIJSYS0ad0JxkcRgwH1hHDHhBk,61,0.0033437482870141,Hotel de Looier,527,,Hotel,"[""Hotel""]",hotels in negen straatjes,52.3683333,4.8797126,Hotel
2408,ChIJcVgN028JxkcR1EG8dFvDmkE,61,0.0033437482870141,Bagels & Beans,328,$$$$$$$,Bagelwinkel,"[""Bagelwinkel"",""Ontbijtrestaurant"",""Brunchrestaurant"",""Koffiebar"",""Koffiewinkel"",""Smoothiewinkel"",""Veganistisch restaurant"",""Vegetarisch restaurant""]",cafes in dapperbuurt,52.3558467,4.9290236,Shopping
2410,ChIJgcmYt-YJxkcRKA7yjOiiOdI,61,0.0033437482870141,de koffiesalon west,337,$$$$$$,Koffiebar,"[""Koffiebar""]",cafes in leidseplein,52.3632554,4.8746125,Dining & Cafes
2412,ChIJA7J_LC0JxkcRnrmEsNHCnKY,60,0.0032889327413254,Granelli Pizza & Pasta Bar,132,$$$$$$$,Pizzeria,"[""Pizzeria"",""Italiaans restaurant""]",restaurants in buikslotermeerplein,52.402057,4.9322978,Dining & Cafes
2413,ChIJQQWhRmzjxUcRUeH9Ylzh2ko,60,0.0032889327413254,Playa Sende,108,$$$$$$$,Visrestaurant,"[""Visrestaurant""]",restaurants in osdorpplein,52.3621115,4.7992082,Dining & Cafes
2414,ChIJ1xC5gtfjxUcRZ_IXaykQ6L4,60,0.0032889327413254,Chhiwat Bladi Lunch & Grill,313,$$$$$$$,Marokkaans restaurant,"[""Marokkaans restaurant""]",bars in osdorpplein,52.3517719,4.7998118,Dining & Cafes
2415,ChIJta6NM9MLxkcRi6EBaZBXG1s,60,0.0032889327413254,"Paardenburg | Brasserie, private dining & events",807,$$$,Restaurant,"[""Restaurant"",""Evenementenlocatie"",""Partycentrum"",""Multifunctionele ruimte"",""Service voor uitvaartceremonies"",""Planning van vergaderingen"",""Trouwlocatie""]",event venues in de pijp,52.2976019,4.8995001,Dining & Cafes
2416,ChIJJ2MboscJxkcRxAzwq1bgka4,60,0.0032889327413254,HEMA Amsterdam-Nieuwendijk,2785,,Warenhuis,"[""Warenhuis"",""Babywinkel"",""Beddenwinkel"",""Taartenwinkel"",""Kinderkleding"",""Kledingwinkel"",""Restaurant"",""Speelgoedwinkel"",""Winkel voor raambekleding"",""Damesmode""]",stores in de nieuwmarkt,52.3750356,4.8942681,Shopping
2417,ChIJOUaaWtPjxUcRd96XQLBVlYY,60,0.0032889327413254,Snack 88,219,$$$$$$,Restaurant,"[""Restaurant""]",restaurants in osdorpplein,52.3546236,4.8117842,Dining & Cafes
2418,ChIJfS3dEe0JxkcRJdk1FRs-1WA,60,0.0032889327413254,Blossoms City Hotel,431,,Hotel,"[""Hotel""]",hotels in bijlmer arena,52.3579502,4.8905527,Hotel
2420,ChIJYz-C71QJxkcRbwsXpyePc3M,60,0.0032889327413254,The Rubber Duck Store Amsterdam,163,,Cadeauwinkel,"[""Cadeauwinkel""]",stores in de wallen,52.3716765,4.8961593,Shopping
2421,ChIJMU5LAZMJxkcRafD-0zFsVqk,60,0.0032889327413254,Hotel Nicolaas Witsen,400,,Hotel,"[""Hotel""]",hotels in de pijp,52.35895,4.8961112,Hotel
2422,ChIJTVaOt6oJxkcR3RKcsNas7uU,60,0.0032889327413254,Coffeeshop The Balboa Family,105,,Cannabiswinkel,"[""Cannabiswinkel""]",coffeeshops in leidseplein,52.3668319,4.8958191,Cannabisshop
2423,ChIJT3HgldHjxUcRlDQfDJYRwXU,60,0.0032889327413254,Brasserie De Serre,409,$$$$$$$,Cafetaria,"[""Cafetaria"",""Eetcafe""]",bars in osdorpplein,52.3588055,4.805164,Dining & Cafes
2424,ChIJ5RIrnejjxUcRsRvEqFmxCTI,60,0.0032889327413254,Maxi Zoo Osdorp | Amsterdam,551,,Dierenwinkel,"[""Dierenwinkel""]",stores in osdorpplein,52.3609445,4.7827955,Shopping
2425,ChIJ1-eRqu8JxkcR3ZPYYZ-GllY,60,0.0032889327413254,'T Museumpleintje,399,$$$$$$$,Restaurant,"[""Restaurant"",""Kiosk""]",restaurants in museumkwartier,52.3589824,4.8824598,Dining & Cafes
2426,ChIJQz5V1WsJxkcRuv1uv4BQLjI,60,0.0032889327413254,Badeta Koffiebranders Watergraafsmeer,122,$$$$$$,Koffiebar,"[""Koffiebar""]",coffeeshops in dapperbuurt,52.3505682,4.9385593,Dining & Cafes
2427,ChIJjWwLhMkJxkcRC5fM5n9IDAI,60,0.0032889327413254,Candy Pirates,125,$$$$$$$,Snoepwinkel,"[""Snoepwinkel""]",stores in de leidseplein,52.3653381,4.8853938,Shopping
2428,ChIJM80Szc4JxkcRMHJ06ymfJG8,60,0.0032889327413254,Posthoornkerk,258,,Monument,"[""Monument"",""Kerk"",""Multifunctionele ruimte""]",event venues in bijlmer arena,52.381197,4.8904973,Cultural & Historic
2429,ChIJjeIo6wDjxUcRwJDBSDUetAU,60,0.0032889327413254,Chandni Chowk Indian Restaurant,201,$$$$$$$,Restaurant,"[""Restaurant""]",restaurants in sloterdijk,52.3842866,4.8478549,Dining & Cafes
2430,ChIJFVZfq-kJxkcReHXGDXZJ40k,60,0.0032889327413254,Filmtheater De Uitkijk,384,,Bioscoop,"[""Bioscoop""]",movie theaters in negen straatjes,52.3647484,4.884398399999999,Activities
2431,ChIJp2EWRJALxkcRs756_B_kVgc,60,0.0032889327413254,Lebkov & Sons Bijlmer Arena,422,$$$$$$,Koffiebar,"[""Koffiebar"",""Ontbijtrestaurant"",""Brunchrestaurant"",""Espressobar"",""Lunchrestaurant"",""Saladewinkel"",""Broodjeswinkel"",""Vegetarisch restaurant""]",bars in bijlmer arena,52.3128073,4.9491459,Dining & Cafes
2432,ChIJMfFGaO8JxkcRErywQuM6vQg,60,0.0032889327413254,Chanel,464,,Kledingwinkel,"[""Kledingwinkel"",""Winkel in modeaccessoires"",""Schoenenwinkel""]",stores in de leidseplein,52.360338,4.8806545,Shopping
2433,ChIJwcvS9bkJxkcRwMdbwIMiy5k,59,0.0032341171956366,La Gouch,600,$$$$$$$,Steakhouse,"[""Steakhouse""]",restaurants in nieuwmarkt,52.3759975,4.9026674,Dining & Cafes
2434,ChIJVRCshIYJxkcRu7lAXi8YchY,59,0.0032341171956366,Eetcafe Schotsheuvel,162,,Restaurant,"[""Restaurant""]",restaurants in museumkwartier,52.3555652,4.8735426,Dining & Cafes
2435,ChIJSdosA9AJxkcRKwhusxsCTMw,59,0.0032341171956366,Cafe 't Monumentje,289,$$$$$$,Koffiehuis,"[""Koffiehuis""]",bars in de jordaan,52.3785348,4.8831014,Dining & Cafes
2436,ChIJu0jUcO8JxkcR8HjEl5H0aPw,59,0.0032341171956366,Hotel Aalders,385,,Hotel,"[""Hotel""]",hotels in museumkwartier,52.3595234,4.880952199999999,Hotel
2437,ChIJ-V9HqLsJxkcROEl_RLj_FOQ,59,0.0032341171956366,turbo,102,,Restaurant,"[""Restaurant"",""Koffiewinkel""]",restaurants in dapperbuurt,52.3606344,4.9253402,Dining & Cafes
2438,ChIJc5qyY4wJxkcRSs2WEM2p_20,59,0.0032341171956366,Eetcafe Wijmpje Beukers,378,$$,Restaurant,"[""Restaurant""]",bars in de pijp,52.3515637,4.895406899999999,Dining & Cafes
2439,ChIJafAK4_ILxkcRGIc2zwtUM_g,59,0.0032341171956366,Gold Coast Restaurant & Loungebar,145,$$$$$$$,Restaurant,"[""Restaurant""]",bars in bijlmer arena,52.3112205,4.9449841,Dining & Cafes
2440,ChIJu5pSqo0JxkcRgMvpkt9MLzo,59,0.0032341171956366,Amsterdam Hostel Sarphati,807,,Jeugdhostel,"[""Jeugdhostel"",""Herberg""]",hotels in bijlmer arena,52.3532824,4.8955404,Hotel
2441,ChIJscGzEbQJxkcRPljqGTxt7mQ,59,0.0032341171956366,SUPPER Hotel,237,,Hotel,"[""Hotel""]",hotels in negen straatjes,52.3675023,4.8889219,Hotel
2443,ChIJq3cHNaUJxkcR6_CXMDdNUOw,59,0.0032341171956366,coffeecompany,432,$$$$$$,Koffiebar,"[""Koffiebar""]",cafes in nieuwmarkt,52.3758783,4.9076772,Dining & Cafes
2444,ChIJkUSQa5QJxkcRl34RnotElKE,59,0.0032341171956366,ITC Hotel,690,,Hotel,"[""Hotel""]",hotels in dapperbuurt,52.3622499,4.8984667,Hotel
2445,ChIJt6J7NNAJxkcRdZt1gEvc5ac,59,0.0032341171956366,Cafe Lowietje,486,$$,Cafe,"[""Cafe"",""Bar""]",bars in de jordaan,52.3803738,4.8823211,Dining & Cafes
2446,ChIJFSW8s5UJxkcRYFl1hiRdZik,59,0.0032341171956366,OZO Hotels Armada Amsterdam,526,,Hotel,"[""Hotel""]",hotels in dapperbuurt,52.3641258,4.8985294,Hotel
2447,ChIJddbH8vgJxkcRcDZbUFKkbIU,59,0.0032341171956366,white label coffee zon,185,$$$$$$,Koffiebar,"[""Koffiebar""]",coffeeshops in buikslotermeerplein,52.412772,4.8907645,Dining & Cafes
2448,ChIJBf7IdsgJxkcR9tXCvsz4RrA,59,0.0032341171956366,Koepelcafe,483,$$$$$$$,Koffiehuis,"[""Koffiehuis""]",cafes in haarlemmerbuurt,52.377542,4.8945402,Dining & Cafes
2450,ChIJMzqLEIsJxkcR3Pi8MgRrNEI,58,0.0031793016499479,Serre,226,,Restaurant,"[""Restaurant""]",restaurants in de pijp,52.348644,4.893872,Dining & Cafes
2451,ChIJleHe_OgJxkcR6tjx4CuM5pE,58,0.0031793016499479,Cafe Candela,449,$$$$$$$,Discotheek,"[""Discotheek"",""Bar"",""Club""]",bars in leidseplein,52.3638987,4.883924299999999,Entertainment & Nightlife
2452,ChIJzY9aSI4JxkcRb9Jt3A4vCjk,58,0.0031793016499479,Cafe Chris Scholten,214,$$$$$$$,Koffiehuis,"[""Koffiehuis""]",cafes in de pijp,52.3542933,4.9014622,Dining & Cafes
2453,ChIJiSpEUQAJxkcRyph6ZOMQKSk,58,0.0031793016499479,The Dancing Houses,78,,Toeristische attractie,"[""Toeristische attractie""]",activities in dapperbuurt,52.3670296,4.8969264,Cultural & Historic
2454,ChIJydohg_QJxkcR0gxGONtHmOM,58,0.0031793016499479,Cafe Lust!,309,$$$$$$$,Cafe,"[""Cafe"",""Ontbijtrestaurant"",""Restaurant""]",bars in de pijp,52.3507369,4.8890656,Dining & Cafes
2455,ChIJq5ePZ3QJxkcRbOXeOeFeXB8,58,0.0031793016499479,AUTHENTIC INDIA,415,,Indiase kruidenierswinkel,"[""Indiase kruidenierswinkel""]",stores in bijlmer arena,52.3620203,4.9253406,Shopping
2456,ChIJez2-N9IJxkcREWBrVsJPnC0,58,0.0031793016499479,Lellebel: Queer Bar,360,$$$$$$$,Bar,"[""Bar""]",bars in rembrandtplein,52.3656825,4.8974435,Dining & Cafes
2457,ChIJuZHmysbjxUcRRbySdt41_bg,58,0.0031793016499479,TestTafel,116,$$$$$$$,Restaurant,"[""Restaurant""]",bars in sloterdijk,52.3905654,4.8321808,Dining & Cafes
2458,ChIJ4zptppUJxkcR4sv5hVcIlMs,58,0.0031793016499479,Il Tramezzino,235,$$$$$$,Koffiebar,"[""Koffiebar"",""Lunchrestaurant"",""Afhaalrestaurant"",""Broodjeswinkel""]",bars in haarlemmerbuurt,52.3803136,4.8915132,Dining & Cafes
2459,ChIJXbkR0ecJxkcRjNiO6uetxl0,58,0.0031793016499479,Hotel Amsterdam Inn,497,,Hotel,"[""Hotel""]",hotels in negen straatjes,52.3652208,4.8807256,Hotel
2460,ChIJS3shAgUKxkcRVzwpE7yhe-A,58,0.0031793016499479,Julia's Amsterdam Zuid,283,$$$$$$$,Restaurant,"[""Restaurant"",""Koffiebar"",""Italiaans restaurant"",""Pastawinkel"",""Broodjeswinkel""]",restaurants in zuidas,52.3381614,4.8734464,Dining & Cafes
2461,ChIJGfYpjJQJxkcR9EVeP6mVvIU,58,0.0031793016499479,Stadsherstel Amsterdam,241,,Cultureel monument,"[""Cultureel monument"",""Concertzaal"",""Hoofdkantoor"",""Evenementenlocatie"",""Historisch herkenningspunt"",""Hervormde kerk"",""Trouwlocatie""]",event venues in dapperbuurt,52.3623449,4.8965514,Cultural & Historic
2462,ChIJFcPp27gJxkcR5PemrVeFrPQ,58,0.0031793016499479,Cafe Remember,589,$$,Bar,"[""Bar"",""Koffiehuis""]",bars in wallengebied,52.3727366,4.8984251,Dining & Cafes
2463,ChIJKTjnNIILxkcRzi_p6i02a0U,58,0.0031793016499479,Sonora Bar,97,,Cocktailbar,"[""Cocktailbar""]",bars in zuid,52.3383438,4.8911666,Dining & Cafes
2464,ChIJTdWyQ84JxkcRlVGYCHoaVto,58,0.0031793016499479,Tazzina,382,$$$$$$,Espressobar,"[""Espressobar"",""Lunchrestaurant""]",cafes in haarlemmerbuurt,52.3815453,4.8860524,Dining & Cafes
2465,ChIJ8cWZD7njxUcRJn0azLf6d-g,58,0.0031793016499479,Meat Bar Mangal,105,$$$$$$$,Restaurant,"[""Restaurant"",""Turks restaurant""]",restaurants in sloterdijk,52.3782474,4.8489208,Dining & Cafes
2466,ChIJ46iDrTkJxkcR-xNXdOzsHLI,58,0.0031793016499479,Coffee Roasters,106,$$$$$$,Koffiebar,"[""Koffiebar""]",cafes in negen straatjes,52.3688956,4.8851448,Dining & Cafes
2467,ChIJ30h8-egJxkcR0hYDd2Yrl6Q,58,0.0031793016499479,Adidas,700,,Sportkledingwinkel,"[""Sportkledingwinkel"",""Kledingwinkel"",""Fitnesswinkel"",""Schoenenwinkel""]",stores in de leidseplein,52.366405,4.8877563,Shopping
2469,ChIJ8W5A_cgJxkcR5lST5yPutPE,58,0.0031793016499479,Dampkring,471,$$,Cannabiswinkel,"[""Cannabiswinkel""]",coffeeshops in buikslotermeerplein,52.3800674,4.8928801,Cannabisshop
2470,ChIJm8yTHckJxkcRTc75LMnkAW8,58,0.0031793016499479,NOBO tapas y mas,686,$$,Restaurant,"[""Restaurant""]",restaurants in haarlemmerbuurt,52.3801261,4.8923327,Dining & Cafes
2471,ChIJCVjmEtfjxUcRMgYKFEjqktY,58,0.0031793016499479,Domino's Pizza Amsterdam Osdorp,249,$$$$$$$,Pizzeria,"[""Pizzeria"",""Restaurant""]",restaurants in osdorpplein,52.3520408,4.7988681,Dining & Cafes
2472,ChIJGWhxXhAJxkcRL-G650CLIW8,58,0.0031793016499479,Barmhartig Koffie,246,$$$$$$,Koffiebar,"[""Koffiebar""]",cafes in indische buurt,52.374092,4.938664999999999,Dining & Cafes
2473,ChIJpUzy6VEIxkcRlRW3KT1uJDg,58,0.0031793016499479,Thais restaurant Pasoek,374,$$$$$$$,Thais restaurant,"[""Thais restaurant"",""Afhaalrestaurant"",""Restaurant""]",restaurants in buikslotermeerplein,52.3938513,4.913852299999999,Dining & Cafes
2474,ChIJrfDESsIJxkcRbFBPd2dMdJI,57,0.0031244861042591,Cafe Baskets,85,$$$$$$,Koffiebar,"[""Koffiebar"",""Kledingwinkel"",""Smoothiewinkel"",""Broodjeswinkel""]",cafes in de pijp,52.3565085,4.8927592,Dining & Cafes
2475,ChIJaYiOKgIJxkcREt1vlUQM6DE,57,0.0031244861042591,Cuisine of India | Authentic Indian Restaurant in Amsterdam,173,$$$$$$$,Indiaas restaurant,"[""Indiaas restaurant""]",restaurants in nieuwmarkt,52.3738938,4.9021987,Dining & Cafes
2476,ChIJ355UgM_jxUcR4wI6dE2obxw,57,0.0031244861042591,Snackbar Van Vliet,364,$$$$$$,Snackbar,"[""Snackbar""]",restaurants in osdorpplein,52.3624711,4.8010386,Dining & Cafes
2477,ChIJYV5ah8zjxUcRHmtFUioMFJY,57,0.0031244861042591,Lunchbar Amsterdam,336,$$$$$$,Restaurant,"[""Restaurant""]",restaurants in sloterdijk,52.3914528,4.779109699999999,Dining & Cafes
2478,ChIJ7dib774LxkcRiGAmFbcq9Qs,57,0.0031244861042591,Tree of dates/ Daily Dates,146,$$$$$$,Koffiebar,"[""Koffiebar""]",cafes in bijlmer arena,52.3135638,4.9507557,Dining & Cafes
2480,ChIJuwxIgkIJxkcRQByotq8UzGM,57,0.0031244861042591,Poke Perfect,171,$$$$$$$,Restaurant,"[""Restaurant"",""Hawaiaans restaurant""]",bars in oosterparkbuurt,52.3595342,4.9253203,Dining & Cafes
2481,ChIJpeYiahsJxkcR7JZCyP8QQPU,57,0.0031244861042591,Ganbei Karaoke,141,$$$$$$$,Karaokebar,"[""Karaokebar""]",bars in leidseplein,52.3649971,4.8824754,Dining & Cafes
2482,ChIJR76aQI0JxkcRO8CO9Rz7MDE,57,0.0031244861042591,My Little Patisserie,230,$$$$$$,Patisserie,"[""Patisserie"",""Bakkerij"",""Koffiehuis""]",cafes in de pijp,52.3547505,4.8937486,Dining & Cafes
2484,ChIJ47-rYcQJxkcRQXupLHGfvGo,57,0.0031244861042591,Clemens Hotel Amsterdam,398,,Hotel,"[""Hotel""]",hotels in negen straatjes,52.373533,4.8859974,Hotel
2485,ChIJ7c9ABcIJxkcR-A20gIjzKpw,57,0.0031244861042591,Restaurant Johannes,351,$$$$$$,Frans restaurant,"[""Frans restaurant""]",restaurants in negen straatjes,52.367614,4.887355,Dining & Cafes
2486,ChIJ6V6QFI8JxkcR3ycAsOHPTDU,57,0.0031244861042591,Namaste India,306,$$$$$$$,Indiaas restaurant,"[""Indiaas restaurant""]",restaurants in de pijp,52.3519356,4.9033906,Dining & Cafes
2488,ChIJ-ZT8T40JxkcRXcKU5lVI4AI,57,0.0031244861042591,Cafe Flamingo,388,$$$$$$$,Koffiehuis,"[""Koffiehuis""]",bars in de pijp,52.3554182,4.8933858,Dining & Cafes
2489,ChIJoQlCOcUJxkcRJJh3WloIcfA,57,0.0031244861042591,Eetcafe Roem,410,$$$$$$$,Restaurant,"[""Restaurant""]",restaurants in de jordaan,52.3760983,4.8839997,Dining & Cafes
2491,ChIJwboA3L4JxkcRhcR8RJPkVD0,57,0.0031244861042591,The Headshop Amsterdam,499,,Smartshop,"[""Smartshop"",""Spirituele winkel"",""Souvenirwinkel""]",stores in de nieuwmarkt,52.3708686,4.899011799999999,Cannabisshop
2492,ChIJzaC3qsAJxkcRFlp5vHY44xs,57,0.0031244861042591,Middle East Restaurant 100% HALAL,424,$$$$$$$,Halal-restaurant,"[""Halal-restaurant"",""Restaurant""]",restaurants in nieuwmarkt,52.371915,4.895378,Dining & Cafes
2493,ChIJ4yHtluwJxkcRIayRi7Wipfo,57,0.0031244861042591,Euphemia Old City Canal Zone,506,,Hotel,"[""Hotel""]",hotels in de pijp,52.3605477,4.8916205,Hotel
2494,ChIJ0b3BW4MJxkcRkayW8lG9Ars,57,0.0031244861042591,The Social Hub Restaurant & Bar Amsterdam City,468,$$$$$$$,Restaurant,"[""Restaurant"",""Cocktailbar""]",bars in oosterparkbuurt,52.354228,4.9128826,Dining & Cafes
2495,ChIJEevUIGXixUcRK7k-tK8nGyo,57,0.0031244861042591,Cafe 't Binnenpretje,274,$$$$$$$,Cafe,"[""Cafe""]",cafes in sloterdijk,52.3814699,4.8559975,Dining & Cafes
2496,ChIJ81wlCDoJxkcR7LWFOftbaGI,57,0.0031244861042591,Isaac's Bar,66,$$$$$$$,Cocktailbar,"[""Cocktailbar""]",bars in wallengebied,52.373726,4.8942168,Dining & Cafes
2497,ChIJb1kipuUJxkcROoL9yJSRvBg,57,0.0031244861042591,Brandmeesters Amsterdam,371,$$$$$$,Espressobar,"[""Espressobar"",""Koffiemachineleverancier"",""Koffiebranders"",""Koffiebar"",""Koffiewinkel"",""Winkel"",""Theewinkel""]",cafes in zuidas,52.3447074,4.894872,Dining & Cafes
2498,ChIJ3-qc2rgJxkcRTfGKUgOvAkk,57,0.0031244861042591,Hotel Torenzicht,542,,Hotel,"[""Hotel"",""Bar"",""Restaurant""]",hotels in de wallen,52.3725361,4.8981806,Hotel
2499,ChIJtUPKfZgJxkcRdNPf8fT3PHU,57,0.0031244861042591,coffeecompany,445,$$$$$$,Koffiebar,"[""Koffiebar""]",coffeeshops in dapperbuurt,52.3657278,4.910724999999999,Dining & Cafes
2501,ChIJb6LsFbkJxkcRuWDM0T9mCpk,57,0.0031244861042591,Cafe De Zon,533,$$$$$$,Koffiehuis,"[""Koffiehuis""]",bars in nieuwmarkt,52.3731965,4.9003589,Dining & Cafes
2502,ChIJfVMDdfALxkcRDfYPeF7BfQ4,57,0.0031244861042591,De Japanner Zuid,94,$$$$$$$,Restaurant,"[""Restaurant"",""Bar"",""Evenementenlocatie"",""Japans restaurant""]",bars in zuid,52.3357392,4.8743,Dining & Cafes
2503,ChIJl7VrWIwJxkcRqxLtdtbEcK8,56,0.0030696705585704,Reggae Rita,578,$$$$$$$,Jamaicaans restaurant,"[""Jamaicaans restaurant"",""Bar"",""Catering"",""Cocktailbar"",""Afhaalrestaurant"",""Privekoksservice""]",bars in museumkwartier,52.3634851,4.8854103,Dining & Cafes
2504,ChIJaX3gUscJxkcRWn80_DiR2ZU,56,0.0030696705585704,Hotel Damsquare,468,,Hotel,"[""Hotel""]",hotels in negen straatjes,52.372088,4.894868,Hotel
2505,ChIJ97F8LJYLxkcRYsq3UEbbNU8,56,0.0030696705585704,Rhythms Bar + Kitchen,369,$$$$$$$,Bar & Grill,"[""Bar & Grill"",""Eetcafe"",""Bar met live muziek"",""Lunchrestaurant""]",bars in bijlmer arena,52.3142645,4.9384447,Dining & Cafes
2506,ChIJne0ZPMgJxkcReMQLlAMNufk,56,0.0030696705585704,Barney's Farm,644,,Cannabiswinkel,"[""Cannabiswinkel"",""Cadeauwinkel"",""Winkel""]",coffeeshops in haarlemmerbuurt,52.3806521,4.8910122,Cannabisshop
2507,ChIJVwrld2XixUcR4fl-KEjNniM,56,0.0030696705585704,Kratiam Thai,380,$$$$$$$,Thais restaurant,"[""Thais restaurant""]",restaurants in sloterdijk,52.3796122,4.8536771,Dining & Cafes
2508,ChIJg7JoU1gLxkcRzIH3c4o8CDY,56,0.0030696705585704,La Catrina MEXICO (Amsterdam),233,$$$$$$$,Mexicaans restaurant,"[""Mexicaans restaurant"",""Burrito-restaurant"",""Snackbar"",""Latijns-Amerikaans restaurant"",""Tacorestaurant""]",restaurants in zuidas,52.3374211,4.8713103,Dining & Cafes
2509,ChIJV_PF5LcJxkcR0qWQ5J1RD9g,56,0.0030696705585704,Cafe The Flying Dutchman,374,$$$$$$$,Bar,"[""Bar"",""Koffiehuis""]",bars in haarlemmerbuurt,52.377647,4.8964527,Dining & Cafes
2511,ChIJQWAts3EJxkcRYyLv1d7GTjs,56,0.0030696705585704,Pets Place,280,,Dierenwinkel,"[""Dierenwinkel"",""Aquariumwinkel"",""Paardrijwinkel"",""Reptielenwinkel""]",stores in de dapperbuurt,52.3571634,4.9303607,Shopping
2512,ChIJdyrxTuEJxkcRklvldX5zYkU,56,0.0030696705585704,Lunchroom Wilhelmina,289,$$$$$$$,Ontbijtrestaurant,"[""Ontbijtrestaurant""]",cafes in vondelpark,52.3629667,4.8733528,Dining & Cafes
2513,ChIJX09Y9QYJxkcR2hfBTql7k8k,56,0.0030696705585704,cafe R. de Rosa,99,$$$$$$$,Bar,"[""Bar"",""Restaurant""]",bars in haarlemmerbuurt,52.3790814,4.8846269,Dining & Cafes
2514,ChIJE8v-vOkJxkcRX1yE06AJNwc,56,0.0030696705585704,Acostar Hotel,472,,Hotel,"[""Hotel"",""Binnenovernachting"",""Herberg""]",hotels in negen straatjes,52.3652807,4.8858176,Hotel
2515,ChIJ-8DbTpYJxkcRF6GXegHzFe8,56,0.0030696705585704,Hotel Hermitage Amsterdam,426,,Hotel,"[""Hotel""]",hotels in dapperbuurt,52.3644444,4.9036111,Hotel
2516,ChIJU0DTbfsJxkcRkw5ufp21lqo,56,0.0030696705585704,Restaurant Oud-Zuid,333,$$,Restaurant,"[""Restaurant""]",bars in museumkwartier,52.3550475,4.8738307,Dining & Cafes
2517,ChIJT4fUSFQLxkcRYxC08C1IaSU,56,0.0030696705585704,Salsa Shop,140,$$$$$$$,Restaurant,"[""Restaurant"",""Burrito-restaurant"",""Zuid-Amerikaans restaurant"",""Tacorestaurant""]",restaurants in zuidas,52.3371595,4.8692254,Dining & Cafes
2518,ChIJ__ZPHekJxkcRMhiCtBBTkVo,56,0.0030696705585704,66 BBQ en hotpotbar,578,$$$$$$$,Nederlands restaurant,"[""Nederlands restaurant"",""Aziatisch restaurant""]",bars in leidseplein,52.3637811,4.8841476,Dining & Cafes
2519,ChIJXyfNsYgJxkcRSUn2_tWUh9M,56,0.0030696705585704,Steakehouse pizzaria van woustraat,268,$$$$$$$,Italiaans restaurant,"[""Italiaans restaurant""]",restaurants in de pijp,52.3497229,4.9041741,Dining & Cafes
2520,ChIJoRwtbAAJxkcRdNGMiohdsdY,56,0.0030696705585704,Badcuyp,89,,Restaurant,"[""Restaurant""]",restaurants in de pijp,52.3565677,4.897077599999999,Dining & Cafes
2521,ChIJL5HFBeAJxkcRsvjZTC-Jhck,56,0.0030696705585704,Piccolo,477,$$,Restaurant,"[""Restaurant"",""Bar"",""Bierwinkel"",""Koffiehuis"",""Koffiebar"",""Italiaans restaurant"",""Theehuis"",""Wijnbar""]",cafes in vondelpark,52.3673846,4.8688403,Dining & Cafes
2522,ChIJJY39kQQJxkcRwkhFzNkbP-Q,55,0.0030148550128816,Olafbrood,83,$$$$$$,Bakkerij,"[""Bakkerij""]",stores in de dapperbuurt,52.3629622,4.9271004,Dining & Cafes
2523,ChIJl-1wYZoLxkcRo3GyQPvU3FM,55,0.0030148550128816,Ristorante 51,298,$$,Italiaans restaurant,"[""Italiaans restaurant"",""Bar"",""Eetcafe"",""Lunchrestaurant"",""Noord-Italiaans restaurant"",""Restaurant"",""Zuid-Italiaans restaurant""]",bars in bijlmer arena,52.3098443,4.9463988,Dining & Cafes
2524,ChIJszkAyuIJxkcR5ufZxHFP8bU,55,0.0030148550128816,Picasso - Figure decoupee l'Oiseau,382,,Toeristische attractie,"[""Toeristische attractie""]",tourist attractions in de pijp,52.357451,4.8680203,Cultural & Historic
2525,ChIJl9i4SbAJxkcRKC9U_MM7RQc,55,0.0030148550128816,De Gastronout,252,,Restaurant,"[""Restaurant"",""Bar"",""Bistro"",""Nederlands restaurant"",""Frans restaurant""]",bars in museumkwartier,52.3641708,4.9262888,Dining & Cafes
2526,ChIJy50aqcAJxkcRvxFtDkFzfCM,55,0.0030148550128816,Cafe Jakarta Amsterdam,181,,Restaurant,"[""Restaurant""]",restaurants in indische buurt,52.3793871,4.9224614,Dining & Cafes
2528,ChIJZSduXm0JxkcRqu2D11qsMQ4,55,0.0030148550128816,Bar Gallizia,281,,Italiaans restaurant,"[""Italiaans restaurant"",""Bar"",""Cocktailbar"",""Koffiebar"",""Wijnbar""]",bars in indische buurt,52.3638896,4.9342495,Dining & Cafes
2530,ChIJ8fk2lsUJxkcRHpmK57_EiB4,55,0.0030148550128816,Embassy of the Free Mind,188,,Museum,"[""Museum"",""Historisch herkenningspunt"",""Bibliotheek"",""Toeristische attractie""]",tourist attractions in negen straatjes,52.376403,4.887368,Cultural & Historic
2531,ChIJgbgCw-cJxkcRkCxZlauxZ10,55,0.0030148550128816,Cafe De Koe,394,$$$$$$$,Koffiehuis,"[""Koffiehuis"",""Bar"",""Restaurant""]",bars in de jordaan,52.3658214,4.8800856,Dining & Cafes
2532,ChIJMY-nf-HjxUcRjptyqmq-0Mo,55,0.0030148550128816,FEBO Amsterdam - Osdorpplein,214,$$$$$$,Snackbar,"[""Snackbar""]",bars in osdorpplein,52.3585559,4.8032305,Dining & Cafes
2534,ChIJWWfWp5YJxkcRAmkQV4nyAcw,55,0.0030148550128816,Restaurant De Utrechtsedwarstafel,313,$$$$$$,Nederlands restaurant,"[""Nederlands restaurant"",""Haute-cuisinerestaurant"",""Frans restaurant"",""Italiaans restaurant"",""Biologisch restaurant""]",restaurants in nieuwmarkt,52.3617917,4.9004806,Dining & Cafes
2535,ChIJnf6mf9oJxkcR2BNQkx5zlwg,55,0.0030148550128816,Cafe de Parel,205,,Restaurant,"[""Restaurant"",""Wijnbar""]",bars in de jordaan,52.377898,4.8797144,Dining & Cafes
2536,ChIJCTbIua0LxkcRd10Zp2l8ClQ,55,0.0030148550128816,Wild & The Moon,96,$$$$$$$,Veganistisch restaurant,"[""Veganistisch restaurant""]",restaurants in zuidas,52.33777,4.8708471,Dining & Cafes
2537,ChIJ_Tl2ZbgJxkcRKCqGZWlQAXk,55,0.0030148550128816,The Frisco Inn,440,,Hotel,"[""Hotel"",""Waterpijpcafe""]",hotels in de wallen,52.375127,4.897253,Hotel
2538,ChIJ8bruoXIJxkcRz6O6umtiXRw,55,0.0030148550128816,Ricardo's,286,$$$$$$$,Surinaams restaurant,"[""Surinaams restaurant"",""Afhaalrestaurant"",""Restaurant""]",bars in indische buurt,52.3638005,4.933469199999999,Dining & Cafes
2539,ChIJZz9J5mQJxkcRCGKqSOtWuQg,55,0.0030148550128816,Huize Frankendael / restaurant Merkelbach,391,$$,Restaurant,"[""Restaurant"",""Trouwlocatie""]",bars in oud-oost,52.3510917,4.9334778,Dining & Cafes
2541,ChIJeQckFrkJxkcRutZrbS6LbKk,55,0.0030148550128816,Cafe de Kroegtijger,269,$$$$$$$,Cocktailbar,"[""Cocktailbar"",""Bar"",""Koffiehuis""]",bars in wallengebied,52.3731573,4.9001215,Dining & Cafes
2543,ChIJz2s5lwUKxkcRQW-pVBvhdz8,55,0.0030148550128816,Mizu Bar,238,$$$$$$$,Japans restaurant,"[""Japans restaurant""]",restaurants in zuidas,52.3369253,4.8714229,Dining & Cafes
2544,ChIJeRmm7MAJxkcR-jXEpV-eYQc,55,0.0030148550128816,Frascati,244,,Theater,"[""Theater""]",movie theaters in de wallen,52.3703622,4.8936327,Event venue
2545,ChIJF51UTboJxkcRnB3hr4KA5Ps,55,0.0030148550128816,Hotel Mansion Amsterdam,416,,Hotel,"[""Hotel""]",hotels in dapperbuurt,52.3741289,4.9049504,Hotel
2546,ChIJwX9o670JxkcRZrNQMDqFITo,55,0.0030148550128816,San Giovanni,360,$$$$$$$,Italiaans restaurant,"[""Italiaans restaurant""]",restaurants in nieuwmarkt,52.3673804,4.9028426,Dining & Cafes
2547,ChIJv3tp9w_ixUcRNPZG1hfZ3mQ,55,0.0030148550128816,De Prijs,417,,Cannabiswinkel,"[""Cannabiswinkel"",""Winkel""]",coffeeshops in leidseplein,52.3579042,4.8540336,Cannabisshop
2548,ChIJn2zUKlDixUcRtohPU9Tt_8A,55,0.0030148550128816,Cultuurhuis De Vlugt,68,,Cultureel centrum,"[""Cultureel centrum"",""Kunstatelier"",""Theater""]",event venues in sloterdijk,52.379957,4.8272825,Cultural & Historic
2549,ChIJPymp6nAJxkcRTwgwwQJ-YQY,55,0.0030148550128816,Domino's Pizza Amsterdam Linnaeusstraat,272,$$$$$$$,Pizzeria,"[""Pizzeria"",""Restaurant""]",restaurants in dapperbuurt,52.3560223,4.9274851,Dining & Cafes
2550,ChIJVw2gNtMJxkcRCllZYNucq8I,55,0.0030148550128816,Restaurant Freud,327,$$$$$$$,Restaurant,"[""Restaurant""]",restaurants in haarlemmerbuurt,52.3883305,4.8804731,Dining & Cafes
2551,ChIJn3benrkJxkcRjMSAVKw3TeI,54,0.0029600394671928,Bbrood,198,$$$$$$,Bakkerij,"[""Bakkerij"",""Ontbijtrestaurant"",""Koffiebar"",""Lunchrestaurant"",""Broodjeswinkel""]",cafes in de wallen,52.374755,4.9005499,Dining & Cafes
2552,ChIJxddb6KfjxUcRyMKwrDTKsdA,54,0.0029600394671928,Jumbo Golf Hockey Wintersport Amsterdam,299,,Sportwinkel,"[""Sportwinkel""]",stores in sloterdijk,52.3908476,4.8044988,Shopping
2553,ChIJpwxJ-ukJxkcRMhslbRtNTxI,54,0.0029600394671928,COS,375,,Kledingwinkel,"[""Kledingwinkel"",""Herenmode"",""Damesmode""]",stores in de leidseplein,52.366481,4.887296,Shopping
2554,ChIJ8zFlk8EJxkcRH4xezwH-OZI,54,0.0029600394671928,Oude Lutherse Kerk,263,,Historische plaats,"[""Historische plaats"",""Lutherse kerk"",""Monument"",""Protestantse kerk"",""Toeristische attractie""]",tourist attractions in sloterdijk,52.3683795,4.8893468,Cultural & Historic
2555,ChIJg0VQCdIJxkcRqx5L6cy4A_s,54,0.0029600394671928,De Roode Bioscoop,221,,Theater,"[""Theater"",""Monument""]",movie theaters in de wallen,52.3840911,4.8839523,Event venue
2558,ChIJswc_YG7ixUcRvdEgxX1hfeI,54,0.0029600394671928,The Miracle Garden,143,,Tuin,"[""Tuin""]",parks in sloterdijk,52.3749874,4.8529358,Green Recreation
2559,ChIJCQOTMVAJxkcR7bYhRy_vI4E,54,0.0029600394671928,Bella Storia Jordaan,84,$$$$$$$,Pizzeria,"[""Pizzeria""]",restaurants in de jordaan,52.3812012,4.8856354,Dining & Cafes
2560,ChIJdSk9gQnixUcRJmrH5B12-Ks,54,0.0029600394671928,Trakteren,294,$$$$$$,Koffiebar,"[""Koffiebar"",""Chocolaterie"",""Koffiewinkel"",""Theewinkel""]",cafes in vondelpark,52.3626072,4.8642517,Dining & Cafes
2561,ChIJW_kWY7cJxkcR57gzEVWbFuw,54,0.0029600394671928,Cafe de Geit,194,$$,Bar,"[""Bar""]",cafes in negen straatjes,52.3703359,4.8863461,Dining & Cafes
2562,ChIJne8zCgrixUcRaVc6FPSsbHA,54,0.0029600394671928,Bar Strangelove,171,$$$$$$$,Bar,"[""Bar"",""Pizzeria""]",bars in museumkwartier,52.3636111,4.8672222,Dining & Cafes
2563,ChIJC_xyiQ0JxkcRtv3AHIVMvGk,54,0.0029600394671928,Boulevard Cafe,322,$$$$$$$,Restaurant,"[""Restaurant"",""Bar"",""Koffiehuis""]",bars in indische buurt,52.3686133,4.934453899999999,Dining & Cafes
2565,ChIJoyDgBNsJxkcRzmDYsRpqdHs,54,0.0029600394671928,Mr. Jordaan,616,,Hotel,"[""Hotel""]",hotels in negen straatjes,52.3747111,4.8801333,Hotel
2566,ChIJT5UU0YkJxkcRm_jqSbLc5g8,54,0.0029600394671928,Beeld van Anne Frank,109,,Monument,"[""Monument"",""Toeristische attractie""]",tourist attractions in bijlmer arena,52.3455551,4.9002279,Cultural & Historic
2567,ChIJJY-oKeAJxkcR0enaNoJzgy4,53,0.0029052239215041,Cafe BAX,436,$$$$$$$,Koffiehuis,"[""Koffiehuis"",""Bar"",""Biertuin"",""Sportcafe""]",cafes in vondelpark,52.365613,4.867942,Dining & Cafes
2569,ChIJjZzfC4UJxkcRaD-Cui-PE_8,53,0.0029052239215041,Dragons Delight Cafe,259,$$$$$$$,Restaurant,"[""Restaurant"",""Ontbijtrestaurant"",""Brunchrestaurant"",""Lunchrestaurant""]",cafes in de pijp,52.3530885,4.9074488,Dining & Cafes
2570,ChIJF5ERSVoJxkcRSYefC-BfR50,53,0.0029052239215041,Bar Buka,241,$$,Bar,"[""Bar""]",bars in museumkwartier,52.3552516,4.892633,Dining & Cafes
2571,ChIJbzEWY6IJxkcRvd9l07dvELU,53,0.0029052239215041,Quentin Zoo Hotel,284,,Hotel,"[""Hotel""]",hotels in dapperbuurt,52.3667452,4.911406,Hotel
2572,ChIJXXI7z7gJxkcRnxLbc44PGII,53,0.0029052239215041,De Stoof,378,$$$$$$$,Bar,"[""Bar""]",bars in wallengebied,52.3724582,4.8976848,Dining & Cafes
2573,ChIJFfn43GwJxkcROv17war0v_E,53,0.0029052239215041,Cocktailbar Rum Barrel Amsterdam,516,$$,Cocktailbar,"[""Cocktailbar"",""Tapas restaurant""]",bars in wallengebied,52.363893,4.938068,Dining & Cafes
2574,ChIJe7IGSGwJxkcRpRT8skEEbbI,53,0.0029052239215041,Coffeeshop Balou,81,,Cannabiswinkel,"[""Cannabiswinkel""]",coffeeshops in buikslotermeerplein,52.3667557,4.8958864,Cannabisshop
2575,ChIJcTjqU7njxUcRUeXR8kfdsGY,53,0.0029052239215041,Cafe Mabell,136,$$$$$$$,Koffiehuis,"[""Koffiehuis"",""Koffiewinkel"",""IJssalon"",""Afhaalrestaurant"",""Broodjeswinkel"",""Theehuis"",""Theewinkel""]",restaurants in sloterdijk,52.3817327,4.8497256,Dining & Cafes
2577,ChIJ-diwX-gJxkcRkDfNgUQCkWs,53,0.0029052239215041,Cafe Kooper,334,,Bar,"[""Bar"",""Koffiehuis"",""Dansclub"",""Cafe""]",bars in leidseplein,52.364591,4.8824184,Dining & Cafes
2578,ChIJl2to1OcJxkcR-1gbVYznm8Y,53,0.0029052239215041,LUX,381,$$$$$$$,Bar,"[""Bar""]",bars in leidseplein,52.3648569,4.88069,Dining & Cafes
2579,ChIJgQdZWcwJxkcRhYN-5ymv5Pg,53,0.0029052239215041,Big Ben Bar,126,$$$$$$$,Bar,"[""Bar""]",bars in wallengebied,52.3751428,4.898337199999999,Dining & Cafes
2580,ChIJ9xdChc4JxkcRCdLKKRuhmEw,53,0.0029052239215041,SLA,243,$$$$$$$,Restaurant,"[""Restaurant""]",restaurants in haarlemmerbuurt,52.3822891,4.8879717,Dining & Cafes
2582,ChIJed4tCcUJxkcR1hjiXTClYTw,52,0.0028504083758153,The Toren,471,,Hotel,"[""Hotel""]",hotels in dapperbuurt,52.3758754,4.8859642,Hotel
2583,ChIJ-VEiq2kJxkcRd81WgAwPjM0,52,0.0028504083758153,Restaurant 21,81,$$$$$$,Nederlands restaurant,"[""Nederlands restaurant"",""Restaurant""]",restaurants in nieuwmarkt,52.3715951,4.9077573,Dining & Cafes
2584,ChIJkaGKIGIJxkcRLDqeO4wDXa4,52,0.0028504083758153,Brasserie Gossler & Florin,94,,Modern-Frans restaurant,"[""Modern-Frans restaurant"",""Europees restaurant"",""Frans restaurant"",""Frans haute cuisine-restaurant"",""Restaurant"",""Brasserie""]",restaurants in haarlemmerbuurt,52.3805567,4.8856506,Dining & Cafes
2585,ChIJIYGJjLwJxkcRosi2OhcIyCA,52,0.0028504083758153,De Parkwachter,69,$$$$$$,Koffiebar,"[""Koffiebar"",""Hondencafe"",""Wandelroutes"",""Kiosk"",""Openbaar toilet"",""Openbaar zwembad""]",cafes in haarlemmerbuurt,52.3877301,4.8753456,Dining & Cafes
2586,ChIJH_f_vYgJxkcR-9IcoN47-q0,52,0.0028504083758153,Coffee and Bakery,74,$$$$$$$,Espressobar,"[""Espressobar""]",cafes in de wallen,52.3709031,4.8931193,Dining & Cafes
2587,ChIJGdvWe38JxkcR5Dj0xpBHVzI,52,0.0028504083758153,Eat Plaza center,384,$$$$$$$,Restaurant,"[""Restaurant""]",cafes in haarlemmerbuurt,52.3802689,4.8922473,Dining & Cafes
2588,ChIJjUw6i_AIxkcR9sKAZ9TPOQI,52,0.0028504083758153,Mei Wah,291,$$$$$$$,Chinees restaurant,"[""Chinees restaurant""]",bars in buikslotermeerplein,52.3982958,4.9365309,Dining & Cafes
2589,ChIJ4barVI0JxkcRWO6GelYq890,52,0.0028504083758153,Petit Caron,226,,Restaurant,"[""Restaurant"",""Bar"",""Eetcafe"",""Frans restaurant"",""Wijnbar"",""Wijnclub""]",restaurants in de pijp,52.3577624,4.888761,Dining & Cafes
2590,ChIJcxvc_NgJxkcRvNyatqarqhM,52,0.0028504083758153,Coffee & Juices,237,$$$$$$,Koffiehuis,"[""Koffiehuis"",""Koffiebar""]",cafes in sloterdijk,52.3750085,4.8725291,Dining & Cafes
2591,ChIJLVpsKpHixUcRAV_MtGnc_gg,52,0.0028504083758153,The Bulldog Port 26 Coffeeshop,544,,Cannabiswinkel,"[""Cannabiswinkel"",""Vereniging/organisatie""]",coffeeshops in negen straatjes,52.4053864,4.8579908,Cannabisshop
2592,ChIJwSEnUPMJxkcRrs8Czp5NV_M,52,0.0028504083758153,Restaurant V O L T,665,$$,Restaurant,"[""Restaurant"",""Bar""]",restaurants in de pijp,52.3515361,4.8912111,Dining & Cafes
2593,ChIJfdtiEWXixUcRWPRpiikKI0k,52,0.0028504083758153,Buongiorno Espresso bar,250,$$$$$$,Koffiehuis,"[""Koffiehuis""]",cafes in sloterdijk,52.3806698,4.8549714,Dining & Cafes
2594,ChIJT_ByMccJxkcRsmdRikWzcwg,52,0.0028504083758153,Hotel TwentySeven,396,,Hotel,"[""Hotel""]",hotels in negen straatjes,52.3724282,4.8931291,Hotel
2595,ChIJJ263bBIJxkcRwuOlxmugkxs,52,0.0028504083758153,Live Amsterdam Pianobar,353,,Bar met live muziek,"[""Bar met live muziek"",""Bar"",""Koffiehuis"",""Pianobar"",""Restaurant""]",bars in rembrandtplein,52.3653917,4.8955139,Dining & Cafes
2596,ChIJLRvojpcLxkcRsZeiKeMkOIc,52,0.0028504083758153,Amsterdam Arena Park,70,,Stadion,"[""Stadion""]",event venues in bijlmer arena,52.3118839,4.940123,Event venue
2597,ChIJrcVeO4gJxkcRrQEDjpWX8KA,52,0.0028504083758153,Cafe/Hotel Internationaal,403,,Cafe,"[""Cafe"",""Hotel""]",cafes in de wallen,52.3761686,4.8996045,Dining & Cafes
2599,ChIJ5yQ4I8MJxkcRM6J13wOIVMA,52,0.0028504083758153,Toos&Roos,290,$$$$$$$,Lunchrestaurant,"[""Lunchrestaurant"",""Ontbijtrestaurant"",""Koffiebar""]",restaurants in negen straatjes,52.3704728,4.8832907,Dining & Cafes
2601,ChIJL3OSPLkJxkcRS1utQD5uvDY,52,0.0028504083758153,Coffeeshop Rock-It,419,$$,Cannabiswinkel,"[""Cannabiswinkel""]",coffeeshops in buikslotermeerplein,52.3728743,4.8998484,Cannabisshop
2602,ChIJy3zD9cIJxkcRxfIlpjk47JQ,52,0.0028504083758153,Bar Brasserie OCCO,248,,Brasserie,"[""Brasserie"",""Bar"",""Cocktailbar"",""Restaurant""]",restaurants in negen straatjes,52.3692903,4.8840148,Dining & Cafes
2605,ChIJT-yP_-gJxkcRQmqC4WvANMk,51,0.0027955928301266,"Pizzeria ""O' Sole Mio""",512,$$$$$$$,Pizzeria,"[""Pizzeria"",""Grillrestaurant"",""Italiaans restaurant"",""Restaurant""]",restaurants in leidseplein,52.3644444,4.8841667,Dining & Cafes
2606,ChIJwe6MGCkJxkcRp7AtrYz-aNI,51,0.0027955928301266,Aan Tafel bij Landmarkt,324,$$$$$$$,Restaurant,"[""Restaurant""]",restaurants in buikslotermeerplein,52.3808587,4.9687439,Dining & Cafes
2607,ChIJ_1XfUY4LxkcRe86q8Ns7OzU,51,0.0027955928301266,Sami Hair and Beauty Centre,457,,Cosmeticawinkel,"[""Cosmeticawinkel"",""Leverancier van schoonheidsproducten"",""Winkel voor gezondheids- en schoonheidsartikelen""]",stores in bijlmer arena,52.3148677,4.9545823,Shopping
2608,ChIJFdMcuVjixUcRglgaxDtum3A,51,0.0027955928301266,Julia's Amsterdam Sloterdijk,465,$$$$$$,Italiaans restaurant,"[""Italiaans restaurant"",""Koffiebar"",""Broodjeswinkel""]",bars in sloterdijk,52.3892294,4.837648199999999,Dining & Cafes
2609,ChIJv_5l5-oJxkcRrviY72pfCk4,51,0.0027955928301266,De Bazel Amsterdam - Conference & Event Center,787,,Evenementenlocatie,"[""Evenementenlocatie"",""Multifunctionele ruimte"",""Trouwlocatie""]",event venues in negen straatjes,52.3644277,4.8922064,Event venue
2610,ChIJIdJMitLjxUcRyDx-XnxQKOs,51,0.0027955928301266,Het IJsatelier,99,$$$$$$,IJssalon,"[""IJssalon""]",cafes in osdorpplein,52.3577831,4.8051372,Dining & Cafes
2611,ChIJ5-5MFo4LxkcRJH3f2ggNvek,51,0.0027955928301266,JD Sports,309,$$,Sportkledingwinkel,"[""Sportkledingwinkel"",""Kinderkleding"",""Kledingwinkel"",""Herenmode"",""Schoenenwinkel"",""Sportwinkel"",""Damesmode""]",stores in bijlmer arena,52.3145,4.95331,Shopping
2612,ChIJ6-Oet7gJxkcRnfI26ZYt0_M,51,0.0027955928301266,Old Town,410,$$$$$$$,Cafe,"[""Cafe"",""Bar""]",bars in wallengebied,52.3724885,4.8970451,Dining & Cafes
2613,ChIJm_8gu-QJxkcRMv8yEDHtovU,51,0.0027955928301266,Hotel Atlas Vondelpark,414,,Hotel,"[""Hotel""]",hotels in bijlmer arena,52.357787,4.873892199999999,Hotel
2615,ChIJVbn0wL4JxkcR4ImwhO-LKhQ,51,0.0027955928301266,A. Boeken Stoffen & Fournituren Winkel,306,,Stoffenwinkel,"[""Stoffenwinkel"",""Fourniturenwinkel""]",stores in de nieuwmarkt,52.370677,4.900193,Shopping
2616,ChIJlcqs_6wLxkcRyTdAq-PEzLE,51,0.0027955928301266,Restaurant ShakShuk Zuidas,115,$$$$$$$,Restaurant,"[""Restaurant""]",restaurants in zuidas,52.3353456,4.8837872,Dining & Cafes
2617,ChIJGTn6cd8JxkcReZ0VW7yQm8w,51,0.0027955928301266,Alp Hotel Amsterdam City Centre,629,,Hotel,"[""Hotel""]",hotels in sloterdijk,52.3709768,4.8698931,Hotel
2618,ChIJQ5PMn9oJxkcRHzB_uGJFYwg,51,0.0027955928301266,La Maschera,345,,Restaurant,"[""Restaurant""]",restaurants in de jordaan,52.3778188,4.8814226,Dining & Cafes
2619,ChIJ9xVViNwJxkcRlD5BECcXzhQ,51,0.0027955928301266,Mr. K Coffeeshop,560,,Cannabiswinkel,"[""Cannabiswinkel""]",coffeeshops in haarlemmerbuurt,52.3718641,4.8789905,Cannabisshop
2620,ChIJb5M3VL4JxkcRxOG2zeMqOBo,51,0.0027955928301266,Rembrandtplein Hotel,493,,Hotel,"[""Hotel""]",hotels in de wallen,52.3689808,4.8986109,Hotel
2621,ChIJqxs3EbkJxkcR8vCwsuq1E50,51,0.0027955928301266,Cafe Dijk 120,454,$$$$$$$,Koffiehuis,"[""Koffiehuis""]",cafes in de wallen,52.3735259,4.9001126,Dining & Cafes
2622,ChIJebfb7REKxkcRExoqpf0L1mM,51,0.0027955928301266,Sissy-Boy,267,,Kledingwinkel,"[""Kledingwinkel"",""Kinderkleding"",""Herenmode"",""Damesmode""]",stores in zuidas,52.331157,4.876748,Shopping
2623,ChIJod-5tqoJxkcRbZ0bDmp4blE,51,0.0027955928301266,i hotel,397,,Hotel,"[""Hotel""]",hotels in bijlmer arena,52.3864167,4.9233321,Hotel
2624,ChIJg-upob8JxkcRArse20i7HeY,51,0.0027955928301266,VanOost Restaurant,109,$$$$$$,Restaurant,"[""Restaurant""]",restaurants in oosterparkbuurt,52.3621937,4.9196841,Dining & Cafes
2625,ChIJm2J0rTIIxkcRfwzYV0dpiPo,50,0.0027407772844378,Cafe MADS,453,$$$$$$$,Koffiehuis,"[""Koffiehuis""]",cafes in haarlemmerbuurt,52.3885736,4.8861621,Dining & Cafes
2626,ChIJBUBTy-cJxkcRaTov5_BdrTs,50,0.0027407772844378,Hotel Kooyk,547,,Hotel,"[""Hotel""]",hotels in museumkwartier,52.3646188,4.879776199999999,Hotel
2627,ChIJ6Rszxs4JxkcRH0H-dgFUBt4,50,0.0027407772844378,STACH Food Haarlemmerstraat,249,$$$$$$$,Koffiebar,"[""Koffiebar""]",bars in haarlemmerbuurt,52.3813825,4.8896619,Dining & Cafes
2628,ChIJm80Kf-UJxkcRpy-L323SDA0,50,0.0027407772844378,Hotel Fita,260,,Hotel,"[""Hotel"",""Accomodatie""]",hotels in museumkwartier,52.3592228,4.8797217,Hotel
2629,ChIJnyhBzqkJxkcRo12zRQXT-Nw,50,0.0027407772844378,Noordwaards,93,,Evenementenlocatie,"[""Evenementenlocatie"",""Discotheek"",""Locatie voor live muziek""]",event venues in bijlmer arena,52.3843193,4.9208002,Event venue
2630,ChIJyZmrlSAKxkcRwyhrPnDzy3I,50,0.0027407772844378,Michiu,345,$$$,Aziatisch fusion-restaurant,"[""Aziatisch fusion-restaurant"",""Lounge"",""Sushirestaurant""]",bars in zuid,52.344179,4.8953096,Dining & Cafes
2631,ChIJ6VV60ugJxkcRNSn436AnhK0,50,0.0027407772844378,Amsterdam Living Colours,338,,Souvenirwinkel,"[""Souvenirwinkel"",""T-shirtwinkel""]",stores in de leidseplein,52.3624043,4.8826516,Shopping
2632,ChIJWShvhQQKxkcRjuTGS6P3NsM,50,0.0027407772844378,Ox & Bucks,368,$$$$$$$,Restaurant,"[""Restaurant""]",bars in zuid,52.3399,4.8735921,Dining & Cafes
2633,ChIJKzyMurgJxkcRhhQLq6U-8GA,50,0.0027407772844378,Friet Point,302,$$$$$$,Snackbar,"[""Snackbar""]",restaurants in de wallen,52.3727219,4.8965236,Dining & Cafes
2634,ChIJq6paV8EJxkcRYa_SX75PSQY,50,0.0027407772844378,Vrankrijk,203,,Evenementenlocatie,"[""Evenementenlocatie""]",event venues in negen straatjes,52.3715732,4.8891433,Event venue
2635,ChIJV9g2Vc4JxkcRUMscU2oEeqs,50,0.0027407772844378,Cafe Ente,98,,Eetcafe,"[""Eetcafe"",""Bar"",""Bistro"",""Brunchrestaurant"",""Cocktailbar"",""Lunchrestaurant"",""Cafe"",""Restaurant"",""Wijnbar""]",bars in de jordaan,52.3803774,4.8868642,Dining & Cafes
2636,ChIJI7I5S7IJxkcR_7fHloEF9kw,50,0.0027407772844378,De Lachende Gulden,152,$$$$$$$,Koffiehuis,"[""Koffiehuis"",""Koffiebar""]",bars in de dapperbuurt,52.364433,4.9261896,Dining & Cafes
2637,ChIJ-Xga7bYJxkcRbIHekY3TCtI,50,0.0027407772844378,Osteria Moderna,201,,Italiaans restaurant,"[""Italiaans restaurant""]",restaurants in museumkwartier,52.3648148,4.877252299999999,Dining & Cafes
2638,ChIJ7Z1NOpsJxkcRRj1nkB_C_Sg,50,0.0027407772844378,Hotel Pagi Amsterdam,494,,Hotel,"[""Hotel""]",hotels in negen straatjes,52.3692923,4.8917563,Hotel
2639,ChIJdQa7kxEKxkcRpXvxnuz-m-g,50,0.0027407772844378,Intertoys,219,,Speelgoedwinkel,"[""Speelgoedwinkel"",""Cadeauwinkel"",""Videogamewinkel""]",stores in zuidas,52.3318263,4.8768669,Shopping
2640,ChIJHXZ4_t3jxUcRpvxVf1N0rRA,50,0.0027407772844378,Steakhouse/Pizzeria Osdorp,433,$$$$$$$,Pizzeria,"[""Pizzeria""]",bars in osdorpplein,52.3568416,4.7923161,Dining & Cafes
2641,ChIJ9xUTPZcLxkcRL6QHAEXnrsE,50,0.0027407772844378,Starbucks,467,$$$$$$,Koffiebar,"[""Koffiebar"",""Koffiehuis"",""Koffiewinkel"",""Espressobar""]",stores in bijlmer arena,52.3121749,4.947705,Dining & Cafes
2642,ChIJdUZ4deHjxUcRPwvLxo__5hw,50,0.0027407772844378,Wakuli specialty coffee bar,66,$$$$$$,Koffiewinkel,"[""Koffiewinkel"",""Ontbijtrestaurant"",""Koffiehuis"",""Koffiemachineleverancier"",""Koffiebranders"",""Koffiebar"",""Espressobar""]",coffeeshops in museumkwartier,52.3515085,4.8559569,Shopping
2643,ChIJRSnfG0IJxkcRirOMp1R5aHM,50,0.0027407772844378,Lovelee,276,,Discotheek,"[""Discotheek"",""Cultureel centrum"",""Locatie voor live muziek"",""Nachtclub""]",night clubs in amsterdam,52.3648119,4.8818315,Entertainment & Nightlife
2644,ChIJr97azjfjxUcRlZ7aO67M5Nc,50,0.0027407772844378,Comida House,80,$$$$$$$,Restaurant,"[""Restaurant""]",restaurants in osdorpplein,52.3514064,4.7959064,Dining & Cafes
2646,ChIJcXHVIYgLxkcRCajXh5vp9Gg,50,0.0027407772844378,Papa's Loft House,75,$$$$$$$,Restaurant,"[""Restaurant""]",restaurants in zuidas,52.3319203,4.8775515,Dining & Cafes
2647,ChIJMWJ1SNsJxkcRxbA1DIaie0Q,49,0.0026859617387491,Cafe De Gouden Florijn,394,$$$$$$,Koffiehuis,"[""Koffiehuis""]",bars in de jordaan,52.37379,4.881701,Dining & Cafes
2648,ChIJZ37x31EIxkcRu3d1AIlJDA8,49,0.0026859617387491,Eagle Amsterdam,229,$$$$$$$,Nachtclub,"[""Nachtclub"",""Gaynachtclub""]",night clubs in amsterdam,52.3746567,4.8970084,Entertainment & Nightlife
2649,ChIJv-73BHXixUcReMXvxkUdROQ,49,0.0026859617387491,Misc. Store,170,,Winkel,"[""Winkel""]",stores in zuidas,52.3693823,4.8803732,Shopping
2650,ChIJO6McAWQMxkcRAxxaUuMxico,49,0.0026859617387491,Hondenstrand Gaasperplas,213,,Hondenpark,"[""Hondenpark""]",parks in bijlmer arena,52.3038013,4.9828228,Green Recreation
2651,ChIJHQ3e0i4JxkcRTfxnwkjJMcg,49,0.0026859617387491,Charging Bull Amsterdam,70,,Toeristische attractie,"[""Toeristische attractie""]",tourist attractions in negen straatjes,52.3742943,4.895622599999999,Cultural & Historic
2652,ChIJ6-JgZfEJxkcR5H-MDC9z1ms,49,0.0026859617387491,Coffeeshop Pacific,295,,Cannabiswinkel,"[""Cannabiswinkel""]",coffeeshops in de pijp,52.3530594,4.8847207,Cannabisshop
2654,ChIJTeC0KW0JxkcRE2kqz2-r38w,49,0.0026859617387491,Toko Bersama,140,$$$$$$$,Afhaalrestaurant,"[""Afhaalrestaurant"",""Aziatische kruidenierswinkel"",""Catering"",""Maaltijdbezorging""]",stores in de dapperbuurt,52.3630974,4.9287136,Dining & Cafes
2655,ChIJdbUywL8JxkcRAESeA4oWikU,49,0.0026859617387491,Amsterdam House Hotel,438,,Hotel,"[""Hotel""]",hotels in dapperbuurt,52.3677855,4.8964511,Hotel
2656,ChIJbQ50-mzjxUcRMsRYXiIUpL8,49,0.0026859617387491,Poppy's Restaurant Amsterdam Zuid,77,,Restaurant,"[""Restaurant"",""Brunchrestaurant"",""Koffiehuis"",""Cocktailbar"",""Evenementenlocatie"",""Lunchrestaurant""]",bars in zuid,52.3514427,4.847796,Dining & Cafes
2657,ChIJE5uV39wJxkcRRxKGQ7sIzKc,49,0.0026859617387491,Het Stuivertje,229,$$,Restaurant,"[""Restaurant""]",restaurants in de jordaan,52.3700361,4.8802625,Dining & Cafes
2660,ChIJ63lQw3AJxkcRzolNReyytxQ,49,0.0026859617387491,Kwekkeboom Banketbakkerij Oost,319,$$$$$$,Bakkerij,"[""Bakkerij"",""Koffiebar"",""Lunchrestaurant"",""Banketbakker"",""Patisserie"",""Broodjeswinkel""]",cafes in dapperbuurt,52.3565821,4.9271862,Dining & Cafes
2661,ChIJAWN17rgJxkcRCtOAk2UP9-s,49,0.0026859617387491,The Old Church Bar,550,$$$$$$$,Bar,"[""Bar"",""Cafe""]",bars in wallengebied,52.3739538,4.8974714,Dining & Cafes
2662,ChIJRacXecXjxUcRcNONpTSotw4,49,0.0026859617387491,Steakhouse Pizzeria Osdorperban,369,$$$$$$,Pizzeria,"[""Pizzeria""]",restaurants in osdorpplein,52.3623419,4.8003503,Dining & Cafes
2663,ChIJb_cUabQJxkcRWeyGqaefkT4,49,0.0026859617387491,A Lab,189,,Cultureel centrum,"[""Cultureel centrum"",""Gedeelde werkplek"",""Evenementenlocatie""]",event venues in haarlemmerbuurt,52.3842194,4.9029639,Cultural & Historic
2664,ChIJeZ3ffc8JxkcRjMPOftES7Dc,49,0.0026859617387491,lululemon,170,$$$,Sportkledingwinkel,"[""Sportkledingwinkel"",""Kinderkleding"",""Herenmode"",""Damesmode""]",stores in negen straatjes,52.3722391,4.8861497,Shopping
2665,ChIJD7G353ELxkcRnZhYb2fwFJQ,49,0.0026859617387491,Bar Boele,89,$$$$$$$,Bar,"[""Bar""]",bars in zuid,52.3346886,4.8633308,Dining & Cafes
2666,ChIJjwe7nwUKxkcRNVmPFRToTpA,49,0.0026859617387491,Doppio Espresso Amsterdam Zuidas,282,$$$$$$$,Espressobar,"[""Espressobar"",""Ontbijtrestaurant"",""Catering"",""Cocktailbar"",""Lunchrestaurant"",""Afhaalpizza"",""Cafe"",""Broodjeswinkel""]",bars in zuid,52.3368077,4.8727226,Dining & Cafes
2667,ChIJEZtepq0JxkcRnrDKBqOem2k,49,0.0026859617387491,Hotel Isis,461,,Hotel,"[""Hotel""]",hotels in dapperbuurt,52.384196,4.913409,Hotel
2668,ChIJQ_tKzrkJxkcRYKxi_rC_ghg,48,0.0026311461930603,Restaurant Vermeer,366,$$$$$$,Haute-cuisinerestaurant,"[""Haute-cuisinerestaurant""]",restaurants in de wallen,52.376537,4.900446,Dining & Cafes
2669,ChIJ0fPAn9TjxUcRNPO9qRH-5l0,48,0.0026311461930603,Toko Bandung,405,$$$$$$$,Indonesisch restaurant,"[""Indonesisch restaurant"",""Aziatische kruidenierswinkel"",""Bistro"",""Afhaalrestaurant""]",restaurants in osdorpplein,52.3540534,4.8109696,Dining & Cafes
2670,ChIJc8MGIjwJxkcRazomf2p5Mtg,48,0.0026311461930603,Zevenlandenhuizen,61,,Toeristische attractie,"[""Toeristische attractie""]",tourist attractions in leidseplein,52.3614847,4.877377,Cultural & Historic
2671,ChIJC9EQFvgJxkcRLGqfce1sovE,48,0.0026311461930603,coffeecompany,280,$$$$$$,Koffiebar,"[""Koffiebar""]",coffeeshops in museumkwartier,52.347302,4.8766543,Dining & Cafes
2672,ChIJ1-JAEekJxkcRv_DgPewSBRc,48,0.0026311461930603,Cafe Het Hok,401,$$$$$$$,Koffiehuis,"[""Koffiehuis"",""Bar""]",bars in leidseplein,52.3635018,4.8851128,Dining & Cafes
2673,ChIJk_8NWTYLxkcRSDVeIf8Zp10,48,0.0026311461930603,Cafe Jansen Bajeskwartier,76,,Restaurant,"[""Restaurant"",""Koffiehuis"",""Koffiebar""]",cafes in bijlmer arena,52.336964,4.9261598,Dining & Cafes
2674,ChIJX1aeAwsMxkcRRfp3aW7e_Ek,48,0.0026311461930603,NoLIMIT,318,,Cultureel centrum,"[""Cultureel centrum"",""Buurthuis""]",event venues in bijlmer arena,52.3234257,4.972556099999999,Cultural & Historic
2675,ChIJ96fyQ5oOxkcRzuXNqS61s50,48,0.0026311461930603,Theo van Goghpark,423,,Park,"[""Park"",""Toeristische attractie""]",activities in leidseplein,52.3496673,5.0065566,Green Recreation
2676,ChIJgYIyXpUJxkcRWfKA76Xdhps,48,0.0026311461930603,Titus Parrilla,407,$$$$$$$,Bar & Grill,"[""Bar & Grill""]",bars in rembrandtplein,52.3664569,4.8961058,Dining & Cafes
2678,ChIJlca9ivAIxkcRH3CSp1Lm3ms,48,0.0026311461930603,Primera,146,,Tabakswinkel,"[""Tabakswinkel"",""Boekwinkel"",""Sigarenwinkel"",""Kaartverkoper voor evenementen"",""Cadeauwinkel"",""Loterijwinkel"",""Nieuwskiosk"",""Kantoorboekhandel"",""Winkel"",""E-sigaretten en accessoires""]",stores in buikslotermeerplein,52.3982651,4.9366054,Shopping
2679,ChIJIViai7vjxUcRb3qfOnbjo2M,48,0.0026311461930603,CEO Coffee & Bubble Tea,111,,Bubbeltheewinkel,"[""Bubbeltheewinkel"",""Koffiebar"",""Afhaalrestaurant""]",cafes in osdorpplein,52.360735,4.78247,Shopping
2680,ChIJ9WHRsnEJxkcRLxnn7m3bO6I,48,0.0026311461930603,Parfumerie Douglas,173,,Parfumerie,"[""Parfumerie"",""Cosmeticawinkel"",""Winkel in modeaccessoires""]",stores in de dapperbuurt,52.3568752,4.929666,Shopping
2681,ChIJhf9SeKQJxkcR0Q-aYeQbhoc,48,0.0026311461930603,Arcam,261,,Museum,"[""Museum"",""Architect"",""Toeristische attractie""]",museums in bijlmer arena,52.3714469,4.9126523,Cultural & Historic
2684,ChIJb2UmEAoJxkcRI8DLP3SJqis,48,0.0026311461930603,Carstens Cafe,370,$$$$$$,Koffiehuis,"[""Koffiehuis"",""Restaurant""]",cafes in haarlemmerbuurt,52.3775329,4.8973923,Dining & Cafes
2685,ChIJI-wyTdgJxkcRInawwhIs5rg,48,0.0026311461930603,Miniso,72,,Winkel,"[""Winkel""]",stores in de leidseplein,52.3696534,4.8913403,Shopping
2686,ChIJe7RCTnAJxkcRu29oofdQMp4,47,0.0025763306473715,La Bottega by Chiara's Food - Italian Delicatessen Shop,130,,Italiaanse kruidenierswinkel,"[""Italiaanse kruidenierswinkel"",""Koffiebar"",""Kookles"",""Delicatessenwinkel"",""Evenementenlocatie"",""Cadeauwinkel"",""Afhaalrestaurant"",""Broodjeswinkel"",""Wijnhandel""]",cafes in zuidas,52.3509919,4.9038068,Shopping
2687,ChIJN9je63AJxkcREMha6V0Kjf4,47,0.0025763306473715,Safak Grill,345,$$$$$$,Turks restaurant,"[""Turks restaurant"",""Afhaalrestaurant""]",bars in de dapperbuurt,52.3563847,4.927759099999999,Dining & Cafes
2688,ChIJB4Q4uM8JxkcRnoR4PdOvBFE,47,0.0025763306473715,Eetcafe Koevoet,184,$$,Italiaans restaurant,"[""Italiaans restaurant""]",restaurants in de jordaan,52.379585,4.8853659,Dining & Cafes
2689,ChIJl2OshscJxkcRFODrHMjyXyo,47,0.0025763306473715,Hotel Damrak Inn,452,,Hotel,"[""Hotel""]",hotels in de wallen,52.3751147,4.8953469,Hotel
2690,ChIJexX30ecJxkcRTiP1T7f21wQ,47,0.0025763306473715,Weber Hotel,272,,Hotel,"[""Hotel""]",hotels in museumkwartier,52.3648862,4.8802743,Hotel
2691,ChIJvRY1BkoJxkcRQZm_m6bgeyg,47,0.0025763306473715,Kalemegdan,127,$$$$$$$,Bar,"[""Bar"",""Cafe""]",bars in oud-oost,52.3620252,4.9273965,Dining & Cafes
2693,ChIJQzQbQJMJxkcRRelrc5C_qoY,47,0.0025763306473715,Bar Theo,74,$$$$$$$,Bar,"[""Bar""]",bars in de jordaan,52.3729772,4.8782429,Dining & Cafes
2694,ChIJ_3MBOMXjxUcR_qTXHI8eEm0,47,0.0025763306473715,Viswinkel/Restaurant Saidia,236,,Viswinkel,"[""Viswinkel"",""Visrestaurant""]",restaurants in osdorpplein,52.3624245,4.8007771,Dining & Cafes
2695,ChIJ_5KwRnILxkcRBWZiMuM6O4A,47,0.0025763306473715,Vascobelo,211,$$$$$$$,Koffiehuis,"[""Koffiehuis""]",cafes in vondelpark,52.3368569,4.8682662,Dining & Cafes
2697,ChIJ5V4cM4rixUcR9ZwLb0cxBmM,47,0.0025763306473715,Backspace Escape Rooms,355,,Escaperoomcentrum,"[""Escaperoomcentrum""]",activities in sloterdijk,52.3923698,4.8515183,Activities
2700,ChIJxdJGCvMJxkcRXhFJ-PIOjS0,47,0.0025763306473715,Cafe Hermes,292,$$$$$$$,Bar,"[""Bar"",""Koffiehuis""]",bars in museumkwartier,52.3527,4.8892,Dining & Cafes
2701,ChIJA4YuAOkJxkcR5qsgD9g4-fc,47,0.0025763306473715,La Luna Steakhouse Grill,731,$$,Steakhouse,"[""Steakhouse""]",bars in leidseplein,52.3643105,4.884183999999999,Dining & Cafes
2702,ChIJrRr1R8TjxUcRqJ2wwk-d4uA,47,0.0025763306473715,Coffee & Juices,100,$$$$$$,Koffiebar,"[""Koffiebar""]",cafes in sloterdijk,52.3746123,4.8594867,Dining & Cafes
2703,ChIJ18NoILgJxkcRrUqf5gnBZgw,47,0.0025763306473715,VIC's BAR,191,$$$$$$$,Bar,"[""Bar"",""Lounge""]",bars in wallengebied,52.377306,4.897846,Dining & Cafes
2704,ChIJzeKdC8AJxkcR01jCuc6AJfw,47,0.0025763306473715,Hotel Residence Le Coin,388,,Hotel,"[""Hotel""]",hotels in negen straatjes,52.3678912,4.8943866,Hotel
2705,ChIJeahCMQoJxkcRNHIDfwVqZE0,47,0.0025763306473715,Mascini,112,,Theater,"[""Theater""]",event venues in nieuwmarkt,52.3755305,4.9006773,Event venue
2706,ChIJuVqzx7kJxkcR_NeljehU6TQ,46,0.0025215151016828,De Roode Laars,293,$$$$$$$,Cafe,"[""Cafe""]",bars in wallengebied,52.3759589,4.9005148,Dining & Cafes
2707,ChIJlUWfL68LxkcR8DfHAkio2RA,46,0.0025215151016828,GREEN gastrobar,103,$$$$$$,Restaurant,"[""Restaurant""]",restaurants in zuidas,52.3379413,4.8773689,Dining & Cafes
2708,ChIJA-W73fIJxkcRkH56fqa6K_E,46,0.0025215151016828,FEBO Amsterdam - Linnaeusstraat,305,$$$$$$,Snackbar,"[""Snackbar""]",restaurants in dapperbuurt,52.3560565,4.9274866,Dining & Cafes
2709,ChIJJ-SnGnXixUcRCcrnMREovhg,46,0.0025215151016828,Hotel Larende,347,,Hotel,"[""Hotel""]",hotels in sloterdijk,52.3698375,4.8660306,Hotel
2710,ChIJE0bppekJxkcRijFvgNDqaYQ,46,0.0025215151016828,Hotel 717,168,,Hotel,"[""Hotel""]",hotels in negen straatjes,52.3648077,4.8853962,Hotel
2711,ChIJMUJTVzwKxkcR3C-PLbhF_0A,46,0.0025215151016828,Rosarium Amsterdam,262,$$,Evenementenlocatie,"[""Evenementenlocatie"",""Restaurant""]",event venues in zuidas,52.331946,4.8915132,Event venue
2712,ChIJtYrcg3oJxkcRIJqaKAYWsLs,46,0.0025215151016828,coffeecompany,225,$$$$$$,Koffiebar,"[""Koffiebar"",""Koffiewinkel""]",cafes in dapperbuurt,52.3543552,4.929369,Dining & Cafes
2714,ChIJ3d9HP8UJxkcRjTZAEeg6yNE,46,0.0025215151016828,Cafe De Twee Zwaantjes,380,$$,Koffiehuis,"[""Koffiehuis"",""Bar""]",bars in de jordaan,52.3763567,4.8842165,Dining & Cafes
2715,ChIJ24k3pfoJxkcR3jYtGVRWBj8,46,0.0025215151016828,Cafe Viotta,543,$$$$$$$,Restaurant,"[""Restaurant"",""Koffiebar"",""Lunchrestaurant"",""Cafe""]",bars in museumkwartier,52.3561091,4.8793851,Dining & Cafes
2718,ChIJNffiqs0JxkcR0BXZ7M5ZZZ0,46,0.0025215151016828,Joe's Hot-Shop,182,$$$$$$,Restaurant,"[""Restaurant""]",restaurants in haarlemmerbuurt,52.3801626,4.8927594,Dining & Cafes
2719,ChIJm3lqbxgJxkcRzSD0-2DEbks,46,0.0025215151016828,Benelux Bar,68,,Bar,"[""Bar""]",bars in buikslotermeerplein,52.3839354,4.9217292,Dining & Cafes
2720,ChIJdVqmxusJxkcRleV5jy4rI5U,46,0.0025215151016828,STACH Cafe,327,$$$$$$,Koffiehuis,"[""Koffiehuis""]",cafes in leidseplein,52.3633538,4.8885427,Dining & Cafes
2722,ChIJ___iUrgJxkcRv-EtjgQSKWs,46,0.0025215151016828,Facade Hotel Amsterdam,699,,Hotel,"[""Hotel""]",hotels in de wallen,52.3750013,4.8992383,Hotel
2723,ChIJ4eUObuUJxkcRBO8BJ_uZ1vY,46,0.0025215151016828,TAIKO,321,$$$$$$,Aziatisch restaurant,"[""Aziatisch restaurant"",""Restaurant""]",restaurants in museumkwartier,52.3585521,4.8794723,Dining & Cafes
2724,ChIJjXTkE-kJxkcR_YKONOm5KF8,46,0.0025215151016828,Porto Carrara,390,$$$$$$$,Italiaans restaurant,"[""Italiaans restaurant""]",restaurants in leidseplein,52.3634139,4.8852648,Dining & Cafes
2725,ChIJJcCcnSsIxkcRjYN6XwxDrk4,46,0.0025215151016828,Bagels & Beans,247,$$$$$$$,Bagelwinkel,"[""Bagelwinkel"",""Ontbijtrestaurant"",""Brunchrestaurant"",""Koffiebar"",""Koffiewinkel"",""Smoothiewinkel"",""Veganistisch restaurant"",""Vegetarisch restaurant""]",cafes in haarlemmerbuurt,52.3914297,4.8778622,Shopping
2726,ChIJNwqxe-QJxkcRpl2yUxV_sks,46,0.0025215151016828,Standbeeld Joost van den Vondel,155,,Historisch herkenningspunt,"[""Historisch herkenningspunt""]",monuments in de pijp,52.3600162,4.8739976,Cultural & Historic
2727,ChIJzVvyy58JxkcRdoG8m1Wy-Ik,46,0.0025215151016828,Restaurant Elkaar,275,$$$$$$,Restaurant,"[""Restaurant""]",restaurants in oosterparkbuurt,52.3632691,4.9192148,Dining & Cafes
2728,ChIJZeN-y5cLxkcRIDzxH_RkPpk,46,0.0025215151016828,Cafe Baco,235,$$$$$$$,Bar,"[""Bar""]",bars in bijlmer arena,52.3138673,4.9394102,Dining & Cafes
2729,ChIJSVnzsMMJxkcRmrCfR7-rkng,46,0.0025215151016828,Rapha Cycle Club Amsterdam,338,,Sportkledingwinkel,"[""Sportkledingwinkel"",""Koffiehuis"",""Outlet-winkelcentrum"",""Fietsservices""]",shopping malls in negen straatjes,52.3703575,4.8861,Shopping
2730,ChIJT1B5fNsJxkcRXfXhAFWHMf0,46,0.0025215151016828,Warhammer store Amsterdam West,317,$$,Hobbywinkel,"[""Hobbywinkel"",""Modelbouwwinkel"",""Speelgoedwinkel"",""Videogamewinkel""]",stores in de jordaan,52.3729819,4.8799779,Shopping
2731,ChIJyzufPukJxkcRSRJt9R0CA04,46,0.0025215151016828,Whiskycafe L&B,832,$$$$$$$,Bar,"[""Bar""]",bars in leidseplein,52.3627657,4.8851832,Dining & Cafes
2732,ChIJs58wK0EJxkcRnfOdKEtmH1M,46,0.0025215151016828,Diptyque Amsterdam,95,,Parfumerie,"[""Parfumerie"",""Kaarsenwinkel""]",stores in negen straatjes,52.3690937,4.8830048,Shopping
2733,ChIJcbvgWrgJxkcRL47r7ZFik0o,45,0.002466699555994,"Cafe ""Wiener""",246,$$,Koffiehuis,"[""Koffiehuis""]",cafes in de wallen,52.3750725,4.8984007,Dining & Cafes
2734,ChIJgVjzwHwJxkcRCcDA7oUMGfs,45,0.002466699555994,Half Moon Lounge,73,,Bar,"[""Bar"",""Cocktailbar"",""Lounge""]",bars in museumkwartier,52.3516956,4.8717063,Dining & Cafes
2735,ChIJK6R_FNDjxUcRfUkpzQibLOY,45,0.002466699555994,Coffee Blends,311,$$$$$$,Koffiebar,"[""Koffiebar""]",bars in osdorpplein,52.3586853,4.8014975,Dining & Cafes
2736,ChIJWSsVX94JxkcRWXG0-TC6tog,45,0.002466699555994,Mirchi Restaurant,221,$$$$$$$,Restaurant,"[""Restaurant"",""Maaltijdbezorging"",""Afhaalrestaurant""]",bars in indische buurt,52.3636165,4.935168,Dining & Cafes
2737,ChIJ97PizecJxkcRdsGKZB3EOXg,45,0.002466699555994,Hotel Titus,355,,Hotel,"[""Hotel""]",hotels in dapperbuurt,52.3649617,4.8800475,Hotel
2738,ChIJpT40kCsJxkcRfZyhYM4yUV0,45,0.002466699555994,Stars Burgers,272,$$$$$$$,Hamburgerrestaurant,"[""Hamburgerrestaurant""]",restaurants in nieuwmarkt,52.3707912,4.9007759,Dining & Cafes
2741,ChIJJVfR19wJxkcReTkw748dBzo,45,0.002466699555994,Restaurant Palladio,285,$$,Restaurant,"[""Restaurant""]",restaurants in negen straatjes,52.36993,4.8811702,Dining & Cafes
2742,ChIJjYr468cJxkcRzHm6S2bAGGs,45,0.002466699555994,The Cuckoo's Nest,159,$$$$$$$,Homobar,"[""Homobar"",""Gaynachtclub"",""Cafe""]",bars in haarlemmerbuurt,52.3763745,4.8950105,Dining & Cafes
2743,ChIJdQjy2QbixUcRttmN6ZokN_M,45,0.002466699555994,Aadam Wilhelmina Hotel,430,,Hotel,"[""Hotel"",""Restaurant""]",hotels in museumkwartier,52.3527042,4.861807,Hotel
2745,ChIJAYgX9ugJxkcRTC293o7AxTo,45,0.002466699555994,New York Steak House,351,$$,Restaurant,"[""Restaurant"",""Steakhouse""]",restaurants in leidseplein,52.3645091,4.8830702,Dining & Cafes
2746,ChIJBXvWVsAJxkcR-auwNi9aei4,45,0.002466699555994,Ruiterstandbeeld Koningin Wilhelmina,422,,Historisch herkenningspunt,"[""Historisch herkenningspunt"",""Toeristische attractie""]",monuments in buikslotermeerplein,52.3691613,4.8923009,Cultural & Historic
2747,ChIJ5f5ndVIIxkcRyXNHQFRVtRg,45,0.002466699555994,Winkelcentrum Mosveld,84,,Winkelcentrum,"[""Winkelcentrum""]",shopping malls in negen straatjes,52.3912555,4.9122102,Shopping
2749,ChIJIYdfx1jixUcR0vhcOjJnUIM,45,0.002466699555994,The Doner Company,245,$$$$$$,Kebabzaak,"[""Kebabzaak""]",restaurants in sloterdijk,52.3889686,4.8386008,Dining & Cafes
2750,ChIJ3_0RuOEJxkcR6mUCsJXVVvk,45,0.002466699555994,Our Corner Cafe Bar,192,$$$$$$$,Koffiehuis,"[""Koffiehuis""]",cafes in de wallen,52.3757759,4.9007135,Dining & Cafes
2751,ChIJEfcuNo4JxkcRDWourNvH_34,45,0.002466699555994,Snackbar Babo,168,$$$$$$,Snackbar,"[""Snackbar""]",restaurants in de pijp,52.3544663,4.9017164,Dining & Cafes
2752,ChIJF24gw3MJxkcRxPb_fILD4EM,45,0.002466699555994,Lalla rookh,528,$$$$$$$,Surinaams restaurant,"[""Surinaams restaurant"",""Aziatisch restaurant""]",bars in de dapperbuurt,52.3606622,4.9285676,Dining & Cafes
2753,ChIJARuMOZALxkcRaZ5YsyowegQ,45,0.002466699555994,ANWB Winkel,288,,Winkel,"[""Winkel"",""Kampeerwinkel"",""Kledingwinkel"",""Reisartikelenwinkel"",""Buitensportwinkel"",""Schoenenwinkel""]",stores in bijlmer arena,52.3133395,4.9501099,Shopping
2754,ChIJATi1lWjixUcRA5Z7d5yXIi8,45,0.002466699555994,Bagels & Beans,611,$$$$$$$,Bagelwinkel,"[""Bagelwinkel"",""Ontbijtrestaurant"",""Brunchrestaurant"",""Koffiebar"",""Koffiewinkel"",""Smoothiewinkel"",""Veganistisch restaurant"",""Vegetarisch restaurant""]",cafes in sloterdijk,52.3781696,4.8482157,Shopping
2755,ChIJAU5pnZoJxkcRp3pKArYZLl4,45,0.002466699555994,Ibiza Lounge Amsterdam | Leidseplein,95,,Nachtclub,"[""Nachtclub"",""Cocktailbar"",""Discotheek""]",bars in leidseplein,52.3639947,4.8837836,Entertainment & Nightlife
2758,ChIJaSxUfQ7ixUcRZfa4mA1Vw40,45,0.002466699555994,Amsterdam Genetics,446,,Zaadleverancier,"[""Zaadleverancier"",""Cannabiswinkel"",""Kledingwinkel""]",stores in sloterdijk,52.3910615,4.8303801,Cannabisshop
2759,ChIJHSmlP6IJxkcR6Uls7JObPN4,45,0.002466699555994,Cafe De Baron Amsterdam,240,$$$$$$$,Koffiehuis,"[""Koffiehuis"",""Restaurant""]",cafes in de pijp,52.356937,4.896787,Dining & Cafes
2760,ChIJEbFE6NYLxkcRXBKl7DE4BMU,44,0.0024118840103053,Auping Store Amsterdam Buitenveldert,218,,Matrassenwinkel,"[""Matrassenwinkel"",""Beddenwinkel"",""Beddengoedwinkel""]",stores in zuidas,52.3319244,4.870202,Shopping
2761,ChIJ17x1Fe8JxkcR-r-0ESpfoHA,44,0.0024118840103053,Rimowa,191,,Reisartikelenwinkel,"[""Reisartikelenwinkel"",""Winkel in modeaccessoires""]",stores in museumkwartier,52.3604833,4.882012899999999,Shopping
2762,ChIJ7ZBboecJxkcRkLBn8cQtB2Q,44,0.0024118840103053,NL-Hotel district Leidseplein,296,,Hotel,"[""Hotel""]",hotels in bijlmer arena,52.3656873,4.8780905,Hotel
2763,ChIJc2KaKQ4JxkcRXwtnRRWa1tI,44,0.0024118840103053,Hayai Sushi Amsterdam-Zuid,152,,Japans restaurant,"[""Japans restaurant"",""Sushi takeaway""]",restaurants in zuidas,52.3483889,4.9047755,Dining & Cafes
2764,ChIJPTL2Jq7jxUcRTIvAU7fGNsg,44,0.0024118840103053,Hayai sushi Amsterdam West,189,,Sushi takeaway,"[""Sushi takeaway"",""Maaltijdbezorging"",""Afhaalrestaurant"",""Sushirestaurant""]",restaurants in sloterdijk,52.3814408,4.85526,Dining & Cafes
2765,ChIJfWrrN4cJxkcRtOgzbihdbFI,44,0.0024118840103053,Wakuli specialty coffee bar,57,$$$$$$,Koffiehuis,"[""Koffiehuis"",""Ontbijtrestaurant"",""Koffiebranders"",""Koffiewinkel"",""Espressobar""]",bars in de dapperbuurt,52.3630664,4.9269935,Dining & Cafes
2766,ChIJM6qwD9wJxkcRnjEQ8VgaQ4o,44,0.0024118840103053,Warie's Thai Food,392,$$$$$$$,Thais restaurant,"[""Thais restaurant"",""Maaltijdbezorging"",""Afhaalrestaurant""]",restaurants in de jordaan,52.3722269,4.8765567,Dining & Cafes
2767,ChIJA-CLOL8JxkcRU_0fOCNjRrg,44,0.0024118840103053,De Waalse Kerk,217,,Hervormde kerk,"[""Hervormde kerk"",""Kerk"",""Concertzaal"",""Cultureel centrum"",""Protestantse kerk"",""Toeristische attractie""]",tourist attractions in bijlmer arena,52.371041,4.897241,Cultural & Historic
2769,ChIJPbq3pYgJxkcRdOu0ZLpMCFA,44,0.0024118840103053,Krua Buppha Thais Restaurant,238,$$$$$$$,Thais restaurant,"[""Thais restaurant""]",restaurants in zuidas,52.349496,4.904281,Dining & Cafes
2770,ChIJyRLPyL0JxkcRpUrfi8GpXjU,44,0.0024118840103053,Kilostore Waterlooplein,349,,Winkel voor vintage kleding,"[""Winkel voor vintage kleding""]",stores in de nieuwmarkt,52.3686312,4.903041099999999,Shopping
2771,ChIJoUdMsc0JxkcR9smlO8Mi9WQ,44,0.0024118840103053,Axum Restaurant,107,$$$$$$$,Ethiopisch restaurant,"[""Ethiopisch restaurant""]",restaurants in oud-oost,52.3566861,4.9099334,Dining & Cafes
2774,ChIJnwUnN44LxkcRIBalWXnZoO4,44,0.0024118840103053,H&M,391,$,Kledingwinkel,"[""Kledingwinkel"",""Kinderkleding""]",stores in bijlmer arena,52.3141052,4.9528779,Shopping
2776,ChIJVVXhufIJxkcRvUX2txRrOYQ,44,0.0024118840103053,Kilostore de Pijp,235,,Winkel voor vintage kleding,"[""Winkel voor vintage kleding""]",stores in de pijp,52.355071,4.8916342,Shopping
2777,ChIJjdlPy-MJxkcR8CFeZEK6VGY,44,0.0024118840103053,Fietsvoordeelshop,202,,Winkel voor elektrische fietsen,"[""Winkel voor elektrische fietsen"",""Fietsenmaker"",""Fietsenwinkel""]",stores in zuidas,52.3371392,4.8683527,Shopping
2779,ChIJrftgGQDjxUcR9CEV712QDjY,44,0.0024118840103053,Istanbul To Go,114,$$$$$$,Snackbar,"[""Snackbar""]",restaurants in sloterdijk,52.3845629,4.8469343,Dining & Cafes
2780,ChIJA1SCgMgJxkcR1DOR23aBVxw,43,0.0023570684646165,Hapimag Stadtresidenz Amsterdam,246,,Hotel,"[""Hotel"",""Vakantiecomplex"",""Vakantieappartement""]",hotels in haarlemmerbuurt,52.3776425,4.8932848,Hotel
2781,ChIJC0-EzegJxkcRpDxghnUALnM,43,0.0023570684646165,ArtNL,218,,Winkel,"[""Winkel"",""Wenskaartenwinkel""]",stores in de leidseplein,52.3657071,4.8863218,Shopping
2782,ChIJ4RMN5NoJxkcRtPxaAmWu1cI,43,0.0023570684646165,Electric Ladyland,511,,Museum voor moderne kunst,"[""Museum voor moderne kunst"",""Museum"",""Toeristische attractie""]",tourist attractions in negen straatjes,52.3755919,4.8807729,Shopping
2783,ChIJoRg1oTkJxkcR4A4_eJNFuCc,43,0.0023570684646165,JoKi,64,$$$$$$,Koffiebar,"[""Koffiebar""]",cafes in indische buurt,52.369028,4.9533188,Dining & Cafes
2785,ChIJq4UcUvwJxkcR0fLQ1pIlpTE,43,0.0023570684646165,Restaurant Bellavista,251,,Italiaans restaurant,"[""Italiaans restaurant"",""Pastawinkel"",""Pizzeria""]",restaurants in museumkwartier,52.353868,4.869428,Dining & Cafes
2786,ChIJvQc_WgUKxkcRcUUTDmQRbsI,43,0.0023570684646165,Manhattan Bar,160,$$,Bar,"[""Bar"",""Cocktailbar"",""Bar met live muziek"",""Wijnbar""]",bars in museumkwartier,52.3358903,4.8748242,Dining & Cafes
2789,ChIJaVKWuJAJxkcRlk4qUQuZFKk,43,0.0023570684646165,soupenzo - haarlemmer,77,$$$$$$,Soeprestaurant,"[""Soeprestaurant"",""Afhaalrestaurant"",""Biologische kruidenier"",""Saladewinkel"",""Veganistisch restaurant""]",bars in haarlemmerbuurt,52.3803892,4.8912986,Dining & Cafes
2790,ChIJJbXV6_AIxkcR5_kO1VMEzQA,43,0.0023570684646165,Smokey Burger,172,$$$$$$$,Hamburgerrestaurant,"[""Hamburgerrestaurant""]",bars in buikslotermeerplein,52.3986781,4.9353541,Dining & Cafes
2791,ChIJtxLR5LgJxkcR6ck1vAhQ8X0,43,0.0023570684646165,Cafe Pleinzicht,322,$$,Koffiehuis,"[""Koffiehuis""]",cafes in de wallen,52.3738293,4.8986625,Dining & Cafes
2792,ChIJXQqkpC0LxkcR7YKLy9G6euU,43,0.0023570684646165,Sushito Zuidas,118,$$$$$$$,Sushi takeaway,"[""Sushi takeaway""]",restaurants in zuidas,52.3358652,4.869281,Dining & Cafes
2793,ChIJSRdIR-kJxkcRaYnZGQDtm9k,43,0.0023570684646165,Cafe De Gieter,486,$$$$$$,Cafe,"[""Cafe""]",bars in leidseplein,52.3626666,4.885721,Dining & Cafes
2794,ChIJzSxkz70JxkcRrx5kBqtjNMU,43,0.0023570684646165,4 Cats,261,,Dierenwinkel,"[""Dierenwinkel""]",stores in de nieuwmarkt,52.3683729,4.9026033,Shopping
2795,ChIJgwPlAekJxkcR6y8QllR9iMc,43,0.0023570684646165,Bubbels Amsterdam,634,$$,Bar,"[""Bar""]",bars in leidseplein,52.3641667,4.8841667,Dining & Cafes
2796,ChIJxzQFYpsJxkcRGdCeGkxGtl4,43,0.0023570684646165,Dierenwinkel Amsterdam,254,,Dierenwinkel,"[""Dierenwinkel""]",stores in oosterparkbuurt,52.3569587,4.9127633,Shopping
2797,ChIJ-wWRD0oJxkcR0bS7kAzkb4w,43,0.0023570684646165,Club iNN,69,,Nachtclub,"[""Nachtclub"",""Eetcafe"",""Cafe"",""Wijnbar""]",bars in leidseplein,52.3648192,4.881990099999999,Entertainment & Nightlife
2799,ChIJZyNmnoUJxkcR1s1oj9oARjE,43,0.0023570684646165,Tolbar,320,$$$$$$$,Bar,"[""Bar"",""Kunstcafe"",""Veganistisch restaurant"",""Vegetarisch restaurant""]",bars in de pijp,52.3527291,4.9066757,Dining & Cafes
2800,ChIJQw7mSMcJxkcR--wMXNo8vZY,43,0.0023570684646165,Yip Fellows,393,$$$$$$$,Bar,"[""Bar""]",bars in wallengebied,52.3725903,4.8941943,Dining & Cafes
2801,ChIJiXkCqpsJxkcRbLKfbm_UuVM,43,0.0023570684646165,coffeecompany,395,$$$$$$,Koffiebar,"[""Koffiebar"",""Koffiehuis"",""Koffiewinkel""]",cafes in dapperbuurt,52.3580213,4.9103324,Dining & Cafes
2802,ChIJ59kgDW8JxkcRVq1IKncjfZ8,43,0.0023570684646165,Miss Hotpot,87,$$$$$$$,Aziatisch restaurant,"[""Aziatisch restaurant""]",restaurants in indische buurt,52.3570337,4.9269324,Dining & Cafes
2804,ChIJOw5mKJAJxkcRD203XryaISQ,43,0.0023570684646165,Mooshka Vegan Soul Food,489,$$$$$$$,Veganistisch restaurant,"[""Veganistisch restaurant"",""Cocktailbar"",""Eritrees restaurant"",""Ethiopisch restaurant"",""Hamburgerrestaurant"",""Biologisch restaurant"",""Restaurant"",""Vegetarisch restaurant""]",bars in zuid,52.3540434,4.9016187,Dining & Cafes
2805,ChIJq-D_vRUJxkcRXymVfKHNKdA,43,0.0023570684646165,Bakkerij Mas,70,$$$$$$,Bakkerij,"[""Bakkerij"",""Koffiebar"",""Lunchrestaurant"",""Wijnbar""]",bars in museumkwartier,52.3568109,4.9370135,Dining & Cafes
2806,ChIJqWak1ucJxkcR77XVnbw_aKA,43,0.0023570684646165,Cafe Weber,424,,Bar,"[""Bar""]",bars in museumkwartier,52.3649287,4.8807216,Dining & Cafes
2807,ChIJKfKVTAkKxkcRZzl6ilDjvUg,43,0.0023570684646165,Free Wheely Amsterdam,175,,Fietsenwinkel,"[""Fietsenwinkel"",""Fietsenmaker""]",stores in zuidas,52.3313459,4.8683173,Shopping
2809,ChIJwW9aG3gJxkcRJgC0D7pvBrY,42,0.0023022529189278,Avondverkoop/Snackbar Zizi,116,$$$$$$,Turks restaurant,"[""Turks restaurant""]",restaurants in dapperbuurt,52.3546311,4.919869299999999,Dining & Cafes
2811,ChIJF2jj51UJxkcR9LOn0pArRs4,42,0.0023022529189278,Moulin Rouge Amsterdam,211,$$$$$$$,Meisjesbar,"[""Meisjesbar""]",night clubs in amsterdam,52.3743594,4.9002215,Dining & Cafes
2812,ChIJI6j02wUKxkcRglTTlOjcU9k,42,0.0023022529189278,Lebkov & Sons Zuidas,124,$$$$$$,Koffiehuis,"[""Koffiehuis"",""Ontbijtrestaurant"",""Brunchrestaurant"",""Koffiebar"",""Espressobar"",""Lunchrestaurant"",""Afhaalrestaurant"",""Broodjeswinkel"",""Vegetarisch restaurant""]",cafes in bijlmer arena,52.3374658,4.8700348,Dining & Cafes
2813,ChIJE2ThzoAJxkcR1ptN1NY30pc,42,0.0023022529189278,Hostel Warmoes Amsterdam,205,,Herberg,"[""Herberg"",""Hotel"",""Reisbureau"",""Jeugdhostel""]",hotels in de wallen,52.374953,4.8977539,Hotel
2815,ChIJmwPNPQAJxkcR8JaNF8BqMBE,42,0.0023022529189278,Restaurant Tehran,107,$$$$$$$,Restaurant,"[""Restaurant""]",restaurants in de jordaan,52.372777,4.877553,Dining & Cafes
2816,ChIJ5ZfLOMYJxkcRqbJFH0Vl1W0,42,0.0023022529189278,Hotel The Craftsmen,268,,Hotel,"[""Hotel""]",hotels in de wallen,52.3762665,4.8917064,Hotel
2817,ChIJx6qmYJUJxkcRaE55JG3939o,42,0.0023022529189278,Terras Cafe De Monico,158,$$$$$$,Koffiehuis,"[""Koffiehuis""]",cafes in negen straatjes,52.3663729,4.8962298,Dining & Cafes
2818,ChIJD-Y0X8AJxkcRAwECA3mLh5E,42,0.0023022529189278,Kadinsky Coffeeshop Amsterdam - Langebrugsteeg,322,,Cannabiswinkel,"[""Cannabiswinkel""]",coffeeshops in de wallen,52.3693439,4.8929979,Cannabisshop
2819,ChIJP4JvN8wJxkcRFa1yS5wdlzI,42,0.0023022529189278,Amsterdam Prince Island by YAYS,449,,Hotel,"[""Hotel"",""Appartementencomplex"",""Hotel voor langdurig verblijf"",""Vakantieappartement"",""Kamerverhuurbedrijf voor kortetermijnverhuur"",""Verhuurbedrijf voor vakantiehuizen""]",hotels in haarlemmerbuurt,52.384062,4.8883961,Hotel
2821,ChIJ5zxKCQAJxkcRdqCSTSXCWrY,42,0.0023022529189278,Kilo's Kitchen,92,$$$$$$$,Vietnamees restaurant,"[""Vietnamees restaurant""]",restaurants in buikslotermeerplein,52.4020578,4.932294199999999,Dining & Cafes
2822,ChIJs69RGbgJxkcRnb0X_Jx7ses,42,0.0023022529189278,Hotel Neutraal,419,,Hotel,"[""Hotel""]",hotels in de wallen,52.376862,4.897671,Hotel
2823,ChIJN8mqWOgJxkcRO8LIYYmClas,42,0.0023022529189278,Cafe Reynders,292,$$$$$$,Cafe,"[""Cafe""]",bars in leidseplein,52.3646634,4.882987099999999,Dining & Cafes
2824,ChIJ7QOvA8gJxkcRbo1RFb54Dnk,42,0.0023022529189278,Hotel Jimmy,215,,Hotel,"[""Hotel""]",hotels in de wallen,52.3777175,4.8961805,Hotel
2825,ChIJM8_KPZYJxkcRO5eSxeKTK1U,42,0.0023022529189278,Museum van de Geest | Amsterdam,97,,Museum,"[""Museum"",""Toeristische attractie""]",museums in negen straatjes,52.3657717,4.9027821,Cultural & Historic
2826,ChIJqeP-C8sLxkcRCZpa4cMB9dw,42,0.0023022529189278,Boutique Hotel Oosteinde Amsterdam,409,,Hotel,"[""Hotel""]",hotels in bijlmer arena,52.3592487,4.9017032,Hotel
2827,ChIJzQaK3NHjxUcR-N8U00RaUv0,42,0.0023022529189278,Assos Juwelier,160,,Juwelier,"[""Juwelier""]",stores in osdorpplein,52.3596065,4.8062698,Shopping
2828,ChIJ4xZPl3IJxkcRMk_T-dAcUd0,42,0.0023022529189278,Couscousbar Amsterdam,203,$$$$$$$,Restaurant,"[""Restaurant""]",bars in indische buurt,52.3634683,4.9329262,Dining & Cafes
2829,ChIJNTBBLbgJxkcRWptRITRZITU,42,0.0023022529189278,Cafe De Groote Swaen,274,$$$$$$$,Cafe,"[""Cafe""]",bars in nieuwmarkt,52.3765649,4.8995295,Dining & Cafes
2830,ChIJOZ9-cpIJxkcRaaEOajUK-pM,42,0.0023022529189278,Lunchcafe Bozz,288,$$$$$$$,Koffiehuis,"[""Koffiehuis"",""Eetcafe"",""Afhaalrestaurant"",""Broodjeswinkel""]",restaurants in de pijp,52.3565848,4.897904,Dining & Cafes
2832,ChIJU36KqooJxkcR4Qi0N13iG30,42,0.0023022529189278,Feduzzi,168,,Delicatessenwinkel,"[""Delicatessenwinkel"",""Slagerij"",""Catering"",""Italiaans restaurant"",""Lunchrestaurant"",""Afhaalrestaurant"",""Restaurant"",""Supermarkt"",""Vegetarisch restaurant""]",supermarkets in vondelpark,52.345662,4.89119,Shopping
2833,ChIJ081FkfIJxkcRM9OKc4YxmXM,42,0.0023022529189278,Duikelman B.V.,197,,Kookwinkel,"[""Kookwinkel"",""Horecagroothandel""]",stores in de pijp,52.3554467,4.8899688,Shopping
2834,ChIJ_yqnEVEJxkcRHOKUleyeHng,42,0.0023022529189278,Wonder Bar One,67,$$$$$$$,Bar,"[""Bar""]",bars in wallengebied,52.3788751,4.894906199999999,Dining & Cafes
2835,ChIJyS8C-0zixUcRQRGJHPp69Ck,42,0.0023022529189278,Bar Content,224,$$$$$$,Cafe,"[""Cafe""]",bars in sloterdijk,52.3773541,4.8193169,Dining & Cafes
2836,ChIJc9-EGI4JxkcRZj4dUp8iFOE,42,0.0023022529189278,Vlaamsch Broodhuys Van Woustraat Amsterdam,195,$$$$$$,Bakkerij,"[""Bakkerij"",""Ontbijtrestaurant"",""Brunchrestaurant"",""Koffiebar"",""Lunchrestaurant"",""Restaurant"",""Broodjeswinkel""]",cafes in de pijp,52.3552528,4.9007047,Dining & Cafes
2837,ChIJLQWcD5UJxkcRW_PFNQOcUjI,42,0.0023022529189278,Vault Bar,128,$$$$$$$,Cocktailbar,"[""Cocktailbar"",""Bar""]",bars in museumkwartier,52.3647,4.896999999999999,Dining & Cafes
2838,ChIJi_jdoDwJxkcRiuOrdbodMBE,42,0.0023022529189278,Bob W Oosterpark,118,,Hotel,"[""Hotel"",""Hotel voor langdurig verblijf"",""Serviceaccommodatie"",""Kamerverhuurbedrijf voor kortetermijnverhuur"",""Vakantieappartement""]",hotels in bijlmer arena,52.3549487,4.9285033,Hotel
2839,ChIJg9G09_oJxkcR9tRhifCCPfA,42,0.0023022529189278,De Ware Jacob Boutique Hotel,121,,Hotel,"[""Hotel""]",hotels in negen straatjes,52.3540964,4.876926399999999,Hotel
2840,ChIJz2mXV8gJxkcRUcOJCx1FEHk,42,0.0023022529189278,IT'S A PRESENT!,208,,Cadeauwinkel,"[""Cadeauwinkel"",""Wenskaartenwinkel"",""Woonwinkel""]",stores in de haarlemmerbuurt,52.3794752,4.8936327,Shopping
2841,ChIJLz_OX-fjxUcR04M94YVRuFo,42,0.0023022529189278,Zanzi Grillroom,249,$$$$$$,Grillrestaurant,"[""Grillrestaurant"",""Barbecuerestaurant""]",restaurants in osdorpplein,52.3562144,4.786427499999999,Dining & Cafes
2842,ChIJ4dpQVccJxkcRK10_tPfSYLQ,42,0.0023022529189278,Parfumerie Marjo,250,,Parfumerie,"[""Parfumerie"",""Leverancier van schoonheidsproducten"",""Cosmeticawinkel"",""Make-upartiest""]",stores in de wallen,52.372094,4.895574,Shopping
2843,ChIJMQMqpWwJxkcRIccWSJIg4oc,42,0.0023022529189278,FEBO Amsterdam - Javaplein,304,$$$$$$,Snackbar,"[""Snackbar""]",bars in indische buurt,52.3640005,4.9398276,Dining & Cafes
2844,ChIJl7Tk880JxkcRocA_6Gtosgg,42,0.0023022529189278,Restaurant Toscana,276,$$$$$$$,Italiaans restaurant,"[""Italiaans restaurant""]",restaurants in haarlemmerbuurt,52.3840955,4.8848313,Dining & Cafes
2845,ChIJUUNDQwTjxUcR-xtCvrBt8Lg,42,0.0023022529189278,Limon Cigkofte & Poke Bowl,88,$$$$$$,Restaurant,"[""Restaurant"",""Cig kofterestaurant"",""Durum restaurant"",""Poke bar"",""Saladewinkel"",""Toast restaurant"",""Turks restaurant"",""Veganistisch restaurant""]",restaurants in osdorpplein,52.3546902,4.8106971,Dining & Cafes
2846,ChIJTajcQe8JxkcRxgGGNQLdLCo,42,0.0023022529189278,GUCCI Amsterdam PC Hooftstraat,296,,Boetiek,"[""Boetiek"",""Kinderkleding"",""Kledingwinkel"",""Winkel in modeaccessoires"",""Binnenhuisarchitect"",""Juwelier"",""Lederwarenwinkel"",""Herenmode"",""Zonnebrillenwinkel"",""Horlogerie""]",stores in museumkwartier,52.3599445,4.8799587,Shopping
2848,ChIJo1ge6rYJxkcRi5dt5KZy0jM,41,0.002247437373239,Parrillada,266,$$$$$$$,Restaurant voor vleesgerechten,"[""Restaurant voor vleesgerechten""]",restaurants in nieuwmarkt,52.3739786,4.8989466,Dining & Cafes
2849,ChIJl3M48rgJxkcRUeyq5FgQrfc,41,0.002247437373239,Borstplaat in brons,112,,Beeldhouwwerk,"[""Beeldhouwwerk"",""Museum"",""Toeristische attractie""]",monuments in buikslotermeerplein,52.374017,4.8978106,Cultural & Historic
2850,ChIJUWGJnoQJxkcRrH0uMb9DR9U,41,0.002247437373239,Doka,123,$$$$$$$,Nachtclub,"[""Nachtclub""]",bars in oud-oost,52.3537886,4.911625,Entertainment & Nightlife
2851,ChIJ7VXjM-kJxkcR_FIM97wgMMY,41,0.002247437373239,Record Palace,230,,Platenwinkel,"[""Platenwinkel"",""Muziekwinkel"",""Winkel""]",stores in de leidseplein,52.362091,4.884975,Shopping
2852,ChIJ_ZnRTfIJxkcRmFpQxvpnimc,41,0.002247437373239,Elevate Coffee Lab,85,$$$$$$,Koffiebar,"[""Koffiebar""]",cafes in de pijp,52.3515732,4.8945192,Dining & Cafes
2853,ChIJu1LaNQLixUcR1IHytzcFE-k,41,0.002247437373239,HLMS Haarlemmermeerstation,196,,Monument,"[""Monument"",""Evenementenlocatie""]",event venues in museumkwartier,52.349279,4.856764,Cultural & Historic
2854,ChIJe4Rc_qQJxkcRkwPkSAq47bY,41,0.002247437373239,AmicitiA,363,,Hotel,"[""Hotel""]",hotels in bijlmer arena,52.3734689,4.9101686,Hotel
2855,ChIJm8TFGcQJxkcRRVtKfPDeHIc,41,0.002247437373239,Rockland Coffeeshop,521,,Cannabiswinkel,"[""Cannabiswinkel""]",coffeeshops in haarlemmerbuurt,52.3734158,4.8883818,Cannabisshop
2856,ChIJJW8zXwTixUcRUFNrErrt300,41,0.002247437373239,Cannacenter Best Friends - Oud-Zuid,162,,Cannabiswinkel,"[""Cannabiswinkel""]",coffeeshops in museumkwartier,52.3539461,4.8559171,Cannabisshop
2857,ChIJgZfvGcAJxkcRVEbL3WU3k64,41,0.002247437373239,Bar Blend,171,$$$$$$$,Homobar,"[""Homobar""]",bars in 9 straatjes,52.36651,4.8908149,Dining & Cafes
2858,ChIJ0VQ4f9wJxkcR93X1xf-fZEM,41,0.002247437373239,Cook Kai,279,$$$$$$$,Thais restaurant,"[""Thais restaurant""]",restaurants in de jordaan,52.3726336,4.87874,Dining & Cafes
2859,ChIJuQMbSO8LxkcRLG2kmK__JEo,41,0.002247437373239,New York Pizza,72,$$$$$$,Pizzeria,"[""Pizzeria""]",restaurants in bijlmer arena,52.3129737,4.943629,Dining & Cafes
2861,ChIJFcVwBdAJxkcRjsD7VIPAdHU,41,0.002247437373239,Italiaans Restaurant Pizzeria Pepe,287,$$$$$$$,Restaurant,"[""Restaurant""]",restaurants in de jordaan,52.3784637,4.8824419,Dining & Cafes
2862,ChIJgw9i5EgJxkcRwiTC_twgvPw,41,0.002247437373239,Rembrandtplein,44,,Historisch herkenningspunt,"[""Historisch herkenningspunt""]",activities in rembrandtplein,52.3657564,4.8967243,Cultural & Historic
2863,ChIJu5mo63IJxkcRbR8By4W-kj4,41,0.002247437373239,Saeed's Curry House,125,,Aziatische kruidenierswinkel,"[""Aziatische kruidenierswinkel""]",supermarkets in dapperbuurt,52.3636176,4.9319836,Shopping
2864,ChIJbYJC9sMJxkcRhNczxkil6SY,41,0.002247437373239,SocksWeLove,152,,Boetiek,"[""Boetiek"",""Winkel in modeaccessoires"",""Cadeauwinkel""]",stores in negen straatjes,52.3722005,4.887764799999999,Shopping
2865,ChIJ_5FC6ZkJxkcRrvC5rIQdJAA,41,0.002247437373239,Cafe Noir,327,$$$$$$$,Restaurant,"[""Restaurant"",""Koffiehuis"",""Modern-Europees restaurant""]",cafes in oosterparkbuurt,52.3618212,4.90825,Dining & Cafes
2866,ChIJw75uTBMJxkcRzJyFoPel4yc,41,0.002247437373239,Cannacenter Best Friends - Oost,438,,Cannabiswinkel,"[""Cannabiswinkel""]",coffeeshops in bijlmer arena,52.3651199,4.9396934,Cannabisshop
2867,ChIJE9xYrJYJxkcRpL3KeHoSd64,41,0.002247437373239,Hotel de Munck,352,,Hotel,"[""Hotel""]",hotels in dapperbuurt,52.361424,4.9008305,Hotel
2868,ChIJPcoujPYIxkcRHh6r1l23WsQ,41,0.002247437373239,Eethuis Has Bereket,417,$$$$$$,Restaurant,"[""Restaurant""]",restaurants in buikslotermeerplein,52.4016594,4.9310317,Dining & Cafes
2869,ChIJYb61gsEJxkcRNlUTTtsxhSk,41,0.002247437373239,Adam Suites Hotel,97,,Hotel,"[""Hotel""]",hotels in haarlemmerbuurt,52.3804549,4.88709,Hotel
2870,ChIJK12bjIHjxUcRy8tZn9gNBQA,41,0.002247437373239,Juliette Amsterdam,62,,Evenementenlocatie,"[""Evenementenlocatie""]",event venues in zuidas,52.3529758,4.863398699999999,Event venue
2873,ChIJk-hWAFkJxkcR0i8Tpufr0ck,41,0.002247437373239,Lazuur,136,,Restaurant,"[""Restaurant""]",restaurants in buikslotermeerplein,52.3909631,4.943350199999999,Dining & Cafes
2875,ChIJkSHN4sgJxkcRcDq2lE1M1-M,41,0.002247437373239,Quentin Arrive Hotel,546,,Hotel,"[""Hotel""]",hotels in haarlemmerbuurt,52.3799891,4.8926403,Hotel
2877,ChIJ8eOSv84JxkcReVNpcL3z6ko,41,0.002247437373239,Kaasland Haarlemmerdijk,169,,Kaaswinkel,"[""Kaaswinkel"",""Bakkerij"",""Notenwinkel"",""Broodjeswinkel""]",stores in de haarlemmerbuurt,52.3815738,4.8890055,Shopping
2879,ChIJOyQzw9HjxUcRjfu5PzmQirs,41,0.002247437373239,Surinaams Eethuis Rose,116,$$$$$$$,Restaurant,"[""Restaurant""]",bars in osdorpplein,52.3593702,4.8064657,Dining & Cafes
2880,ChIJRQKuGdEJxkcRVXtmh9QkLJ0,40,0.0021926218275502,Pie-Nong Thai,142,$$$$$$$,Thais restaurant,"[""Thais restaurant""]",restaurants in haarlemmerbuurt,52.3813176,4.8795474,Dining & Cafes
2881,ChIJMzqLEIsJxkcR2ZTRVcFRHDU,40,0.0021926218275502,Twenty Third Bar,180,,Cocktailbar,"[""Cocktailbar""]",bars in museumkwartier,52.3487036,4.8939301,Dining & Cafes
2882,ChIJSbME0esJxkcRXMOCIdA0R-8,40,0.0021926218275502,Lambiek,245,,Stripboekwinkel,"[""Stripboekwinkel"",""Boekwinkel""]",stores in de nieuwmarkt,52.3723764,4.901907,Shopping
2883,ChIJcWCyO4QLxkcRwvd3Mn2hpuc,40,0.0021926218275502,Obalade Suya Restaurant,256,$$$$$$$,West-Afrikaans restaurant,"[""West-Afrikaans restaurant""]",restaurants in bijlmer arena,52.307249,4.9559345,Dining & Cafes
2884,ChIJayN9ynQJxkcRIW7yDgDidIw,40,0.0021926218275502,Happy People,192,,Cannabiswinkel,"[""Cannabiswinkel"",""Koffiebar"",""Koffiewinkel""]",cafes in dapperbuurt,52.3651722,4.9258133,Cannabisshop
2885,ChIJMwNglr8JxkcRGuRelyiv8Gg,40,0.0021926218275502,Aluminiumbrug (Brug 222),687,,Brug,"[""Brug"",""Monument"",""Toeristische attractie""]",tourist attractions in bijlmer arena,52.368384,4.8962961,Cultural & Historic
2886,ChIJGVcYYbgJxkcRIMcYY5gBY6k,40,0.0021926218275502,Dirty Dick's,150,$$$$$$$,Homobar,"[""Homobar"",""Bar""]",bars in wallengebied,52.3747349,4.8971398,Dining & Cafes
2887,ChIJndeDXcALxkcR3Ke-thyFiUc,40,0.0021926218275502,Le Grand George,53,,Restaurant,"[""Restaurant""]",restaurants in zuidas,52.3375925,4.873043,Dining & Cafes
2889,ChIJe_XhSX7jxUcR1nEzs4pyt2U,40,0.0021926218275502,Airpods Handel,231,,Elektronicawinkel,"[""Elektronicawinkel""]",stores in de nieuwmarkt,52.3682435,4.8984594,Shopping
2891,ChIJtypJE08JxkcRRhaV2eASToI,40,0.0021926218275502,Bar du Champagne,80,,Bar,"[""Bar""]",bars in wallengebied,52.3701565,4.892977,Dining & Cafes
2892,ChIJlQxDT5UJxkcReuMuOBPXl7g,40,0.0021926218275502,Jantjes Verjaardag Amsterdam,559,$$,Club,"[""Club"",""Discotheek"",""Cafe""]",night clubs in amsterdam,52.3656479,4.8952102,Entertainment & Nightlife
2893,ChIJJ6ZGa58JxkcRlJer3MCjMuU,40,0.0021926218275502,Seven Bridges View Point,49,,Toeristische attractie,"[""Toeristische attractie""]",activities in nieuwmarkt,52.3649598,4.8958703,Cultural & Historic
2895,ChIJK4hxOsAJxkcRutntlmZzB7c,40,0.0021926218275502,Sissy-Boy,111,,Kledingwinkel,"[""Kledingwinkel"",""Kinderkleding"",""Herenmode"",""Damesmode""]",stores in zuidas,52.3396412,4.873461799999999,Shopping
2896,ChIJ1Rq8zO4JxkcReBWaHYD_cto,40,0.0021926218275502,Fietsenwinkel B75,261,,Fietsenwinkel,"[""Fietsenwinkel"",""Fietsverhuur"",""Fietsenmaker"",""Fietsengroothandel"",""Fietsservices"",""Tweedehandswinkel""]",stores in buikslotermeerplein,52.3981403,4.9408656,Shopping
2897,ChIJud7XrrkJxkcRxHjNyx7ggW0,40,0.0021926218275502,The Crown Hotel,274,,Hotel,"[""Hotel""]",hotels in de wallen,52.374863,4.8999095,Hotel
2899,ChIJC3N7jowJxkcRdBCM7PQsAcA,40,0.0021926218275502,Coffeeshop Papillon,512,,Cannabiswinkel,"[""Cannabiswinkel""]",coffeeshops in de pijp,52.3516667,4.894444399999999,Cannabisshop
2900,ChIJC8wmfnQJxkcRY7I9S2I2qNs,40,0.0021926218275502,Odido Shop Amsterdam 1e van Swindenstraat,191,$$,Mobiele-telefoonwinkel,"[""Mobiele-telefoonwinkel"",""Winkel met accessoires voor mobiele telefoons"",""Mobiel netwerkoperator"",""Leverancier van telecommunicatieapparatuur"",""Telefoonmaatschappij""]",stores in de dapperbuurt,52.3626579,4.9267829,Shopping
2901,ChIJoVl3sscJxkcRlEnhrWCREes,40,0.0021926218275502,PRESSROOM Amsterdam,219,,Restaurant,"[""Restaurant"",""Ontbijtrestaurant"",""Brunchrestaurant"",""Cocktailbar""]",bars in de jordaan,52.3753712,4.893129399999999,Dining & Cafes
2902,ChIJEyZ9ilcJxkcRjXRrrYlwjjc,40,0.0021926218275502,De Studio van NEMO Science Museum,131,,Museum,"[""Museum"",""Laboratorium""]",museums in bijlmer arena,52.3739239,4.914773299999999,Cultural & Historic
2903,ChIJmS6YZvAIxkcRT9ubyt2EaD0,40,0.0021926218275502,Pets Place,286,,Dierenwinkel,"[""Dierenwinkel"",""Aquariumwinkel"",""Paardrijwinkel"",""Reptielenwinkel""]",stores in buikslotermeerplein,52.3980365,4.9371281,Shopping
2904,ChIJw4eaUAsJxkcRIdSpP-JzS-g,40,0.0021926218275502,Cafe Dorst,194,$$$$$$$,Bar,"[""Bar""]",bars in oosterparkbuurt,52.3660679,4.9270554,Dining & Cafes
2905,ChIJpeRvm-UJxkcRtXwno4kniis,40,0.0021926218275502,Parfumerie Douglas,152,,Parfumerie,"[""Parfumerie"",""Cosmeticawinkel"",""Winkel in modeaccessoires""]",stores in de leidseplein,52.3595549,4.878604999999999,Shopping
2908,ChIJj6A-ssEJxkcRlDHbcTs2PMg,39,0.0021378062818615,P.W. Akkerman Amsterdam,210,,Pennenwinkel,"[""Pennenwinkel"",""Kantoorboekhandel""]",stores in de wallen,52.3693953,4.8931499,Shopping
2909,ChIJ5dSBJ5AJxkcRASsIuNgXsc4,39,0.0021378062818615,Taco Mundo Amsterdam Oud-Zuid,200,$$$$$$$,Mexicaans restaurant,"[""Mexicaans restaurant"",""Tacorestaurant"",""Texmexrestaurant""]",restaurants in de pijp,52.355699,4.903528,Dining & Cafes
2910,ChIJu0SdrrIJxkcRmKTgsYyWm3U,39,0.0021378062818615,ARTIS ingang,49,,Toeristische attractie,"[""Toeristische attractie"",""Monument""]",tourist attractions in bijlmer arena,52.3671555,4.9127206,Cultural & Historic
2911,ChIJwzrSTXIJxkcRnkGllIoJ6K4,39,0.0021378062818615,Lunchroom Benny's - Waterlandplein,115,$$$$$$,Restaurant,"[""Restaurant""]",restaurants in buikslotermeerplein,52.3922695,4.9547292,Dining & Cafes
2912,ChIJc4TfX-gJxkcRTZKzmUsl1SI,39,0.0021378062818615,Cafe Mokum,314,$$$$$$$,Koffiehuis,"[""Koffiehuis"",""Cafe""]",bars in leidseplein,52.3645828,4.8823795,Dining & Cafes
2914,ChIJVZZt4rkJxkcRDhgoHjT7ssc,39,0.0021378062818615,Cafecito,79,$$$$$$,Koffiebar,"[""Koffiebar"",""Koffiemachineleverancier"",""Koffiebranders"",""Koffiewinkel"",""Koffiegroothandel"",""Espressobar""]",stores in zuidas,52.3492805,4.8778544,Dining & Cafes
2915,ChIJK9m_IGXixUcRLyFXcn6rMVQ,39,0.0021378062818615,Steakhouse Pizzeria Bos en Lommer,254,$$$$$$,Restaurant,"[""Restaurant""]",restaurants in sloterdijk,52.3815573,4.8559825,Dining & Cafes
2916,ChIJr4j9gnnjxUcRXT400IhK_Pk,39,0.0021378062818615,Bullwackie coffeeshop,133,,Cannabiswinkel,"[""Cannabiswinkel""]",coffeeshops in vondelpark,52.3520686,4.8474414,Cannabisshop
2917,ChIJT1GjucAJxkcRONz8mL1ci8I,39,0.0021378062818615,Vlaams Cultuurhuis de Brakke Grond,402,,Theater,"[""Theater"",""Kunstgalerie"",""Concertzaal"",""Congrescentrum""]",event venues in leidseplein,52.3711769,4.8938242,Event venue
2918,ChIJ5_FsoecJxkcRG5nNeoD5Ke8,39,0.0021378062818615,Blue Pepper,379,$$$,Restaurant,"[""Restaurant"",""Indiaas restaurant"",""Indonesisch restaurant""]",restaurants in leidseplein,52.3657753,4.8780724,Dining & Cafes
2919,ChIJt9XMgSoJxkcRWce3wNDKnnM,39,0.0021378062818615,Prins & Aap,73,,Restaurant,"[""Restaurant"",""Bar"",""Brunchrestaurant"",""Cocktailbar"",""Lunchrestaurant""]",restaurants in negen straatjes,52.3677969,4.8830608,Dining & Cafes
2920,ChIJa2Fuu4gJxkcRDWRVuIZjySs,39,0.0021378062818615,BISOUS,83,,Restaurant,"[""Restaurant""]",restaurants in de pijp,52.3547526,4.8878417,Dining & Cafes
2921,ChIJmUCoyhkNxkcRidftP7YR898,39,0.0021378062818615,Gunay Burger,124,$$$$$$,Restaurant,"[""Restaurant""]",restaurants in bijlmer arena,52.3227143,4.9727701,Dining & Cafes
2922,ChIJ_dSd088JxkcRmUELdVZUzpM,39,0.0021378062818615,De kat in de wijngaert,346,$$$$$$$,Bar,"[""Bar""]",bars in de jordaan,52.3803202,4.884081999999999,Dining & Cafes
2923,ChIJzURQBLkJxkcRxMWbXuvSyIE,39,0.0021378062818615,Grill Bar Baby,532,$$$$$$$,Restaurant,"[""Restaurant""]",restaurants in nieuwmarkt,52.374002,4.899832099999999,Dining & Cafes
2924,ChIJSXb81b0JxkcR5352_Kg2zYI,39,0.0021378062818615,Episode,291,,Winkel voor tweedehands kleding,"[""Winkel voor tweedehands kleding""]",stores in de nieuwmarkt,52.3691865,4.9009055,Shopping
2925,ChIJsYQ8x8cJxkcRBYK0Uw4UZ_4,39,0.0021378062818615,Akhnaton,246,,Evenementenlocatie,"[""Evenementenlocatie""]",event venues in negen straatjes,52.3760859,4.8941352,Event venue
2927,ChIJ6zLTfMEJxkcRDN7STlnb55w,39,0.0021378062818615,Juicebrothers Centrum - Herengracht,214,$$$$$$$,Smoothiewinkel,"[""Smoothiewinkel"",""Koffiebar"",""Natuurvoedingswinkel"",""Biologische kruidenier"",""Kruidenierszaak""]",coffeeshops in negen straatjes,52.3722144,4.8873859,Shopping
2928,ChIJz0aTZw8JxkcRDmxYJ140AMk,39,0.0021378062818615,CC Amstel,165,,Theater,"[""Theater""]",event venues in bijlmer arena,52.3531795,4.906492,Event venue
2929,ChIJEeA_hlIIxkcRowsa8_Utuqw,39,0.0021378062818615,Bakkerij Safir,222,$$$$$$,Turks restaurant,"[""Turks restaurant""]",restaurants in buikslotermeerplein,52.390577,4.9138548,Dining & Cafes
2930,ChIJQ6jKh-oJxkcRi0bWRlOLDmQ,39,0.0021378062818615,Bar Exit,350,$$$$$$$,Gaynachtclub,"[""Gaynachtclub"",""Bar"",""Koffiehuis""]",night clubs in amsterdam,52.3662834,4.8912877,Entertainment & Nightlife
2931,ChIJSSyj8c0JxkcRv-TFU2eOfvE,39,0.0021378062818615,Primera,147,,Tabakswinkel,"[""Tabakswinkel"",""Sigarenwinkel"",""Cadeauwinkel"",""Kantoorboekhandel"",""Leverancier van toner"",""E-sigaretten en accessoires""]",stores in de haarlemmerbuurt,52.384005,4.88499,Shopping
2933,ChIJsx_TzrgJxkcRAjFKK4UB0oA,39,0.0021378062818615,Cafe Bar the Pint,346,$$$$$$$,Bar,"[""Bar""]",bars in wallengebied,52.3724091,4.897606,Dining & Cafes
2934,ChIJ-2thoibjxUcR9FMrN6t1XjY,39,0.0021378062818615,eazie Amsterdam Osdorp,162,$$$$$$$,Health Food-restaurant,"[""Health Food-restaurant""]",bars in osdorpplein,52.3584362,4.8033094,Dining & Cafes
2935,ChIJgbefaDMIxkcR-BQ62oAy8G8,39,0.0021378062818615,Ramon's Coffee Kiosk,189,$$$$$$,Koffiebar,"[""Koffiebar"",""Ontbijtrestaurant"",""Lunchrestaurant""]",cafes in haarlemmerbuurt,52.3898484,4.8910752,Dining & Cafes
2936,ChIJNf1D7psJxkcROcdsSah7-sY,39,0.0021378062818615,Mike's Badhuistheater,168,,Theater,"[""Theater""]",event venues in bijlmer arena,52.3594103,4.9126595,Event venue
2938,ChIJcVJugUILxkcRofFxbmtQqa8,39,0.0021378062818615,Nino's Surinam food,73,$$$$$$$,Restaurant,"[""Restaurant"",""Catering"",""IJssalon""]",restaurants in zuidas,52.3365572,4.8757698,Dining & Cafes
2939,ChIJ09EaGXgJxkcRtJiqJAX2S3I,38,0.0020829907361727,Snackbar 't Snorretje,252,$$$$$$,Snackbar,"[""Snackbar""]",restaurants in dapperbuurt,52.354492,4.920435,Dining & Cafes
2940,ChIJ5yZ90mYIxkcRMwhaFUDeJwk,38,0.0020829907361727,Coffeeshop Atlas,295,,Cannabiswinkel,"[""Cannabiswinkel"",""Vereniging/organisatie""]",stores in buikslotermeerplein,52.398114,4.9414454,Cannabisshop
2941,ChIJV2Gb6I8JxkcR5MaWqRS0Bw8,38,0.0020829907361727,7days Avondwinkel & Slijterij,173,,Avondwinkel,"[""Avondwinkel"",""Groothandel in alcoholische dranken"",""Buurtsuper"",""Boodschappenbezorgdienst"",""Slijterij"",""Supermarkt""]",stores in de leidseplein,52.3681229,4.875920799999999,Shopping
2942,ChIJYWSQDifjxUcRA6mH-y1sNnw,38,0.0020829907361727,Dutch Design Hotel Vondelpark,77,,Hotel,"[""Hotel""]",hotels in vondelpark,52.3538643,4.857556799999999,Hotel
2944,ChIJWVAuggnixUcR0U4Lf4LhkWs,38,0.0020829907361727,Hotel Heye 130,259,,Hotel,"[""Hotel""]",hotels in vondelpark,52.3622536,4.8640503,Hotel
2945,ChIJZw8oHLkJxkcRRl6ko152hB8,38,0.0020829907361727,Hotel & bar Royal taste Amsterdam,309,,Hotel,"[""Hotel"",""Bar""]",hotels in de wallen,52.3735248,4.8992388,Hotel
2947,ChIJ53MFUIkJxkcR1UMD8tCyAA0,38,0.0020829907361727,Museum De Dageraad,146,,Museum,"[""Museum"",""Erfgoedmuseum"",""Toeristische attractie""]",museums in negen straatjes,52.3498187,4.8990125,Cultural & Historic
2949,ChIJeRkajTngxUcR1sUsVXM2Tso,38,0.0020829907361727,Noorddamcentrum,129,,Evenementenlocatie,"[""Evenementenlocatie"",""Buurthuis"",""Congrescentrum"",""Partycentrum"",""Multifunctionele ruimte"",""Muziekvereniging""]",event venues in buikslotermeerplein,52.2931204,4.8345384,Event venue
2952,ChIJb5WMYyELxkcRtj9zH9K_lVk,38,0.0020829907361727,Restobar Hendrik,128,,Restaurant,"[""Restaurant"",""Bar""]",bars in zuid,52.3464139,4.865237,Dining & Cafes
2953,ChIJwfbzH6sJxkcRKP92vx0T0H4,38,0.0020829907361727,Steak burger bazooka,273,$$$$$$$,Restaurant,"[""Restaurant""]",restaurants in nieuwmarkt,52.3739811,4.901610799999999,Dining & Cafes
2954,ChIJZXQPadIJxkcRtP1LpGu-Ruc,38,0.0020829907361727,Haarlemmerpoort,284,,Erfgoedbescherming,"[""Erfgoedbescherming"",""Historische plaats"",""Monument"",""Toeristische attractie""]",activities in haarlemmerbuurt,52.3849896,4.8830602,Cultural & Historic
2955,ChIJK9Tt74vixUcR9_7vjbfxt0Q,38,0.0020829907361727,Warehouse Elementenstraat,308,$$$$$$$,Nachtclub,"[""Nachtclub""]",night clubs in amsterdam,52.3938772,4.8517077,Entertainment & Nightlife
2956,ChIJ2U6QbBMJxkcRFAgdo8cAf6Y,38,0.0020829907361727,Hotel The Noblemen,158,,Hotel,"[""Hotel""]",hotels in negen straatjes,52.3674262,4.8857954,Hotel
2957,ChIJqdbEheEJxkcR6NGYPtQz_Vw,38,0.0020829907361727,BonTon Stripclub Amsterdam,196,,Nachtclub,"[""Nachtclub"",""Sexclub"",""Bar"",""Club"",""Cocktailbar"",""Dansclub""]",night clubs in amsterdam,52.3582344,4.8892748,Entertainment & Nightlife
2959,ChIJYXlFVMcJxkcRZqgok-hEjmk,38,0.0020829907361727,Old Amsterdam Kaaswinkel,193,,Kaaswinkel,"[""Kaaswinkel"",""Delicatessenwinkel""]",stores in de wallen,52.3722204,4.8952566,Shopping
2960,ChIJ7d5le8AJxkcRzTC4GUmFhmA,38,0.0020829907361727,CREA Cafe,328,$$$$$$,Koffiehuis,"[""Koffiehuis""]",cafes in oosterparkbuurt,52.363298,4.9129983,Dining & Cafes
2961,ChIJbwiUZe8JxkcRr5kotgns9vQ,38,0.0020829907361727,Longchamp,107,,Lederwarenwinkel,"[""Lederwarenwinkel"",""Kledingwinkel"",""Winkel in modeaccessoires"",""Reisartikelenwinkel"",""Schoenenwinkel"",""Zonnebrillenwinkel"",""Damesmode""]",stores in museumkwartier,52.3602149,4.8808207,Shopping
2962,ChIJtac1-cgJxkcReMH4XuJ8dho,38,0.0020829907361727,Indiaas Restaurant Namaskar 420,141,$$$$$$$,Restaurant,"[""Restaurant""]",restaurants in haarlemmerbuurt,52.3797323,4.8931837,Dining & Cafes
2963,ChIJq_JOzOcJxkcRC9BdCfmFHX0,38,0.0020829907361727,Boutique Hotel View,308,,Hotel,"[""Hotel""]",hotels in negen straatjes,52.3648574,4.8798637,Hotel
2964,ChIJl1ZcfLcJxkcR0mtrJucKllQ,37,0.002028175190484,The Bowl,160,$$$$$$$,Restaurant,"[""Restaurant"",""Koffiebar"",""Poke bar""]",restaurants in zuidas,52.3472115,4.8766584,Dining & Cafes
2965,ChIJr2RD3OoJxkcR40r0HSecnNg,37,0.002028175190484,Dream Hotel Amsterdam,268,,Hotel,"[""Hotel"",""Lodge"",""Accomodatie""]",hotels in negen straatjes,52.364552,4.892787,Hotel
2966,ChIJUyqRky8JxkcRHX3F8PLfg5Y,37,0.002028175190484,Bar Claes,80,$$$$$$$,Cocktailbar,"[""Cocktailbar"",""Bar""]",bars in museumkwartier,52.3615712,4.8831732,Dining & Cafes
2967,ChIJ2cFXkc4JxkcRxuSWkB9VFUM,37,0.002028175190484,Chocolaterie Dessertia Jordino,201,$$$$$$,Chocolaterie,"[""Chocolaterie"",""IJssalon""]",stores in de haarlemmerbuurt,52.381841,4.888389,Dining & Cafes
2968,ChIJDyVnXpUJxkcRJMlgYeIOFt4,37,0.002028175190484,Rembrandtbar,369,$$$$$$$,Bar,"[""Bar""]",bars in rembrandtplein,52.3663739,4.8959669,Dining & Cafes
2969,ChIJM9sNMscJxkcRxc1Hj9sGvbY,37,0.002028175190484,Gassan Dam Square,196,,Horlogerie,"[""Horlogerie""]",stores in de wallen,52.3724308,4.8932836,Shopping
2970,ChIJPSM9K3kJxkcRNgUm-8dbvvI,37,0.002028175190484,Parallel,88,,Nachtclub,"[""Nachtclub""]",night clubs in amsterdam,52.3833174,4.903732499999999,Entertainment & Nightlife
2971,ChIJlRLxnHoJxkcR3l93qI7aZr8,37,0.002028175190484,Bakkerij Balvert,184,$$$$$$,Bakkerij,"[""Bakkerij"",""Broodjeswinkel""]",stores in de oud-oost,52.3568393,4.9287787,Dining & Cafes
2972,ChIJHxdSr9kJxkcRnxHd3myIL7I,37,0.002028175190484,Coffeeshop De Supermarkt,208,,Cannabiswinkel,"[""Cannabiswinkel"",""Koffiehuis""]",coffeeshops in haarlemmerbuurt,52.3757756,4.873823,Cannabisshop
2973,ChIJtXxDIm3ixUcRCOB5STNfonY,37,0.002028175190484,Coffeeshop Aktama,138,,Cannabiswinkel,"[""Cannabiswinkel""]",coffeeshops in negen straatjes,52.3696604,4.8524764,Cannabisshop
2974,ChIJNbVkfmgLxkcRL3V7K329eTI,37,0.002028175190484,WOONENZO Amsterdam,320,,Woonwinkel,"[""Woonwinkel"",""Meubelwinkel""]",stores in bijlmer arena,52.3121332,4.9385312,Shopping
2975,ChIJK27ut6kJxkcR4OSMqfkm9zk,37,0.002028175190484,Sotel Amsterdam Central Station,72,,Hotel,"[""Hotel""]",hotels in de wallen,52.3780035,4.8962205,Hotel
2976,ChIJd20ahsEJxkcRzMc8XYzk8BU,37,0.002028175190484,Cafe Lange Leo - Heineken Star Serve Bar,308,$$$$$$,Bar,"[""Bar"",""Koffiehuis""]",bars in 9 straatjes,52.369058,4.888497399999999,Dining & Cafes
2977,ChIJnUfyB9rjxUcR4VXRJJF5WFo,37,0.002028175190484,Stadspark Osdorp,554,,Park,"[""Park""]",activities in osdorpplein,52.3555985,4.7992957,Green Recreation
2978,ChIJWQVpYu0JxkcRmsTtpbdh5TE,37,0.002028175190484,coffeecompany,181,$$$$$$,Koffiebar,"[""Koffiebar""]",cafes in de pijp,52.352607,4.903079,Dining & Cafes
2979,ChIJfaG6YxLixUcRLePuGsmxThs,37,0.002028175190484,Coffeeshop Ruthless Amsterdam,357,$$,Cannabiswinkel,"[""Cannabiswinkel""]",coffeeshops in museumkwartier,52.3654849,4.8533991,Cannabisshop
2981,ChIJY_MzPo0JxkcRFGLT734fXOc,37,0.002028175190484,De Pijp,73,,Stadspark,"[""Stadspark""]",parks in negen straatjes,52.354534,4.89397,Green Recreation
2982,ChIJ0whkDgAJxkcR1rFSv7rEfV8,37,0.002028175190484,Cafe Tepoz,72,$$$$$$$,Koffiehuis,"[""Koffiehuis""]",cafes in de pijp,52.3545234,4.9017498,Dining & Cafes
2983,ChIJvW-eB7sJxkcR0dWCICUb99E,37,0.002028175190484,Xitroom,358,,Escaperoomcentrum,"[""Escaperoomcentrum""]",activities in nieuwmarkt,52.3736562,4.9056375,Activities
2984,ChIJAU-1eHAJxkcRfOA1ZFAxcYs,37,0.002028175190484,Linnaeus Boekhandel,270,,Boekwinkel,"[""Boekwinkel""]",stores in de oud-oost,52.3546497,4.9294028,Shopping
2985,ChIJPXkalxzixUcRpI4IRaH3N1M,37,0.002028175190484,The Coffeebrand,209,$$$$$$$,Lunchrestaurant,"[""Lunchrestaurant"",""Ontbijtrestaurant"",""Koffiebar""]",cafes in zuidas,52.3517671,4.8500907,Dining & Cafes
2986,ChIJ_T-BOr8JxkcRdra2-zQ3x1M,36,0.0019733596447952,Het Kleinste Huis,672,,Theewinkel,"[""Theewinkel"",""Cadeauwinkel"",""Winkel"",""Theegroothandel""]",stores in de wallen,52.3712062,4.897704399999999,Shopping
2987,ChIJW5M_ZAAJxkcRUzypT4cB1A0,36,0.0019733596447952,Restaurant Visque,144,,Restaurant,"[""Restaurant"",""Visrestaurant"",""Frans restaurant"",""Oesterbar""]",restaurants in museumkwartier,52.3554215,4.8681206,Dining & Cafes
2988,ChIJs_c5X6MJxkcRSBYxLRc5RpQ,36,0.0019733596447952,Questomatica Amsterdam,342,,Escaperoomcentrum,"[""Escaperoomcentrum""]",activities in nieuwmarkt,52.37129,4.909942,Activities
2989,ChIJa77VSb8JxkcR_E18fV-PzWg,36,0.0019733596447952,Number One,207,,Smartshop,"[""Smartshop""]",stores in de wallen,52.3713658,4.8970986,Cannabisshop
2990,ChIJs7FVzM4JxkcRMmxpcKb-C1c,36,0.0019733596447952,The Bank Hotel,347,,Hotel,"[""Hotel""]",hotels in haarlemmerbuurt,52.3809171,4.8905036,Hotel
2991,ChIJL6IUEw7ixUcRlys6eB46GW8,36,0.0019733596447952,Coffeeshop BIJ Amsterdam,286,,Cannabiswinkel,"[""Cannabiswinkel""]",coffeeshops in negen straatjes,52.3620517,4.8554721,Cannabisshop
2992,ChIJPQtLvs4JxkcRxs5atAlOBd4,36,0.0019733596447952,Vishandel Centrum,169,,Viswinkel,"[""Viswinkel""]",stores in de haarlemmerbuurt,52.38175,4.888957,Dining & Cafes
2993,ChIJx7uHRb8JxkcRlR9V3aZDCvI,36,0.0019733596447952,Proeflokaal 't Kelkje,144,$$$$$$$,Bar,"[""Bar""]",bars in wallengebied,52.3712902,4.896378299999999,Dining & Cafes
2994,ChIJ9y31_dHjxUcRbJbx_Op_Sqk,36,0.0019733596447952,Odido Shop Amsterdam Osdorpplein,222,$$,Mobiele-telefoonwinkel,"[""Mobiele-telefoonwinkel"",""Winkel met accessoires voor mobiele telefoons"",""Mobiel netwerkoperator"",""Leverancier van telecommunicatieapparatuur"",""Telefoonmaatschappij""]",stores in osdorpplein,52.3596306,4.8063875,Shopping
2995,ChIJp9S64pAJxkcRxPW7-7hw-CY,36,0.0019733596447952,If boutique hotel,98,,Hotel,"[""Hotel""]",hotels in negen straatjes,52.3590573,4.9027278,Hotel
2996,ChIJo35YDrkJxkcR1w3cJvHeJL4,36,0.0019733596447952,Cafe De Zeemeeuw,315,$$$$$$,Koffiehuis,"[""Koffiehuis""]",cafes in de wallen,52.3739367,4.900166899999999,Dining & Cafes
2997,ChIJZVzyKp4JxkcRcE2IiQcvYqc,36,0.0019733596447952,Ippai Sake bar by Ikkoku Lu Duan Ju Jiu Wu Jin Ye mo mouYi Bei,54,,Restaurant,"[""Restaurant""]",restaurants in museumkwartier,52.3524239,4.8896343,Dining & Cafes
2998,ChIJY2fB34wLxkcRddkNhvUm8R4,36,0.0019733596447952,Rembrandt van Wine,137,,Evenementenlocatie,"[""Evenementenlocatie""]",event venues in zuidas,52.3429157,4.8677929,Event venue
2999,ChIJP6OnvNoJxkcRiPIWPzvvkNE,36,0.0019733596447952,Tanoshii Sushi,127,$$$$$$$,Sushirestaurant,"[""Sushirestaurant""]",restaurants in de jordaan,52.3771959,4.8819441,Dining & Cafes
3000,ChIJNRp7DQ4JxkcRSNlqhvMjswc,36,0.0019733596447952,The Ordinary. DECIEM The Abnormal Beauty Company,217,,Winkel voor gezondheids- en schoonheidsartikelen,"[""Winkel voor gezondheids- en schoonheidsartikelen""]",stores in negen straatjes,52.3689728,4.883773,Shopping
3001,ChIJk8UozvMJxkcRMfCbXycUIJA,36,0.0019733596447952,Health&beauty-X,84,,Parfumerie,"[""Parfumerie"",""Drogisterij"",""Apotheek""]",stores in de leidseplein,52.3653841,4.8848386,Shopping
3002,ChIJSxY286fjxUcRQvajRT388ko,36,0.0019733596447952,"JYSK Amsterdam, Westpoort",266,,Meubelwinkel,"[""Meubelwinkel"",""Beddenwinkel"",""Tuinmeubelwinkel""]",stores in sloterdijk,52.3911087,4.8044874,Shopping
3003,ChIJ6fjRQkkJxkcRLOGQIfIsmDE,36,0.0019733596447952,SHABU to go Amsterdam Noord,94,$$$$$$$,Sushi takeaway,"[""Sushi takeaway"",""Sushirestaurant""]",bars in buikslotermeerplein,52.3975928,4.9382188,Dining & Cafes
3004,ChIJ6WiwabkJxkcRF-QPjewIJ2g,36,0.0019733596447952,'t Tuinfeest B.V.,349,$$$$$$$,Restaurant,"[""Restaurant"",""Eten en drinken""]",bars in nieuwmarkt,52.373216,4.9012956,Dining & Cafes
3005,ChIJMRhwTTUJxkcR_kHz0XAef_8,36,0.0019733596447952,Caprichosa restaurant,121,$$$$$$$,Restaurant,"[""Restaurant"",""Koffiebar"",""Halal-restaurant"",""Hamburgerrestaurant"",""Health Food-restaurant"",""Marokkaans restaurant"",""Tacorestaurant"",""Vegetarisch restaurant""]",restaurants in buikslotermeerplein,52.4009679,4.9443234,Dining & Cafes
3006,ChIJAR6N8QcJxkcR8DSK9JnoQA0,36,0.0019733596447952,Tandoori Palace Indian Restaurant,66,$$$$$$$,Indiaas restaurant,"[""Indiaas restaurant""]",restaurants in indische buurt,52.3546682,4.9324406,Dining & Cafes
3007,ChIJzWjzbQDjxUcR28-c9_1cAzM,36,0.0019733596447952,Tatli (Taarten van Asli),89,$$$$$$$,Koffiebar,"[""Koffiebar""]",cafes in osdorpplein,52.3586303,4.8010907,Dining & Cafes
3008,ChIJZZKO9_gJxkcRIYHo-q0eiGI,35,0.0019185440991065,Odido Shop Amsterdam Ferdinand Bolstraat,147,,Mobiele-telefoonwinkel,"[""Mobiele-telefoonwinkel"",""Winkel met accessoires voor mobiele telefoons"",""Mobiel netwerkoperator"",""Leverancier van telecommunicatieapparatuur"",""Telefoonmaatschappij""]",stores in de pijp,52.3546559,4.8906577,Shopping
3009,ChIJqaV8mSsIxkcRM9WzTKyYBiU,35,0.0019185440991065,Coffeeshop The Corner,289,,Cannabiswinkel,"[""Cannabiswinkel""]",coffeeshops in haarlemmerbuurt,52.3917935,4.8777484,Cannabisshop
3010,ChIJ55PAqPIJxkcRrJqvf2afqJ0,35,0.0019185440991065,Hachi,63,$$$$$$$,Cocktailbar,"[""Cocktailbar""]",bars in museumkwartier,52.3544728,4.8881364,Dining & Cafes
3011,ChIJRWQWNukJxkcRdu1Ws4_EZG8,35,0.0019185440991065,Elbenwald,51,,Cadeauwinkel,"[""Cadeauwinkel"",""Kledingwinkel"",""Verzamelaarswinkel"",""Speelgoedwinkel""]",stores in de wallen,52.3723273,4.8922027,Shopping
3012,ChIJIw2hZccJxkcR0OTAccK1ITQ,35,0.0019185440991065,Hermes,174,,Lederwarenwinkel,"[""Lederwarenwinkel""]",stores in de wallen,52.3732613,4.893864199999999,Shopping
3013,ChIJH94eWjMJxkcRpVicolPYbBw,35,0.0019185440991065,Cafe Struis,43,$$$$$$$,Cafe,"[""Cafe""]",bars in oud-oost,52.3668572,4.9258623,Dining & Cafes
3014,ChIJAymgCsUJxkcRZfS_IdDHYVc,35,0.0019185440991065,Canal House - part of A Curious Group of Hotels,236,,Hotel,"[""Hotel""]",hotels in negen straatjes,52.3762638,4.8863384,Hotel
3015,ChIJJ6xmlfMJxkcRfRPl7g3-EiU,35,0.0019185440991065,Restaurant Jaspers,237,$$$$$$,Restaurant,"[""Restaurant""]",restaurants in de pijp,52.3520742,4.8872548,Dining & Cafes
3016,ChIJvb57sPYJxkcRWXsWYkJPaBw,35,0.0019185440991065,CoCo by Velvet Heaven,74,$$$$$$$,Eetcafe,"[""Eetcafe""]",bars in buikslotermeerplein,52.3983631,4.9409413,Dining & Cafes
3018,ChIJ0eKxrucJxkcRJ1XUeg76L3c,35,0.0019185440991065,Sara's Boutique Hotel,336,,Hotel,"[""Hotel"",""Lodge""]",hotels in museumkwartier,52.3650804,4.8781122,Hotel
3019,ChIJW5hE_L8JxkcRLE-luHQ9u8I,35,0.0019185440991065,Hotel The Bird,329,,Hotel,"[""Hotel""]",hotels in negen straatjes,52.3668426,4.8951153,Hotel
3020,ChIJ3U9CII4JxkcR4CVzFTLFhds,35,0.0019185440991065,Coffeeshop Carmona,287,,Cannabiswinkel,"[""Cannabiswinkel""]",coffeeshops in dapperbuurt,52.3556709,4.9010704,Cannabisshop
3021,ChIJj0aJlXIJxkcRYOufPBsPUxw,35,0.0019185440991065,Hartje Oost,249,$$$$$$$,Koffiehuis,"[""Koffiehuis"",""Brunchrestaurant""]",cafes in oud-oost,52.363726,4.932521,Dining & Cafes
3022,ChIJvZowAjsIxkcRwQ9zkj08-MQ,35,0.0019185440991065,Restaurant BROOKLYN Amsterdam,193,,Restaurant,"[""Restaurant"",""Bar""]",restaurants in sloterdijk,52.400547,4.893794,Dining & Cafes
3023,ChIJr3KPlRbjxUcR3ixz-tR-8FM,35,0.0019185440991065,Seafood Sloterdijk,72,$$$$$$,Visrestaurant,"[""Visrestaurant""]",restaurants in sloterdijk,52.3893053,4.8372936,Dining & Cafes
3024,ChIJmdkBxGwJxkcRRnyE-A6oQzo,35,0.0019185440991065,Saray,229,$$$$$$,Restaurant,"[""Restaurant""]",restaurants in indische buurt,52.3639342,4.9383909,Dining & Cafes
3026,ChIJh1iGKaoJxkcRb1I8kyob4_M,35,0.0019185440991065,Toki Sushi And More,127,$$$$$$$,Sushirestaurant,"[""Sushirestaurant"",""Ramen-noedelrestaurant"",""Saladewinkel""]",bars in buikslotermeerplein,52.3981092,4.9371323,Dining & Cafes
3027,ChIJ61Wcvr8JxkcRynJo7PnDrwk,35,0.0019185440991065,Cafe De Gaeper,453,$$$$$$$,Cafe,"[""Cafe""]",bars in rembrandtplein,52.3682361,4.8967544,Dining & Cafes
3028,ChIJdT6tVgbjxUcRSZvCIDaRacc,35,0.0019185440991065,Macarons | IJssalon | Dutch Homemade Osdorp,89,$$$$$$,IJssalon,"[""IJssalon""]",stores in osdorpplein,52.3581601,4.8010887,Dining & Cafes
3031,ChIJ7YzTNbgJxkcRxZHaJGE0Wxo,35,0.0019185440991065,El Asador,425,$$$$$$$,Argentijns restaurant,"[""Argentijns restaurant"",""Grillrestaurant"",""Restaurant voor vleesgerechten"",""Steakhouse""]",restaurants in de wallen,52.3759528,4.899280699999999,Dining & Cafes
3032,ChIJXwD9rA8JxkcRI-NrJaLlXIU,35,0.0019185440991065,5 Terre Amsterdam Italian Restaurant,143,$$$$$$$,Italiaans restaurant,"[""Italiaans restaurant""]",restaurants in leidseplein,52.3623212,4.8825049,Dining & Cafes
3035,ChIJT83lXDMIxkcRn0zQ2KN1KC0,35,0.0019185440991065,Cafe Westerdok,205,$$$$$$$,Koffiehuis,"[""Koffiehuis"",""Bar""]",bars in haarlemmerbuurt,52.3893185,4.891229099999999,Dining & Cafes
3036,ChIJLyhkccgJxkcRjzrIrAW0Tf8,35,0.0019185440991065,Koepelkerk,199,,Congrescentrum,"[""Congrescentrum"",""Evenementenlocatie""]",event venues in negen straatjes,52.3779328,4.8937399,Conference
3037,ChIJ33Yi1iUJxkcRnrLcvftvU2k,35,0.0019185440991065,Azuma Amsterdam,66,,Sushi takeaway,"[""Sushi takeaway""]",restaurants in museumkwartier,52.3523684,4.8834457,Dining & Cafes
3038,ChIJq1gk_dMJxkcRkIGxcCvS-3s,35,0.0019185440991065,My Jewellery | Sieraden- en Kleding | Amsterdam - Hartenstraat,126,,Juwelier,"[""Juwelier"",""Tassenwinkel"",""Kledingwinkel"",""Winkel in modeaccessoires"",""Cadeauwinkel"",""Badmodewinkel""]",stores in negen straatjes,52.3723622,4.8861948,Shopping
3039,ChIJgWdx1w8JxkcR4BxISN4wiDA,35,0.0019185440991065,Coffee Shop,90,$$$$$$$,Koffiebar,"[""Koffiebar"",""Bar"",""Gaarkeuken""]",coffeeshops in museumkwartier,52.3647762,4.8980473,Dining & Cafes
3040,ChIJ1V24MNsJxkcRAPDo70AaaY0,35,0.0019185440991065,Broodbar,253,$$$$$$$,Broodjeswinkel,"[""Broodjeswinkel"",""Koffiebar"",""Afhaalrestaurant""]",cafes in de wallen,52.3717642,4.899079899999999,Shopping
3041,ChIJ6Xgfn_QJxkcRpB4i1NlAGec,35,0.0019185440991065,Cafe De Plakhoek,124,$$$$$$$,Koffiehuis,"[""Koffiehuis""]",cafes in de pijp,52.3505634,4.8898426,Dining & Cafes
3042,ChIJVU9WwuAJxkcRfT1wPFel1Og,35,0.0019185440991065,Cafe Oranje,145,$,Koffiehuis,"[""Koffiehuis"",""Bar""]",cafes in museumkwartier,52.3657557,4.8729485,Dining & Cafes
3043,ChIJybVE4ksIxkcR2nCSFua5z7w,34,0.0018637285534177,Kringloopbedrijf De Lokatie,308,,Kringloopwinkel,"[""Kringloopwinkel"",""Winkel"",""Winkel voor tweedehands kleding""]",stores in buikslotermeerplein,52.3927778,4.9047222,Shopping
3044,ChIJT0fBKk7ixUcRPIuy_myvfn4,34,0.0018637285534177,Van Eesteren Museum,162,,Museum,"[""Museum"",""Toeristische attractie""]",museums in osdorpplein,52.3728614,4.8262597,Cultural & Historic
3046,ChIJoUAaW5UJxkcRYmNgUkzRUTY,34,0.0018637285534177,Eetcafe Frame,194,$$$$$$$,Eetcafe,"[""Eetcafe""]",bars in rembrandtplein,52.3660423,4.8955006,Dining & Cafes
3047,ChIJL_R6XBoJxkcRllXaLReG3ks,34,0.0018637285534177,KZ - Kompaszaal,308,$$,Evenementenlocatie,"[""Evenementenlocatie""]",event venues in bijlmer arena,52.3771046,4.9401158,Event venue
3049,ChIJr0ytV5UJxkcRuGlC1YdKunY,34,0.0018637285534177,Rancho Rembrandtplein,710,$$$$$$$,Restaurant voor vleesgerechten,"[""Restaurant voor vleesgerechten"",""Restaurant"",""Steakhouse""]",restaurants in rembrandtplein,52.3665682,4.8951951,Dining & Cafes
3051,ChIJh9iO76rjxUcRyL4pYPvHuwE,34,0.0018637285534177,LIEF Amsterdam,50,,Evenementenlocatie,"[""Evenementenlocatie""]",event venues in sloterdijk,52.3911811,4.8242492,Event venue
3052,ChIJk4RQK84JxkcRI3qU4IUIbpE,34,0.0018637285534177,Som Tam Thai,192,$$$$$$$,Thais restaurant,"[""Thais restaurant"",""Aziatisch restaurant"",""Restaurant"",""Zuidoost-Aziatisch restaurant""]",restaurants in haarlemmerbuurt,52.380478,4.884075,Dining & Cafes
3053,ChIJG9qob8TjxUcRSj9smGD_wDo,34,0.0018637285534177,Sloterpark,111,,Park,"[""Park""]",parks in sloterdijk,52.3660109,4.8255984,Green Recreation
3054,ChIJn9kvLJALxkcRtKxQOZCHzug,34,0.0018637285534177,Primera,203,,Winkel,"[""Winkel"",""Boekwinkel"",""Sigarenwinkel"",""Cadeauwinkel"",""Loterijwinkel"",""Nieuwskiosk"",""Fotograaf"",""Tabakswinkel"",""E-sigaretten en accessoires""]",stores in bijlmer arena,52.3134522,4.9508959,Shopping
3055,ChIJpSqo4ecJxkcRKABPNUOZ-RM,34,0.0018637285534177,Cafe De Zotte,846,$$,Koffiehuis,"[""Koffiehuis"",""Bar"",""Restaurant""]",bars in de jordaan,52.3660779,4.8810324,Dining & Cafes
3056,ChIJ_exaDrkJxkcR-XSKNToeEMs,34,0.0018637285534177,Lime Bar,129,$$$$$$$,Karaokebar,"[""Karaokebar""]",bars in wallengebied,52.3739185,4.9001627,Dining & Cafes
3057,ChIJLWKClc4JxkcR4eEBS4D0E3U,34,0.0018637285534177,Subway,201,$$$$$$,Broodjeswinkel,"[""Broodjeswinkel"",""Snackbar"",""Afhaalrestaurant"",""Restaurant""]",restaurants in haarlemmerbuurt,52.3817892,4.8889451,Shopping
3058,ChIJ-RbJXY4LxkcRQyaPze3T-7Y,34,0.0018637285534177,King Doner,229,$$$$$$$,Doner kebab-restaurant,"[""Doner kebab-restaurant"",""Restaurant""]",restaurants in bijlmer arena,52.3144966,4.9549428,Dining & Cafes
3060,ChIJ7d5J5M0JxkcRueJI_75-9CA,34,0.0018637285534177,Bayu Food & Art - Haarlemmerbuurt,123,$$$$$$$,Indonesisch restaurant,"[""Indonesisch restaurant""]",bars in haarlemmerbuurt,52.3835506,4.8853414,Dining & Cafes
3061,ChIJU8PoRY0JxkcRHaMEPq2YR0E,34,0.0018637285534177,Bbrood,114,$$$$$$,Bakkerij,"[""Bakkerij"",""Ontbijtrestaurant"",""Koffiebar"",""Lunchrestaurant"",""Broodjeswinkel""]",cafes in de pijp,52.3551371,4.8934386,Dining & Cafes
3062,ChIJwYiZr8cJxkcRhmik7xsU2yE,34,0.0018637285534177,The Highland House Amsterdam,203,,Hotel,"[""Hotel""]",hotels in negen straatjes,52.3752673,4.8934367,Hotel
3063,ChIJi4jourgJxkcRl3fZ6TUedYI,34,0.0018637285534177,Bulldog Souvenirs,54,,Cannabiswinkel,"[""Cannabiswinkel""]",stores in de wallen,52.3727381,4.8965578,Cannabisshop
3064,ChIJV_nRrOkJxkcR37vkfMavBbA,34,0.0018637285534177,Bakkerij Kwakman Leidsestraat,152,$$$$$$,Bakkerij,"[""Bakkerij""]",supermarkets in leidseplein,52.3648314,4.8842831,Dining & Cafes
3065,ChIJxygTgAYJxkcR__xeHKA6tbg,34,0.0018637285534177,Maoz Falafel,91,$$$$$$,Falafelrestaurant,"[""Falafelrestaurant""]",restaurants in haarlemmerbuurt,52.3800298,4.8929564,Dining & Cafes
3066,ChIJwQuZaj8JxkcRlikXbQ0vNmM,34,0.0018637285534177,Red Light Records,121,,Platenwinkel,"[""Platenwinkel""]",stores in de wallen,52.3719181,4.8975535,Shopping
3067,ChIJ3cUJL5AJxkcRAjo16uB8fPs,34,0.0018637285534177,Galerie CoffeeShop YoYo,269,$$$$$$,Koffiebar,"[""Koffiebar""]",cafes in de pijp,52.3563656,4.9031321,Dining & Cafes
3069,ChIJoxPOkrgJxkcRlUH7DKGpCYM,34,0.0018637285534177,Cacao & Spice Chocolate Shop,203,$$$$$$$,Chocolaterie,"[""Chocolaterie""]",stores in de wallen,52.3735691,4.8975618,Dining & Cafes
3071,ChIJz6oamcEJxkcRO0nMleZmuGs,34,0.0018637285534177,Houten Huis,102,,Historisch herkenningspunt,"[""Historisch herkenningspunt"",""Toeristische attractie""]",tourist attractions in negen straatjes,52.3691055,4.8897262,Cultural & Historic
3073,ChIJTU9jWkwJxkcRBOWGX1jHA_c,34,0.0018637285534177,5DPorn,165,,Museum,"[""Museum"",""Theater""]",movie theaters in dapperbuurt,52.3747531,4.8981695,Cultural & Historic
3074,ChIJE-JWw6I5ZUER9vUGGaF6qQw,34,0.0018637285534177,Tabakshop Java,128,,Tabakswinkel,"[""Tabakswinkel""]",stores in indische buurt,52.3638803,4.9346622,Shopping
3075,ChIJLe1dKgEJxkcRSp1kjeKCDLg,34,0.0018637285534177,Luther Museum Amsterdam,90,,Museum,"[""Museum""]",museums in negen straatjes,52.3655332,4.9089104,Cultural & Historic
3078,ChIJDyTiT9QJxkcRy2iSCdbE1ZA,34,0.0018637285534177,Transformatorhuis,448,,Evenementenlocatie,"[""Evenementenlocatie""]",event venues in negen straatjes,52.386807,4.8698442,Event venue
3079,ChIJDwpGJ8sJxkcR1vzydABzAGc,34,0.0018637285534177,I Love Sushi Amsterdam Zuid,95,$$$$$$$,Sushi takeaway,"[""Sushi takeaway"",""Maaltijdbezorging"",""Afhaalrestaurant"",""Sushirestaurant""]",bars in zuid,52.3511928,4.891835,Dining & Cafes
3080,ChIJvZuQQEkLxkcRKtB5Xt77G_o,34,0.0018637285534177,Dunkin',86,$$$$$$,Donutwinkel,"[""Donutwinkel"",""Bakkerij""]",stores in bijlmer arena,52.3128852,4.9436461,Shopping
3081,ChIJ6WDrOLwJxkcRpYcAMl2Hvx8,34,0.0018637285534177,Splendor Amsterdam,200,,Concertzaal,"[""Concertzaal""]",event venues in negen straatjes,52.369805,4.9029824,Event venue
3082,ChIJH4BD6qfjxUcRrimB1Cm4Lyw,34,0.0018637285534177,Kwantum,305,,Woonwinkel,"[""Woonwinkel"",""Tapijtwinkel"",""Gordijnwinkel"",""Doe-het-zelfzaak"",""Vloerenwinkel"",""Meubelwinkel"",""Lampenwinkel"",""Tuinmeubelwinkel"",""Verfwinkel"",""Behangwinkel""]",stores in sloterdijk,52.3906301,4.803780199999999,Shopping
3083,ChIJ8bqs8HgLxkcRuX0XplbglaQ,34,0.0018637285534177,Grand-Cafe ZO,278,$$,Restaurant,"[""Restaurant"",""Catering"",""Cafe""]",bars in bijlmer arena,52.295806,4.951440799999999,Dining & Cafes
3084,ChIJSdarFHMMxkcRUOFp8lVB0Ug,33,0.0018089130077289,Monument Bijlmerramp 'Het Groeiend Monument',285,,Historisch herkenningspunt,"[""Historisch herkenningspunt""]",monuments in bijlmer arena,52.3190514,4.9740557,Cultural & Historic
3085,ChIJI0vXGO8JxkcRDpVPI1qRh84,33,0.0018089130077289,Hotel Museumzicht,214,,Hotel,"[""Hotel""]",hotels in bijlmer arena,52.3603791,4.882992499999999,Hotel
3086,ChIJubEAbRsJxkcR_Iq8YWDTGo8,33,0.0018089130077289,Brothers Bubble Bar,85,$$$$$$$,Lunchrestaurant,"[""Lunchrestaurant""]",bars in buikslotermeerplein,52.3986077,4.9381171,Dining & Cafes
3087,ChIJVeq_JPgJxkcRsa3R-xF2Xm8,33,0.0018089130077289,Odido shop Amsterdam Beethovenstraat,217,$$,Mobiele-telefoonwinkel,"[""Mobiele-telefoonwinkel"",""Winkel met accessoires voor mobiele telefoons"",""Mobiel netwerkoperator"",""Leverancier van telecommunicatieapparatuur"",""Telefoonmaatschappij""]",stores in zuidas,52.3478197,4.8772655,Shopping
3089,ChIJrQi7DCgJxkcRftfBZnytYJc,33,0.0018089130077289,OBA Cafe Oosterdok,68,$$$$$$,Koffiebar,"[""Koffiebar"",""Koffiehuis""]",cafes in nieuwmarkt,52.376104,4.9082883,Dining & Cafes
3090,ChIJmVrcHJ0JxkcR-Vto5PFJDKE,33,0.0018089130077289,Mazzeltof,105,,Cafe,"[""Cafe""]",bars in de pijp,52.3560933,4.890414,Dining & Cafes
3091,ChIJiSKV9_AIxkcRc7_wJkXiksE,33,0.0018089130077289,ICI PARIS XL,99,,Parfumerie,"[""Parfumerie"",""Cosmeticawinkel""]",stores in buikslotermeerplein,52.39889,4.9367184,Shopping
3092,ChIJXZ74NaYLxkcRK4POghxe6QA,33,0.0018089130077289,Poke Perfect,122,$$$$$$$,Restaurant,"[""Restaurant"",""Hawaiaans restaurant""]",restaurants in zuidas,52.3401411,4.8735352,Dining & Cafes
3093,ChIJ92orLCbjxUcR2k6F-9oXp9U,33,0.0018089130077289,Blanche,72,$$$$$$$,Lunchrestaurant,"[""Lunchrestaurant"",""Ontbijtrestaurant"",""Brunchrestaurant"",""Restaurant""]",bars in osdorpplein,52.3619831,4.7978882,Dining & Cafes
3095,ChIJ2_SJDp4JxkcRd2uBcLk5AWQ,33,0.0018089130077289,Oosterbar,111,$$$$$$$,Bar,"[""Bar"",""Discotheek"",""Evenementenlocatie"",""Nachtclub""]",bars in museumkwartier,52.3608314,4.9190024,Dining & Cafes
3096,ChIJVYtZOo4LxkcRVSoY37KP6Tw,33,0.0018089130077289,NEW YORKER,229,,Kledingwinkel,"[""Kledingwinkel"",""Winkel voor namaaksieraden"",""Winkel in modeaccessoires"",""Herenmode"",""Winkel voor bovenkleding"",""Sportkledingwinkel"",""Badmodewinkel"",""Ondergoedwinkel"",""Damesmode"",""Winkel voor jeugdkleding""]",stores in bijlmer arena,52.3144484,4.9532474,Shopping
3097,ChIJkZCWTYgLxkcRIUg_KVMLGN8,33,0.0018089130077289,Via suites,43,,Herberg,"[""Herberg""]",hotels in bijlmer arena,52.3257869,4.9529276,Hotel
3098,ChIJ2ZT4L5MJxkcRQJe6a-Q90kk,33,0.0018089130077289,Sphinx Hotel,370,,Hotel,"[""Hotel""]",hotels in bijlmer arena,52.3593345,4.8940742,Hotel
3099,ChIJhSCUd4oJxkcRl1Hlv6crAjU,33,0.0018089130077289,IJsland Smaakmakers,230,$$$$$$$,IJssalon,"[""IJssalon"",""Ontbijtrestaurant"",""Koffiehuis"",""Creperie"",""Lunchrestaurant""]",cafes in zuidas,52.3456449,4.8952289,Dining & Cafes
3100,ChIJ74qkN44JxkcRYDv0QDo40nc,33,0.0018089130077289,Coffeeshop Blue Sea,235,,Cannabiswinkel,"[""Cannabiswinkel""]",coffeeshops in dapperbuurt,52.354599,4.901661799999999,Cannabisshop
3101,ChIJsVZoL4QJxkcRtxXOoIEMI_Y,33,0.0018089130077289,Bubble Trouble Bubble Tea & IJscuypje,153,$$$$$$,IJssalon,"[""IJssalon"",""Bubbeltheewinkel""]",cafes in indische buurt,52.363893,4.93746,Dining & Cafes
3102,ChIJd8z1No4LxkcRRwtIyuZCsoo,33,0.0018089130077289,Odido Shop Amsterdam Bijlmerplein,199,$$,Mobiele-telefoonwinkel,"[""Mobiele-telefoonwinkel"",""Winkel met accessoires voor mobiele telefoons"",""Mobiel netwerkoperator"",""Leverancier van telecommunicatieapparatuur"",""Telefoonmaatschappij""]",stores in bijlmer arena,52.3147352,4.9534535,Shopping
3103,ChIJ6_6G7wAJxkcR0s93bD7jG9I,33,0.0018089130077289,Raam Amsterdam,126,$$$$$$,Lunchrestaurant,"[""Lunchrestaurant""]",restaurants in de jordaan,52.3659753,4.8806436,Dining & Cafes
3104,ChIJA20AKgUJxkcRVW1ivIAAiNw,33,0.0018089130077289,Topkapi,384,$$,Restaurant,"[""Restaurant"",""Lounge""]",bars in leidseplein,52.364079,4.8846004,Dining & Cafes
3105,ChIJe_4XeuoJxkcRVtg_klFdtww,33,0.0018089130077289,Sichuan Food,244,,Chinees restaurant,"[""Chinees restaurant""]",restaurants in leidseplein,52.3665565,4.890566199999999,Dining & Cafes
3106,ChIJV17ISdsJxkcREY_GHCZrWsM,33,0.0018089130077289,"""Broodje Mokum"" Koffiehuis",161,$$$$$$,Broodjeswinkel,"[""Broodjeswinkel"",""Koffiehuis"",""Maaltijdbezorging""]",cafes in de jordaan,52.3738346,4.881857699999999,Shopping
3107,ChIJx4Sfg2oJxkcR9q3dWE_Q_gk,33,0.0018089130077289,Vlaamsch Broodhuys Middenweg Amsterdam,122,$$,Bakkerij,"[""Bakkerij"",""Ontbijtrestaurant"",""Brunchrestaurant"",""Koffiebar"",""Lunchrestaurant"",""Restaurant"",""Broodjeswinkel""]",cafes in dapperbuurt,52.3544177,4.9297775,Dining & Cafes
3108,ChIJ8RlXLTUJxkcRfvHzxmYCmFc,33,0.0018089130077289,Edible Treasures,66,,Winkel,"[""Winkel""]",stores in museumkwartier,52.3538157,4.8771681,Shopping
3109,ChIJB_2CinoNxkcRq2dxKVwSHhM,33,0.0018089130077289,Park Gaasperplas,60,,Park,"[""Park""]",parks in negen straatjes,52.3068975,4.989411,Green Recreation
3110,ChIJWaLztpMJxkcR75NmWDxDiR8,33,0.0018089130077289,Golden Mansion Aparthotel,249,,Hotel,"[""Hotel""]",hotels in bijlmer arena,52.3589896,4.897973599999999,Hotel
3111,ChIJZZvuJckJxkcRdrdYANKIqBw,33,0.0018089130077289,TiTo Tabak,66,,Tabakswinkel,"[""Tabakswinkel"",""Sigarenwinkel"",""Cadeauwinkel"",""Wenskaartenwinkel"",""Loterijwinkel"",""Tijdschriftenwinkel""]",coffeeshops in haarlemmerbuurt,52.3805805,4.8912242,Shopping
3112,ChIJC-BLeqsJxkcR-BotWzGD2SA,33,0.0018089130077289,YAYS Amsterdam East by Numa,177,,Hotel,"[""Hotel""]",hotels in dapperbuurt,52.366976,4.932947599999999,Hotel
3113,ChIJh5o5LeEJxkcRKZspwSUZSNE,33,0.0018089130077289,Hotel Mosaic,591,,Hotel,"[""Hotel"",""Woningverhuur"",""Accomodatie"",""Vakantieappartement""]",hotels in museumkwartier,52.36517,4.8733686,Hotel
3114,ChIJ8SWTPorixUcRBlW5Kpq-2jU,33,0.0018089130077289,Wout's Tegelhandel B.V. - Showroom,251,,Tegelwinkel,"[""Tegelwinkel"",""Sanitairwinkel""]",stores in sloterdijk,52.3904849,4.8217111,Shopping
3115,ChIJEVveaLQJxkcRjImHlRfdFw8,33,0.0018089130077289,The Coffee Virus - A Lab,136,$$$$$$,Espressobar,"[""Espressobar"",""Lunchpakkettenservice"",""Cateringgroothandel in voeding en dranken"",""Catering"",""Koffiebar"",""Evenementenlocatie"",""Health Food-restaurant"",""Patisserie"",""Saladewinkel"",""Broodjeswinkel""]",cafes in buikslotermeerplein,52.384205,4.902947999999999,Dining & Cafes
3116,ChIJ1aboSY4LxkcR0WrPn5wB1jw,33,0.0018089130077289,ICI PARIS XL,222,,Parfumerie,"[""Parfumerie"",""Cosmeticawinkel""]",stores in bijlmer arena,52.3139775,4.9531871,Shopping
3118,ChIJxUgbH_AIxkcR7UqGEZLLz9Y,33,0.0018089130077289,Odido,255,$$,Mobiele-telefoonwinkel,"[""Mobiele-telefoonwinkel"",""Winkel met accessoires voor mobiele telefoons"",""Mobiel netwerkoperator"",""Leverancier van telecommunicatieapparatuur"",""Telefoonmaatschappij""]",stores in buikslotermeerplein,52.3987279,4.9369405,Shopping
3120,ChIJu81cqHgJxkcRhWdwahjZBio,32,0.0017540974620402,Restaurant EAST,242,$$$$$$$,Restaurant,"[""Restaurant"",""Cocktailbar"",""Koffiebar"",""Gedeelde werkplek""]",bars in indische buurt,52.349898,4.9186931,Dining & Cafes
3121,ChIJr4YZPQfixUcRmJ4aIzkJY4U,32,0.0017540974620402,Arti Choc,120,$$$$$$,Chocolaterie,"[""Chocolaterie""]",stores in de vondelpark,52.3530689,4.8632121,Dining & Cafes
3123,ChIJ27i5gCcJxkcRdwveFmCYX0g,32,0.0017540974620402,New Castle Bar,112,$$$$$$$,Bar,"[""Bar"",""Cafe""]",bars in wallengebied,52.3739535,4.8992377,Dining & Cafes
3124,ChIJOTx352cLxkcROow7jetyxKI,32,0.0017540974620402,Levenslang Amsterdam,56,$$$$$$$,Nachtclub,"[""Nachtclub"",""Brouwerij"",""Evenementenlocatie""]",event venues in bijlmer arena,52.337133,4.925117,Entertainment & Nightlife
3125,ChIJ5Q2Gkm0JxkcR_Zaah6mUKcc,32,0.0017540974620402,The Lunch Club,89,$$$$$$$,Lunchrestaurant,"[""Lunchrestaurant""]",cafes in haarlemmerbuurt,52.384147,4.8841208,Dining & Cafes
3126,ChIJa51iOZcLxkcRNq4uqvGX8rI,32,0.0017540974620402,FEBO Amsterdam - ArenA Automatiek,220,$$$$$$,Snackbar,"[""Snackbar""]",restaurants in bijlmer arena,52.3129408,4.943618,Dining & Cafes
3127,ChIJ484bhJIJxkcRLnwfIZZjwKY,32,0.0017540974620402,Coffeeshop Roxy,306,,Cannabiswinkel,"[""Cannabiswinkel"",""Koffiebar""]",coffeeshops in negen straatjes,52.3563955,4.8956237,Cannabisshop
3128,ChIJU2-ZZL8JxkcRoJgHqjZkF6w,32,0.0017540974620402,Citadines Apart'hotel Canal Amsterdam,61,,Hotel,"[""Hotel"",""Serviceaccommodatie"",""Verhuurbedrijf voor vakantiehuizen""]",hotels in bijlmer arena,52.3611724,4.8936259,Hotel
3129,ChIJNy8hvawJxkcRd65wiV6T4Ug,32,0.0017540974620402,BARBOUNIA,46,,Restaurant,"[""Restaurant""]",bars in museumkwartier,52.3585547,4.8794833,Dining & Cafes
3132,ChIJ9yc2wBEKxkcRLbN5GFyjYic,32,0.0017540974620402,Nespresso Boutique,151,,Koffiewinkel,"[""Koffiewinkel""]",stores in zuidas,52.3314697,4.8788807,Shopping
3133,ChIJTTJ385kJxkcRnM39Xfz9R_4,32,0.0017540974620402,Felicitas (Boat House),91,,Accomodatie,"[""Accomodatie""]",hotels in dapperbuurt,52.3734457,4.9103278,Hotel
3134,ChIJ7frB5rsJxkcR0vVE94mMOkk,32,0.0017540974620402,lululemon,54,,Sportkledingwinkel,"[""Sportkledingwinkel"",""Kinderkleding"",""Herenmode"",""Sportwinkel"",""Damesmode""]",stores in de leidseplein,52.3663677,4.8868807,Shopping
3135,ChIJW26C86wJxkcRRa-lOrzoM0g,32,0.0017540974620402,Veganees | Vegan Aziatisch Streetfood Restaurant,74,,Restaurant,"[""Restaurant"",""Bar"",""Lunchrestaurant"",""Veganistisch restaurant"",""Vegetarisch restaurant""]",bars in buikslotermeerplein,52.3562265,4.9115305,Dining & Cafes
3136,ChIJf7k8X-gJxkcRCMfGzze5Uco,32,0.0017540974620402,Cafe Hole in the wall,62,$$$$$$$,Karaokebar,"[""Karaokebar""]",bars in museumkwartier,52.364657,4.8828345,Dining & Cafes
3137,ChIJPRX6resLxkcRHFVHvGeTWlk,32,0.0017540974620402,Park Somerlust,121,,Park,"[""Park""]",parks in negen straatjes,52.3408167,4.917589899999999,Green Recreation
3138,ChIJ8ewYqugJxkcR2mOkA44dG70,32,0.0017540974620402,Sorel's Bar and Lounge,118,$$$$$$$,Bar,"[""Bar"",""Restaurant""]",bars in museumkwartier,52.3625237,4.8800325,Dining & Cafes
3139,ChIJm5DjYcEJxkcRRKDp-mkHuQA,32,0.0017540974620402,Hotel Hoksbergen,277,,Hotel,"[""Hotel""]",hotels in negen straatjes,52.3706648,4.8886221,Hotel
3140,ChIJ2eMiTpUJxkcR7I3lNcENtQ8,32,0.0017540974620402,Karaoke bar Amsterdam | Los bij Jos,188,$$,Karaokebar,"[""Karaokebar"",""Koffiehuis""]",bars in rembrandtplein,52.366048,4.8950424,Dining & Cafes
3141,ChIJC-isISgJxkcRzJcKV8pmA5Q,32,0.0017540974620402,Vape Shop Amsterdam Van Wou,110,,E-sigaretten en accessoires,"[""E-sigaretten en accessoires""]",stores in de pijp,52.356844,4.899460899999999,Shopping
3142,ChIJUVMo7rMJxkcRrtYqvZddDak,32,0.0017540974620402,Tolhuis,119,,Evenementenlocatie,"[""Evenementenlocatie""]",event venues in de pijp,52.3831929,4.9047554,Event venue
3143,ChIJNT7esekJxkcRxXj2aNpzoCw,32,0.0017540974620402,M.A.C Store Leidsestraat,157,,Cosmeticawinkel,"[""Cosmeticawinkel"",""Schoonheidssalon"",""Cadeauwinkel"",""Make-upartiest""]",stores in de leidseplein,52.3650621,4.8849173,Shopping
3144,ChIJXzTMff8JxkcRs6eXDlG-bIk,32,0.0017540974620402,l'Arena,338,$$,Restaurant,"[""Restaurant""]",restaurants in zuidas,52.3463889,4.868611,Dining & Cafes
3145,ChIJn66eAj3jxUcRgUldF9yPies,32,0.0017540974620402,Peakz Padel Amsterdam Sloterdijk | Padelclub,131,,Padelclub,"[""Padelclub"",""Evenementenmanagementbedrijf"",""Evenementenlocatie"",""Padelbaan"",""Sportclub"",""Sportcomplex""]",sports complex in sloterdijk,52.3885768,4.8354117,Entertainment & Nightlife
3146,ChIJ7e0GBvrjxUcRk2jv0mDVQjA,32,0.0017540974620402,Clubhart,56,,Concertzaal,"[""Concertzaal""]",event venues in sloterdijk,52.3898321,4.7888953,Event venue
3147,ChIJS3HXElsIxkcRReftLMqepSA,32,0.0017540974620402,Buiksloterkerk,249,,Historisch herkenningspunt,"[""Historisch herkenningspunt"",""Cultureel centrum"",""Trouwlocatie""]",event venues in buikslotermeerplein,52.4018372,4.9163301,Cultural & Historic
3148,ChIJG-OVsecJxkcRggFzBiN9ZQs,32,0.0017540974620402,No. 377 House - Boutique Hotel Amsterdam,243,,Hotel,"[""Hotel""]",hotels in negen straatjes,52.3651498,4.8784576,Hotel
3149,ChIJuV9GjtAJxkcRVC_-sfXToV0,32,0.0017540974620402,Songkran,234,$$$$$$$,Thais restaurant,"[""Thais restaurant"",""Restaurant""]",restaurants in de jordaan,52.3792835,4.8794723,Dining & Cafes
3152,ChIJe8WERnnixUcRSt9ew0Tfb28,32,0.0017540974620402,RataPlan,186,,Kringloopwinkel,"[""Kringloopwinkel"",""Tweedehandswinkel""]",stores in sloterdijk,52.38327,4.8651818,Shopping
3154,ChIJs7Zq44wJxkcRchlNtHIcAHM,32,0.0017540974620402,De Stadsfiets Ceintuurbaan,160,,Fietsenwinkel,"[""Fietsenwinkel"",""Sportwinkel""]",stores in de pijp,52.3530324,4.8945704,Shopping
3155,ChIJA5GAZHTixUcRTJvWqdBB0DQ,32,0.0017540974620402,Cafe Treffers,179,$$$$$$$,Koffiehuis,"[""Koffiehuis""]",cafes in sloterdijk,52.3710213,4.8631512,Dining & Cafes
3156,ChIJhTZe_woNxkcRBliaE00ey3I,32,0.0017540974620402,Hemelsbreed Cafe,53,$$$$$$,Koffiebar,"[""Koffiebar"",""Praatpaal""]",cafes in bijlmer arena,52.3156542,4.9772474,Dining & Cafes
3157,ChIJVf9fY9oJxkcR9uVJ6j8RRTI,31,0.0016992819163514,Nespresso Boutique,40,,Koffiewinkel,"[""Koffiewinkel""]",stores in museumkwartier,52.3582004,4.8781967,Shopping
3158,ChIJScnSdjgNxkcR52QD_bbvs-U,31,0.0016992819163514,Winkelcentrum Gein,32,,Winkelcentrum,"[""Winkelcentrum""]",shopping malls in indische buurt,52.2970172,4.9875783,Shopping
3159,ChIJcTyaFrkJxkcRkxgARkMuwcU,31,0.0016992819163514,Amsterdamsche Vischhandel,97,,Viswinkel,"[""Viswinkel""]",supermarkets in nieuwmarkt,52.373307,4.900299,Dining & Cafes
3161,ChIJ8xEoFMgJxkcRK5iQO2S5Tak,31,0.0016992819163514,Royal Plaza Hotel,293,,Hotel,"[""Hotel""]",hotels in haarlemmerbuurt,52.3784578,4.8954286,Hotel
3162,ChIJUyhK8L0JxkcR16hpIsbSWng,31,0.0016992819163514,Tokoman,163,$$$$$$$,Surinaams restaurant,"[""Surinaams restaurant""]",restaurants in nieuwmarkt,52.3669246,4.9023617,Dining & Cafes
3163,ChIJNaN4rU_jxUcRsdxOrmAiFww,31,0.0016992819163514,Westerunie Amsterdam,69,$$$$$$$,Nachtclub,"[""Nachtclub"",""Discotheek"",""Evenementenbureau"",""Evenementenlocatie""]",night clubs in amsterdam,52.3871283,4.8700218,Entertainment & Nightlife
3164,ChIJUZ_4GGXixUcRTmaO9LfLT2U,31,0.0016992819163514,"Coffeeshop ""Risky Business""",255,,Cannabiswinkel,"[""Cannabiswinkel""]",coffeeshops in sloterdijk,52.3809881,4.8553737,Cannabisshop
3165,ChIJ38JaaNYJxkcRCeBfipL8FIM,31,0.0016992819163514,Coffeeshop Chapiteau,124,,Cannabiswinkel,"[""Cannabiswinkel""]",coffeeshops in haarlemmerbuurt,52.3823768,4.8730799,Cannabisshop
3166,ChIJb8p4zYwJxkcREw2LRb3XVHE,31,0.0016992819163514,Intertoys,170,,Speelgoedwinkel,"[""Speelgoedwinkel"",""Cadeauwinkel"",""Videogamewinkel""]",stores in de pijp,52.3527649,4.8922741,Shopping
3167,ChIJ58iYYOgJxkcRt5T688vTezE,31,0.0016992819163514,Cafe Eijlders,226,$$$$$$,Koffiehuis,"[""Koffiehuis""]",bars in leidseplein,52.3649304,4.8824751,Dining & Cafes
3168,ChIJqxjpanEJxkcRFJhzbxz-CHw,31,0.0016992819163514,Bbrood,59,$$$$$$,Bakkerij,"[""Bakkerij"",""Ontbijtrestaurant"",""Koffiebar"",""Lunchrestaurant"",""Broodjeswinkel""]",cafes in haarlemmerbuurt,52.380757,4.883947,Dining & Cafes
3169,ChIJycEfQtsJxkcREQJCKe2m8dk,31,0.0016992819163514,Coppenhagen kralen,128,,Kralenwinkel,"[""Kralenwinkel""]",stores in de jordaan,52.373598,4.880836,Shopping
3170,ChIJ0RVWBkUJxkcRgCMiZSdi-EU,31,0.0016992819163514,I Love Sushi & Poke Bowl Amsterdam Centrum,93,$$$$$$$,Sushirestaurant,"[""Sushirestaurant"",""Maaltijdbezorging"",""Afhaalrestaurant"",""Sushi takeaway""]",restaurants in haarlemmerbuurt,52.38171,4.8891142,Dining & Cafes
3172,ChIJ4Zj9GL0JxkcRG95ac28SfeA,31,0.0016992819163514,Cafe Waterlooplein 77,189,$$$$$$,Koffiehuis,"[""Koffiehuis""]",cafes in nieuwmarkt,52.3683642,4.9062994,Dining & Cafes
3174,ChIJOZSeRDgJxkcRh2bIFrgOgPE,31,0.0016992819163514,Amsterdam,76,,Toeristische attractie,"[""Toeristische attractie""]",tourist attractions in negen straatjes,52.3541494,4.914009699999999,Cultural & Historic
3175,ChIJiwGO1JQJxkcRyaQmlI922HA,31,0.0016992819163514,Pianola Museum,223,,Museum,"[""Museum"",""Toeristische attractie""]",museums in negen straatjes,52.3786677,4.8835635,Cultural & Historic
3176,ChIJP63EaM4JxkcRm8wFq_aiWYw,31,0.0016992819163514,WD Buhrs 'Sandwichbar',104,$$$$$$,Broodjeswinkel,"[""Broodjeswinkel""]",restaurants in haarlemmerbuurt,52.3822283,4.8877577,Shopping
3178,ChIJKWBPHowJxkcRFdFm2RhxGCg,31,0.0016992819163514,Vondel Garden Hotel,243,,Hotel,"[""Hotel"",""Serviceaccommodatie"",""Vakantieappartement""]",hotels in bijlmer arena,52.3612432,4.8769142,Hotel
3179,ChIJOXzf2FwJxkcRU3d8vHInY4w,31,0.0016992819163514,CASA Amsterdam,172,,Woonwinkel,"[""Woonwinkel"",""Meubelwinkel"",""Winkel voor tuinmeubilair"",""Cadeauwinkel"",""Kookwinkel""]",stores in bijlmer arena,52.3570494,4.928983199999999,Shopping
3180,ChIJF5TBnyoLxkcR84AMyfb4cMo,31,0.0016992819163514,BACK,98,$$$$$$$,Health Food-restaurant,"[""Health Food-restaurant""]",restaurants in zuidas,52.3365577,4.8756891,Dining & Cafes
3181,ChIJI4xTZP4JxkcRJHaH1y7n2Mw,31,0.0016992819163514,Bar Maeve,69,$$$$$$$,Restaurant,"[""Restaurant"",""Bar"",""Brunchrestaurant"",""Cocktailbar"",""Eetcafe"",""Lunchrestaurant"",""Bar met statafels""]",bars in de pijp,52.3561924,4.8924104,Dining & Cafes
3184,ChIJ621fKZMJxkcRerhBMBovR_0,31,0.0016992819163514,Hotel Kap,270,,Hotel,"[""Hotel"",""Eetcafe""]",hotels in bijlmer arena,52.358993,4.893612,Hotel
3185,ChIJcyDmO3IJxkcRSjEp2YAyajo,31,0.0016992819163514,Muiderpoortstation,36,,Monument,"[""Monument""]",monuments in bijlmer arena,52.3607209,4.9312566,Cultural & Historic
3188,ChIJ0_b-DcYJxkcRR-XMFNdZ6Kg,30,0.0016444663706627,VEGA-LIFE,196,,Kledingwinkel,"[""Kledingwinkel"",""Cosmeticawinkel"",""Schoenenwinkel""]",stores in de nieuwmarkt,52.3709456,4.8993177,Shopping
3189,ChIJmZLTKusLxkcRUBCnv6OSZ4c,30,0.0016444663706627,Annie's place,134,$$$$$$$,Afhaalrestaurant,"[""Afhaalrestaurant""]",restaurants in bijlmer arena,52.3219924,4.943175999999999,Dining & Cafes
3191,ChIJlcFKxr0JxkcRcsNXoC5RFzY,30,0.0016444663706627,Mozes en Aaronkerk (officieel Heilige Antonius van Padua),118,,Katholieke kerk,"[""Katholieke kerk"",""Toeristische attractie""]",monuments in nieuwmarkt,52.3683368,4.903223199999999,Cultural & Historic
3192,ChIJGYB0Vb8JxkcRu33y4i5Ayl0,30,0.0016444663706627,Cafe Bredero,274,$$$$$$$,Koffiehuis,"[""Koffiehuis""]",cafes in de wallen,52.3718368,4.8954395,Dining & Cafes
3194,ChIJO2eQVBMJxkcR4zY3FQAvtPA,30,0.0016444663706627,Ela Palermo,165,$$$$$$$,Restaurant,"[""Restaurant""]",bars in indische buurt,52.3649601,4.9403167,Dining & Cafes
3196,ChIJM9n-NcEJxkcRNhR75OUQp7E,30,0.0016444663706627,Cafe DIEP!,182,$,Koffiehuis,"[""Koffiehuis"",""Bar""]",bars in 9 straatjes,52.37185,4.8903761,Dining & Cafes
3197,ChIJdeFyiE0IxkcR86C4kRK1CX8,30,0.0016444663706627,Steaky noord,324,$$$$$$$,Pizzeria,"[""Pizzeria"",""Snackbar"",""Pastawinkel""]",restaurants in buikslotermeerplein,52.3906865,4.911975099999999,Dining & Cafes
3198,ChIJI_M8TPAIxkcRXatqe1S15Rc,30,0.0016444663706627,HEMA Amsterdam-Noord,262,,Warenhuis,"[""Warenhuis"",""Babywinkel"",""Beddenwinkel"",""Taartenwinkel"",""Kinderkleding"",""Kledingwinkel"",""Restaurant"",""Speelgoedwinkel"",""Winkel voor raambekleding"",""Damesmode""]",stores in buikslotermeerplein,52.3992574,4.9379958,Shopping
3199,ChIJdcf_HskJxkcRAdzufwwP1_4,30,0.0016444663706627,Strain Hunters,70,,Cannabiswinkel,"[""Cannabiswinkel"",""Filmproductiebedrijf""]",coffeeshops in haarlemmerbuurt,52.3803457,4.8922331,Cannabisshop
3200,ChIJz7XxU-gJxkcRMgVTqv3DuL0,30,0.0016444663706627,JD Sports,188,$$,Sportkledingwinkel,"[""Sportkledingwinkel"",""Kinderkleding"",""Kledingwinkel"",""Herenmode"",""Schoenenwinkel"",""Sportwinkel"",""Damesmode""]",stores in de leidseplein,52.3648936,4.8838558,Shopping
3202,ChIJ9d0Hh84JxkcRgH9zTNRXMe8,30,0.0016444663706627,hotel calisto,44,,Hotel,"[""Hotel""]",hotels in haarlemmerbuurt,52.3824261,4.8874923,Hotel
3203,ChIJs9WxDOjjxUcR8K35Ndq-crY,30,0.0016444663706627,The Royal,93,,Evenementenlocatie,"[""Evenementenlocatie""]",event venues in osdorpplein,52.3608858,4.7857847,Event venue
3204,ChIJadYioPIJxkcR8CmEtdgTgkQ,30,0.0016444663706627,Superskunk,270,,Cannabiswinkel,"[""Cannabiswinkel""]",coffeeshops in de pijp,52.356078,4.8910499,Cannabisshop
3206,ChIJqy6fEOAJxkcRLAH34kQQpso,30,0.0016444663706627,Cafe Belcampo,299,$$$$$$,Koffiehuis,"[""Koffiehuis""]",cafes in vondelpark,52.3668894,4.8688723,Dining & Cafes
3207,ChIJu_2hdFIIxkcR_372CXUu2jc,30,0.0016444663706627,Cafe De Bult,188,$$$$$$$,Koffiehuis,"[""Koffiehuis""]",cafes in buikslotermeerplein,52.391596,4.913067,Dining & Cafes
3208,ChIJO3DVK90JxkcRNtdcx6MtIx4,30,0.0016444663706627,Zuivelhoeve Elandsgracht,276,,Kaaswinkel,"[""Kaaswinkel"",""Delicatessenwinkel""]",stores in de jordaan,52.3696262,4.881469399999999,Shopping
3209,ChIJEZ8qy5MJxkcRGMOihYMssJU,30,0.0016444663706627,Momo Tibet,67,$$$$$$$,Tibetaans restaurant,"[""Tibetaans restaurant"",""Restaurant""]",restaurants in de pijp,52.3550895,4.9026009,Dining & Cafes
3210,ChIJy-inSvIJxkcRC9jZ-JNqGII,30,0.0016444663706627,Coffeeshop Stone's,388,,Cannabiswinkel,"[""Cannabiswinkel""]",coffeeshops in de pijp,52.3537024,4.887190599999999,Cannabisshop
3211,ChIJOXsTBB3ixUcRaHW1sLGkgFc,30,0.0016444663706627,The Magpie,201,$$,Bar,"[""Bar"",""Ontbijtrestaurant"",""Koffiehuis"",""Cocktailbar"",""Internetcafe"",""Ierse pub"",""Sportcafe"",""Wifi-spot""]",bars in zuid,52.3495083,4.8489127,Dining & Cafes
3212,ChIJG9wj3s0JxkcRNK-DpZuHjZE,30,0.0016444663706627,Pizzeria Pastorale,139,$$$$$$$,Afhaalpizza,"[""Afhaalpizza""]",restaurants in haarlemmerbuurt,52.3832888,4.8858972,Dining & Cafes
3213,ChIJZxO09x8KxkcR-y8muJXFk6U,30,0.0016444663706627,The Corner Amsterdam,509,$$,Restaurant,"[""Restaurant"",""Bar"",""Koffiehuis"",""Cocktailbar""]",bars in zuid,52.3447017,4.8904508,Dining & Cafes
3214,ChIJPUSZYATixUcRO4sMRV29Vc0,30,0.0016444663706627,Cafe Hans,253,$$$$$$$,Bar,"[""Bar""]",bars in vondelpark,52.353645,4.856026099999999,Dining & Cafes
3215,ChIJt6gwUxIMxkcRJiQowUKjuDA,30,0.0016444663706627,Bijlmerweide,356,,Park,"[""Park""]",playgrounds in bijlmer arena,52.3249248,4.988859499999999,Green Recreation
3217,ChIJWYRxqbkJxkcR4PydqWYKr-E,30,0.0016444663706627,Amsterdam,171,,Kaaswinkel,"[""Kaaswinkel"",""Bakkerij""]",stores in de wallen,52.3746872,4.8996947,Shopping
3218,ChIJZ1xxHOkJxkcRL4QRuFvszfQ,30,0.0016444663706627,Casa Italiana,338,$$$$$$$,Italiaans restaurant,"[""Italiaans restaurant""]",bars in leidseplein,52.3635849,4.8844545,Dining & Cafes
3219,ChIJt2YRyRnixUcRYS568NXevcI,30,0.0016444663706627,SKYY Bar Amsterdam,222,$$$$$$$,Bar,"[""Bar"",""Club"",""Cocktailbar"",""Bar met live muziek"",""Nachtclub"",""Restaurant""]",bars in vondelpark,52.3576162,4.8445259,Dining & Cafes
3220,ChIJuVgsW4gJxkcR9u2DSL7x7oU,30,0.0016444663706627,Leo | Bistro Amsterdam,45,$$$$$$$,Bistro,"[""Bistro""]",restaurants in oosterparkbuurt,52.3569175,4.9178466,Dining & Cafes
3222,ChIJnbbjALgJxkcRfiYIrRlTnBc,30,0.0016444663706627,Tip de Bruin,328,,Herenmode,"[""Herenmode"",""Winkel""]",stores in zuidas,52.3769994,4.8965081,Shopping
3223,ChIJfxFQBJQJxkcRMuO35g8DUHg,30,0.0016444663706627,Hotel Dwars Amsterdam,211,,Hotel,"[""Hotel""]",hotels in dapperbuurt,52.361674,4.899627,Hotel
3227,ChIJ9ZYOl7oOxkcRagum43KO-5g,30,0.0016444663706627,Diemerpark,179,,Park,"[""Park""]",parks in bijlmer arena,52.3537212,4.9862249,Green Recreation
3228,ChIJ0yEzGdYJxkcRU3lq6KkiXLU,30,0.0016444663706627,Coffeeshop Freedom,196,,Cannabiswinkel,"[""Cannabiswinkel""]",coffeeshops in haarlemmerbuurt,52.3825621,4.8711886,Cannabisshop
3229,ChIJQ0fO_hELxkcRq4kG-5xi3wY,30,0.0016444663706627,Athenaeum Boekhandel Zuidoost,55,,Boekwinkel,"[""Boekwinkel""]",stores in bijlmer arena,52.3130526,4.9493794,Shopping
3231,ChIJXTDGLYQJxkcRULvk3bNT0b0,30,0.0016444663706627,Oakberry Acai Amsterdam - Oud Zuid,57,$$$$$$$,Health Food-restaurant,"[""Health Food-restaurant""]",restaurants in zuidas,52.3483184,4.8774109,Dining & Cafes
3232,ChIJN3tlY3TixUcR3E6EtdvNJLQ,30,0.0016444663706627,Himalaya Supermarkt,137,,Indiase kruidenierswinkel,"[""Indiase kruidenierswinkel"",""Buffet met zoetigheden en desserts"",""Kruidenier"",""Supermarkt""]",supermarkets in leidseplein,52.3710774,4.8628703,Shopping
3233,ChIJXXFVn9oJxkcRi1KGC-P3L6E,30,0.0016444663706627,Kam Wah,131,$$$$$$$,Chinees restaurant,"[""Chinees restaurant""]",restaurants in de jordaan,52.3775643,4.881554,Dining & Cafes
3235,ChIJk8BA2LMJxkcRd6yCZiuarJM,30,0.0016444663706627,MILK CAFE,100,$$$$$$$,Koffiehuis,"[""Koffiehuis""]",cafes in leidseplein,52.3647255,4.8808287,Dining & Cafes
3237,ChIJa5H-LOoJxkcRGjDeS5FmR8s,30,0.0016444663706627,Pad Thai Boven 't Y,115,$$$$$$$,Restaurant,"[""Restaurant"",""Thais restaurant""]",bars in buikslotermeerplein,52.3984416,4.9383886,Dining & Cafes
3238,ChIJp_zz29HjxUcRR_8EIqw6XNI,30,0.0016444663706627,Parfumerie Douglas,132,,Parfumerie,"[""Parfumerie"",""Cosmeticawinkel"",""Winkel in modeaccessoires""]",stores in osdorpplein,52.3592558,4.8049768,Shopping
3239,ChIJ9xJ5Eo8JxkcRWXDtQEarhUw,29,0.0015896508249739,Green House Pijp Coffeeshop,394,,Cannabiswinkel,"[""Cannabiswinkel""]",coffeeshops in dapperbuurt,52.3523726,4.9034241,Cannabisshop
3240,ChIJXz3F1qjnxUcRz8vbbCr2Pvc,29,0.0015896508249739,ICI PARIS XL,75,,Parfumerie,"[""Parfumerie"",""Cosmeticawinkel""]",stores in osdorpplein,52.359382,4.804827,Shopping
3241,ChIJf0hi-PAJxkcRzwcxo-NPhPU,29,0.0015896508249739,Banketbakkerij Arnold Cornelis,144,$$$$$$,Bakkerij,"[""Bakkerij""]",stores in museumkwartier,52.3539052,4.8818962,Dining & Cafes
3242,ChIJ-W39jpcLxkcRzA_5405yXXQ,29,0.0015896508249739,Villa Break,110,$$$$$$$,Restaurant,"[""Restaurant""]",restaurants in bijlmer arena,52.3123332,4.9385753,Dining & Cafes
3243,ChIJhSCA_OgJxkcRWuaXuQdONpI,29,0.0015896508249739,Club Up,162,$$$$$$$,Nachtclub,"[""Nachtclub""]",night clubs in amsterdam,52.3638101,4.883689899999999,Entertainment & Nightlife
3244,ChIJNTs62r8JxkcROh144s-vHTk,29,0.0015896508249739,Hotel Amstelzicht,244,,Hotel,"[""Hotel""]",hotels in bijlmer arena,52.3669444,4.8969444,Hotel
3246,ChIJgVylMtjjxUcR930d9TZvlnk,29,0.0015896508249739,Il Delfino Blu,272,$$$$$$$,Restaurant,"[""Restaurant"",""Maaltijdbezorging"",""Afhaalrestaurant""]",restaurants in osdorpplein,52.3517121,4.7972909,Dining & Cafes
3247,ChIJnf0IR84JxkcR60Gwgeyp0WE,29,0.0015896508249739,Toko Manis,108,$$$$$$$,Indonesisch restaurant,"[""Indonesisch restaurant"",""Afhaalrestaurant""]",restaurants in haarlemmerbuurt,52.3812181,4.8855333,Dining & Cafes
3248,ChIJiY64qD8LxkcRLwWnaMo8KtY,29,0.0015896508249739,Granelli Ristorante Pizzeria,42,$$$$$$$,Pizzeria,"[""Pizzeria"",""Italiaans restaurant""]",restaurants in zuidas,52.3374396,4.8715422,Dining & Cafes
3249,ChIJASPPy7kJxkcRsML5Ke11uJc,29,0.0015896508249739,KTV Bar,225,$$$$$$$,Karaokebar,"[""Karaokebar"",""Cocktailbar""]",bars in wallengebied,52.376022,4.899867,Dining & Cafes
3250,ChIJhV0wqucJxkcRk9z5peSM_0k,29,0.0015896508249739,Jupiter Hotel,400,,Hotel,"[""Hotel""]",hotels in negen straatjes,52.3650012,4.8777928,Hotel
3252,ChIJv-UbKnEJxkcR4l9pLaZIaIA,29,0.0015896508249739,Scooter Service Amsterdam by jeffa's,165,,Scooterwinkel,"[""Scooterwinkel"",""Motorzaak"",""Bandenwinkel"",""Lasser""]",stores in sloterdijk,52.3574111,4.9265127,Shopping
3253,ChIJt799QLUJxkcR-HZ7ybkdBHY,29,0.0015896508249739,Bar Aan de Kade,59,,Restaurant,"[""Restaurant""]",restaurants in dapperbuurt,52.3551803,4.9288846,Dining & Cafes
3254,ChIJY9SlMZALxkcR6M-Oc_hILak,29,0.0015896508249739,Subway,481,$$$$$$,Broodjeswinkel,"[""Broodjeswinkel"",""Snackbar"",""Afhaalrestaurant"",""Restaurant""]",restaurants in bijlmer arena,52.3132419,4.9504374,Shopping
3255,ChIJgzFaC7gJxkcRMFokH50MNNU,29,0.0015896508249739,Orange Tulip Hotel,160,,Hotel,"[""Hotel""]",hotels in de wallen,52.3761094,4.8965055,Hotel
3257,ChIJv_B_mzsJxkcRrCCTvClslbo,29,0.0015896508249739,Zuivere Koffie Amsterdam,51,$$$$$$,Koffiebar,"[""Koffiebar"",""Banketbakker"",""Broodjeswinkel""]",cafes in haarlemmerbuurt,52.3818863,4.8888859,Dining & Cafes
3259,ChIJyaXQKdYJxkcRXY6GB-P0Mo4,29,0.0015896508249739,Grand Cafe Het Paviljoen,160,$$$$$$$,Restaurant,"[""Restaurant"",""Koffiehuis"",""Eetcafe"",""Speeltuin"",""Brasserie""]",restaurants in sloterdijk,52.3811981,4.8701057,Dining & Cafes
3261,ChIJe3JVcJIJxkcRTW17MAbIxqg,29,0.0015896508249739,BBshirts,124,,Winkel voor zelfontworpen T-shirts,"[""Winkel voor zelfontworpen T-shirts"",""T-shirtwinkel""]",stores in de pijp,52.3563548,4.8971298,Shopping
3263,ChIJ_TibVAjixUcRlE6yBtS8ZXM,29,0.0015896508249739,Run2Day Amsterdam Flagshipstore,212,,Hardloopwinkel,"[""Hardloopwinkel"",""Schoenenwinkel"",""Sportwinkel"",""Sportkledingwinkel""]",stores in de vondelpark,52.3597222,4.8638889,Shopping
3264,ChIJHxwQoa0JxkcRJAOch-T9fQc,29,0.0015896508249739,Thriftshop Ceintuurbaan - Vintage Outlet,64,,Winkel voor vintage kleding,"[""Winkel voor vintage kleding""]",shopping malls in de pijp,52.3532043,4.8928233,Shopping
3265,ChIJ2XI36REKxkcRjxFZk9v_MOw,29,0.0015896508249739,Odido Shop Amsterdam Gelderlandplein,170,$$,Mobiele-telefoonwinkel,"[""Mobiele-telefoonwinkel"",""Winkel met accessoires voor mobiele telefoons"",""Mobiel netwerkoperator"",""Leverancier van telecommunicatieapparatuur"",""Telefoonmaatschappij""]",stores in zuidas,52.3311573,4.8761112,Shopping
3266,ChIJu7xpbE0LxkcR3oWKLaMimj4,29,0.0015896508249739,Kleurstoff Events & Rooftopbar,54,,Evenementenlocatie,"[""Evenementenlocatie""]",event venues in negen straatjes,52.307114,4.9486856,Event venue
3267,ChIJTbmp77bhxUcRCIg2Wb4-sic,29,0.0015896508249739,Bar Cafe Louis-Davids Schinkel,104,$$$$$$$,Bar,"[""Bar""]",bars in zuid,52.3465783,4.8473391,Dining & Cafes
3268,ChIJj9el7k8JxkcR-43qVHzLE4U,29,0.0015896508249739,Ice rink Rembrandtplein,39,,Schaatsbaan,"[""Schaatsbaan""]",sports complex in rembrandtplein,52.3660399,4.8969492,Activities
3269,ChIJq_6whHoJxkcRIis2LpkXa9s,29,0.0015896508249739,Dam Feestartikelen,180,,Feestwinkel,"[""Feestwinkel"",""Ballonwinkel"",""Vuurwerkwinkel""]",stores in bijlmer arena,52.3541207,4.929696,Shopping
3270,ChIJkwe97aAJxkcRPcTNpWtAbAM,29,0.0015896508249739,Tomatillo,94,$$$$$$$,Restaurant,"[""Restaurant""]",restaurants in dapperbuurt,52.3543147,4.9221154,Dining & Cafes
3271,ChIJ9YEGcDIJxkcRlayJRMJHsEg,29,0.0015896508249739,Galette,78,$$$$$$,Lunchrestaurant,"[""Lunchrestaurant""]",restaurants in de jordaan,52.3778961,4.8813721,Dining & Cafes
3272,ChIJk2Sh1N_jxUcR57TyAM2SU5g,29,0.0015896508249739,Restaurant Europa,71,$$$$$$,Restaurant,"[""Restaurant""]",restaurants in buikslotermeerplein,52.3839419,4.9218304,Dining & Cafes
3273,ChIJmYeZ9LgJxkcRX9lZ4CgLl50,28,0.0015348352792852,Ganache Amsterdam,156,$$$$$$,Chocolaterie,"[""Chocolaterie""]",stores in de wallen,52.3742841,4.897505799999999,Dining & Cafes
3274,ChIJRUHM3NHjxUcRxe7Sd82Ne5k,28,0.0015348352792852,Asian Delight,118,$$$$$$$,Aziatisch restaurant,"[""Aziatisch restaurant"",""Indonesisch restaurant""]",bars in osdorpplein,52.3592385,4.8065735,Dining & Cafes
3275,ChIJqZeMZAXixUcRBnJqURET2iQ,28,0.0015348352792852,Sticky Fingers,206,$$$$$$,Koffiebar,"[""Koffiebar""]",cafes in museumkwartier,52.3572322,4.8553535,Dining & Cafes
3276,ChIJG5-iRwjixUcRnGBE626hhx0,28,0.0015348352792852,Kinderkookkafe,202,$$$$$$,Restaurant,"[""Restaurant""]",bars in vondelpark,52.3592168,4.8648878,Dining & Cafes
3277,ChIJvZDYZ4njxUcRyzNNaibv8WE,28,0.0015348352792852,Umami Bowls & Sushi,93,$$$$$$$,Sushi takeaway,"[""Sushi takeaway""]",restaurants in osdorpplein,52.3612108,4.7862864,Dining & Cafes
3278,ChIJbRSbqjgKxkcRNRLe9cczdtU,28,0.0015348352792852,De Riekermolen,129,,Molen,"[""Molen"",""Toeristische attractie""]",activities in zuidas,52.3240849,4.8937802,Cultural & Historic
3279,ChIJd1aW5s0JxkcRSTEfXBRKlxg,28,0.0015348352792852,DEKSELS! koken & bakken,132,,Kookwinkel,"[""Kookwinkel""]",stores in de haarlemmerbuurt,52.3835595,4.8857513,Shopping
3280,ChIJTVcdIpsJxkcRNkNwysP6f0k,28,0.0015348352792852,Taytu Restaurant,259,$$$$$$$,Ethiopisch restaurant,"[""Ethiopisch restaurant"",""Restaurant""]",restaurants in oosterparkbuurt,52.3566861,4.9099334,Dining & Cafes
3281,ChIJb4KGfaIJxkcRvFqXTPndO44,28,0.0015348352792852,Hollandsche Schouwburg,328,,Cultureel monument,"[""Cultureel monument"",""Historisch museum"",""Herdenkingspark"",""Toeristische attractie"",""Oorlogsmuseum""]",museums in negen straatjes,52.366467,4.9111234,Cultural & Historic
3282,ChIJi_Ze0dHjxUcRWImefnBww_M,28,0.0015348352792852,Intertoys,123,,Speelgoedwinkel,"[""Speelgoedwinkel"",""Cadeauwinkel"",""Videogamewinkel""]",stores in osdorpplein,52.3592504,4.8040748,Shopping
3283,ChIJya0vVL8JxkcRFnbxPT_FzeY,28,0.0015348352792852,Coffeeshop City Hall,279,,Cannabiswinkel,"[""Cannabiswinkel""]",coffeeshops in buikslotermeerplein,52.3714049,4.895937,Cannabisshop
3284,ChIJyYMWIxAJxkcRXFxL6NZUr18,28,0.0015348352792852,De Nieuwe KHL,282,$$,Restaurant,"[""Restaurant"",""Theater"",""Trouwlocatie""]",event venues in bijlmer arena,52.3740116,4.9363231,Dining & Cafes
3285,ChIJYYQYSwsJxkcR6FmcCLOAAHY,28,0.0015348352792852,Dappertutto,138,$$,Restaurant,"[""Restaurant""]",restaurants in dapperbuurt,52.365432,4.9262244,Dining & Cafes
3286,ChIJ_fBQuOkJxkcRw0X07midLs8,28,0.0015348352792852,Hartman Cigars BV,149,,Sigarenwinkel,"[""Sigarenwinkel"",""Tabakswinkel""]",stores in de leidseplein,52.3656124,4.885457499999999,Shopping
3289,ChIJzZPIukkJxkcRN04SM9XjQ8o,28,0.0015348352792852,GoodNews Ferdinand 51,62,$$$$$$,Espressobar,"[""Espressobar""]",coffeeshops in museumkwartier,52.3551686,4.890594699999999,Dining & Cafes
3291,ChIJBbjl59HjxUcRF9RBpBm9puo,28,0.0015348352792852,DonerAbi,278,$$$$$$,Lunchrestaurant,"[""Lunchrestaurant""]",bars in osdorpplein,52.3591955,4.806348799999999,Dining & Cafes
3293,ChIJ34xZ5MgJxkcRiKJYGqw5Qus,28,0.0015348352792852,Cityview Hotel,124,,Hotel,"[""Hotel""]",hotels in haarlemmerbuurt,52.3798589,4.8927176,Hotel
3295,ChIJecofp-8JxkcRoV1CExouUQI,28,0.0015348352792852,Nassen Amsterdam,74,,Delicatessenwinkel,"[""Delicatessenwinkel"",""Catering"",""Broodjeswinkel"",""Supermarkt"",""Wijnhandel""]",stores in negen straatjes,52.3687867,4.8853502,Shopping
3297,ChIJX8wHYg_ixUcR33y3NzGpz84,28,0.0015348352792852,Fijnkost,212,,Restaurant,"[""Restaurant"",""Cafe""]",restaurants in vondelpark,52.3576059,4.8575021,Dining & Cafes
3298,ChIJ-8C0ZsQJxkcR6f0pc6CA3IM,28,0.0015348352792852,Hotel De Westertoren,251,,Hotel,"[""Hotel""]",hotels in negen straatjes,52.3734604,4.8861426,Hotel
3300,ChIJf4sos3EJxkcRfoQ0oz-zpY0,28,0.0015348352792852,Bruna,177,,Boekwinkel,"[""Boekwinkel""]",stores in de dapperbuurt,52.3569382,4.928753899999999,Shopping
3301,ChIJPz4Kw9HjxUcR5aiTMj96xZA,28,0.0015348352792852,IQOS / Iluma & Vapestore Tabakspeciaalzaak van Vuure,68,,Tabakswinkel,"[""Tabakswinkel"",""Loterijwinkel"",""E-sigaretten en accessoires""]",stores in osdorpplein,52.3589897,4.8039748,Shopping
3302,ChIJTQLS5_YJxkcRXsEWE7CCKJo,28,0.0015348352792852,Cafe Pierewaaier,49,$$$$$$,Cafe,"[""Cafe"",""Eetcafe""]",bars in de jordaan,52.3716933,4.8792995,Dining & Cafes
3304,ChIJDUL-zr0JxkcR1pi2yDMGP8E,28,0.0015348352792852,Primera,194,,Tabakswinkel,"[""Tabakswinkel"",""Computerwinkel"",""Cadeauwinkel"",""Kantoorboekhandel"",""Leverancier van toner"",""E-sigaretten en accessoires""]",stores in de nieuwmarkt,52.3684494,4.9024838,Shopping
3306,ChIJYfmlis0JxkcRuesjNGaCPWg,28,0.0015348352792852,Snackbar De Dijk 145,122,$$$$$$,Shoarma restaurant,"[""Shoarma restaurant"",""Restaurant""]",restaurants in haarlemmerbuurt,52.3837641,4.8850872,Dining & Cafes
3307,ChIJM7eU8bgJxkcRQ3GqpQrDhtE,28,0.0015348352792852,Ziggy's Bar,175,,Bar,"[""Bar"",""Koffiehuis"",""Vakantiecomplex""]",bars in nieuwmarkt,52.3739456,4.8975281,Dining & Cafes
3308,ChIJqXYLAPfhxUcRFwA_5CTHenw,28,0.0015348352792852,Wicked Grounds - HQ,158,,Evenementenlocatie,"[""Evenementenlocatie"",""Evenementenbureau""]",event venues in zuidas,52.3446312,4.847735999999999,Event venue
3309,ChIJTxc8K7wJxkcRfllclAmw0AI,28,0.0015348352792852,Het Fort van Sjakoo,97,,Boekwinkel,"[""Boekwinkel"",""Koffiewinkel"",""Winkel voor tweedehands boeken""]",stores in de nieuwmarkt,52.3691218,4.9018432,Shopping
3310,ChIJX02_X8MJxkcR0Cp5ZC4dyEM,28,0.0015348352792852,Red Wing Shoe Store Amsterdam,236,,Schoenenwinkel,"[""Schoenenwinkel"",""Kledingwinkel""]",stores in negen straatjes,52.3723466,4.8839948,Shopping
3311,ChIJlTZkl-oJxkcRdHyQ__sp_WI,28,0.0015348352792852,The Shirtshop,140,,Herenmode,"[""Herenmode""]",stores in de rembrandtplein,52.3660971,4.8924873,Shopping
3312,ChIJ73J8meUJxkcRSF__GvYPy28,28,0.0015348352792852,FOUR Kids (voorheen Azzurro Kids),175,,Kinderkleding,"[""Kinderkleding"",""Babykledingwinkel"",""Kledingwinkel"",""Kraamkledingwinkel"",""Winkel voor jeugdkleding""]",stores in museumkwartier,52.3598755,4.8771336,Shopping
3313,ChIJp2AqZaIJxkcREjtuO1GBsfI,28,0.0015348352792852,Hotel Plantage,412,,Hotel,"[""Hotel"",""Vakantieappartement"",""Herberg""]",hotels in dapperbuurt,52.3666939,4.9117602,Hotel
3314,ChIJvYxk8bo5ZUERagfifEdFLio,28,0.0015348352792852,"De Aanzet, Organic Food Store, Supermarket)",145,,Biologische winkel,"[""Biologische winkel"",""Bakkerij"",""Bierwinkel"",""Kaaswinkel"",""Zuivelhandel"",""Drogisterij"",""Versmarkt"",""Groenteboer"",""Biologische drogisterij"",""Wijnhandel""]",supermarkets in de pijp,52.3574559,4.887531699999999,Shopping
3315,ChIJ-eSQzgvixUcRq7TN96Ac-yc,28,0.0015348352792852,Ekoplaza,229,,Biologische winkel,"[""Biologische winkel"",""Supermarkt"",""Natuurvoedingswinkel"",""Biologische drogisterij"",""Biologische kruidenier""]",supermarkets in vondelpark,52.3635225,4.8637057,Shopping
3316,ChIJXxoc3nAJxkcRee5uY7M3y-c,28,0.0015348352792852,Het Zwarte Fietsenplan - Fietsenwinkel en Fietsenmaker in Amsterdam Oost,108,,Fietsenwinkel,"[""Fietsenwinkel"",""Fietsenmaker""]",stores in de dapperbuurt,52.3570617,4.9278149,Shopping
3317,ChIJxVQU970JxkcRyLNhlo1sBwU,28,0.0015348352792852,Agabi Santa Maria,255,$$$$$$$,Zuid-Amerikaans restaurant,"[""Zuid-Amerikaans restaurant"",""Argentijns restaurant"",""Cocktailbar"",""Mexicaans restaurant""]",restaurants in buikslotermeerplein,52.3666224,4.9021167,Dining & Cafes
3318,ChIJhyisuVjixUcRfN-dsYrBTe8,28,0.0015348352792852,Smullers,149,$$$$$$,Snackbar,"[""Snackbar"",""Cafetaria""]",bars in sloterdijk,52.3892122,4.837549999999999,Dining & Cafes
3319,ChIJUzZeKgMJxkcRTv5DWvnXduM,27,0.0014800197335964,Zamalia Experience - CBD Shop & Mini-Museum,164,,Natuurvoedingswinkel,"[""Natuurvoedingswinkel"",""Museum"",""Vitamine- en supplementenwinkel""]",museums in negen straatjes,52.3681131,4.8980857,Shopping
3320,ChIJBdbVQY4LxkcRSTASp2VM43Q,27,0.0014800197335964,Eetcafe 100% Zuidoost,176,$$$$$$$,Eetcafe,"[""Eetcafe"",""Bar"",""Koffiehuis"",""Restaurant""]",bars in bijlmer arena,52.3148165,4.9535451,Dining & Cafes
3323,ChIJqweflzYJxkcRC9baTJjolIc,27,0.0014800197335964,The North Face Amsterdam,94,,Kledingwinkel,"[""Kledingwinkel"",""Sportkledingwinkel""]",stores in negen straatjes,52.3703939,4.8860863,Shopping
3324,ChIJZ-K_r1nixUcRpeC4MBdB548,27,0.0014800197335964,The 51 gastropub,191,$$$$$$$,Restaurant,"[""Restaurant"",""Bar""]",bars in sloterdijk,52.3873025,4.8344819,Dining & Cafes
3326,ChIJsx8DccXjxUcRuIxXQkflwis,27,0.0014800197335964,Restaurant Toros,209,$$$$$$$,Turks restaurant,"[""Turks restaurant"",""Eetzaal"",""Kebabzaak"",""Maaltijdbezorging"",""Afhaalrestaurant"",""Restaurant"",""Soeprestaurant""]",bars in osdorpplein,52.362222,4.7997353,Dining & Cafes
3327,ChIJBVmrIPMJxkcRtmJG2RtzfKQ,27,0.0014800197335964,HEMA Amsterdam-Ferdinand Bolstraat,1059,,Warenhuis,"[""Warenhuis"",""Babywinkel"",""Beddenwinkel"",""Taartenwinkel"",""Kinderkleding"",""Kledingwinkel"",""Kantoorboekhandel"",""Speelgoedwinkel"",""Winkel voor raambekleding"",""Damesmode""]",stores in de pijp,52.3536155,4.891072299999999,Shopping
3328,ChIJR8qSuAvixUcRgJ0y7MSRuXU,27,0.0014800197335964,Coffeeshop Kashmir,191,,Cannabiswinkel,"[""Cannabiswinkel""]",coffeeshops in leidseplein,52.3640575,4.8629763,Cannabisshop
3329,ChIJw2VHyd4JxkcRvGDDMXkHpFQ,27,0.0014800197335964,Sjoerds Loekie,67,$$$$$$$,Delicatessenwinkel,"[""Delicatessenwinkel""]",stores in de pijp,52.3546663,4.9012072,Shopping
3330,ChIJ550y8ZEJxkcRYQtLzR-pFv0,27,0.0014800197335964,"Cafe ""Van Wou""",144,$$$$$$$,Koffiehuis,"[""Koffiehuis""]",cafes in de pijp,52.3567168,4.90004,Dining & Cafes
3331,ChIJrwTmOssJxkcRRIj1KeXd-VQ,27,0.0014800197335964,Yasai Wok,122,$$$$$$$,Wokrestaurant,"[""Wokrestaurant""]",restaurants in dapperbuurt,52.3550799,4.9288193,Dining & Cafes
3333,ChIJw7gU2vnjxUcRF2excQrB_Wc,27,0.0014800197335964,De Indian Mart,101,,Indiase kruidenierswinkel,"[""Indiase kruidenierswinkel"",""Supermarkt""]",supermarkets in vondelpark,52.3653387,4.8641814,Shopping
3334,ChIJtbPo780JxkcRilpleeWtZ98,27,0.0014800197335964,Zoet & Hartig Haarlemmerdijk,161,$$$$$$,Taartenwinkel,"[""Taartenwinkel"",""Chocolaterie"",""Theehuis""]",stores in de haarlemmerbuurt,52.3838462,4.885278899999999,Shopping
3337,ChIJo_op2hgJxkcRRQIZSkMslcQ,27,0.0014800197335964,Dam Square,34,,Museum,"[""Museum""]",museums in negen straatjes,52.3732242,4.8917199,Cultural & Historic
3338,ChIJuR1e3mQJxkcRCuhMqHgmVD0,27,0.0014800197335964,A'DAM The Loft,50,,Nachtclub,"[""Nachtclub""]",night clubs in amsterdam,52.3838431,4.9022709,Entertainment & Nightlife
3339,ChIJ07skTHAJxkcRspuSGjbZLp8,27,0.0014800197335964,Het Faire Oosten,236,,Warenhuis,"[""Warenhuis"",""Boekwinkel"",""Winkel in modeaccessoires"",""Cadeauwinkel"",""Interieurinrichter"",""Herenmode"",""Schoenenwinkel"",""Damesmode""]",stores in de dapperbuurt,52.3569067,4.9304453,Shopping
3340,ChIJO6YAXocPxkcR7qoKAmb1UKs,27,0.0014800197335964,De Durgerdam Boutique Hotel,60,,Hotel,"[""Hotel""]",hotels in indische buurt,52.3775018,4.9885891,Hotel
3341,ChIJwUlajg4JxkcRczZC62kqS60,27,0.0014800197335964,Cacaomuseum,108,,Museum,"[""Museum"",""Chocolaterie""]",museums in bijlmer arena,52.3713904,4.931261999999999,Cultural & Historic
3342,ChIJD_s76eQJxkcRuiYL4hg6WW4,27,0.0014800197335964,Hotel Parkview,169,,Hotel,"[""Hotel""]",hotels in vondelpark,52.3583852,4.8754309,Hotel
3343,ChIJd5sd6vIJxkcRnIBNPD-Zbjg,27,0.0014800197335964,GENTS Amsterdam,113,,Herenmode,"[""Herenmode"",""Kostuumwinkel"",""Galakledingwinkel"",""Schoenenwinkel"",""Smokingwinkel"",""Trouwwinkel""]",stores in de pijp,52.3556125,4.900309,Shopping
3344,ChIJ6RsOLvEJxkcRMnpFk5wq0OE,27,0.0014800197335964,SOL EL LUNA,92,,Tapas restaurant,"[""Tapas restaurant"",""Brunchrestaurant"",""Cocktailbar"",""Europees restaurant"",""Restaurant"",""Spaans restaurant""]",bars in de pijp,52.3519768,4.8911637,Dining & Cafes
3345,ChIJead92qMJxkcRuXiYBf_lFo0,27,0.0014800197335964,Coffee gallery,52,$$$$$$,Koffiebar,"[""Koffiebar""]",coffeeshops in museumkwartier,52.3690358,4.9020541,Dining & Cafes
3346,ChIJizpWQ9gJxkcRpoc-ZClSzqE,27,0.0014800197335964,Molen De Otter,84,,Monument,"[""Monument"",""Houtzagerij"",""Toeristische attractie""]",monuments in haarlemmerbuurt,52.3761677,4.8709094,Cultural & Historic
3348,ChIJhSESHekJxkcRYipNM1h7JiY,27,0.0014800197335964,Rancho Leidseplein 2,462,$$$$$$$,Restaurant voor vleesgerechten,"[""Restaurant voor vleesgerechten"",""Restaurant"",""Steakhouse""]",bars in leidseplein,52.3637096,4.8842836,Dining & Cafes
3350,ChIJs9Q2YY4LxkcRr3Es4_0oNiI,27,0.0014800197335964,Foto De Boer Amsterdam,151,,Fotowinkel,"[""Fotowinkel""]",stores in bijlmer arena,52.3150837,4.9546828,Shopping
3351,ChIJ0ffGOxQJxkcRpP5OjJlWDNA,27,0.0014800197335964,BOBBI'S,146,$$$$$$,Cafe,"[""Cafe"",""Bar""]",bars in de jordaan,52.3778391,4.8795139,Dining & Cafes
3352,ChIJgU4HAwrjxUcR8GnlVubZwFY,27,0.0014800197335964,Azura Amsterdam,80,,Restaurant,"[""Restaurant""]",restaurants in sloterdijk,52.3902054,4.8413717,Dining & Cafes
3353,ChIJt6yI63AJxkcRXXZOjWbhbdk,27,0.0014800197335964,Toko Sumatra Deli,98,$$$$$$$,Indonesisch restaurant,"[""Indonesisch restaurant"",""Afhaalrestaurant""]",bars in de dapperbuurt,52.3562041,4.927947,Dining & Cafes
3355,ChIJz2bLp7oJxkcRpbTUmvQ-L_s,27,0.0014800197335964,Lacoste,100,,Herenmode,"[""Herenmode"",""Kledingwinkel"",""Schoenenwinkel"",""Zonnebrillenwinkel"",""Ondergoedwinkel""]",stores in de wallen,52.3720961,4.8934862,Shopping
3356,ChIJPRx05ynjxUcRdDJeduRa8WE,27,0.0014800197335964,Clandestino,54,,Restaurant,"[""Restaurant""]",restaurants in zuidas,52.3526253,4.865177,Dining & Cafes
3357,ChIJ88J79_AIxkcR-THHF5QMfqY,27,0.0014800197335964,Boekhandel van Noord,145,,Boekwinkel,"[""Boekwinkel"",""Kantoorboekhandel""]",stores in buikslotermeerplein,52.3988579,4.9364963,Shopping
3359,ChIJUZm0nk0IxkcRl-E9uwKgOJ8,27,0.0014800197335964,This Is Soul - Inline Skates - Shop - Rental - Lessons,171,,Winkel,"[""Winkel""]",stores in de vondelpark,52.3599032,4.864608,Shopping
3360,ChIJmVrbgMMJxkcR_Xs20DewJD0,27,0.0014800197335964,COS,137,,Kledingwinkel,"[""Kledingwinkel"",""Damesmode""]",stores in negen straatjes,52.372275,4.8858985,Shopping
3361,ChIJ1Q_bTHAJxkcROiUYlbfAWqM,27,0.0014800197335964,Intertoys,180,,Speelgoedwinkel,"[""Speelgoedwinkel"",""Cadeauwinkel"",""Videogamewinkel""]",stores in bijlmer arena,52.3571366,4.9297307,Shopping
3362,ChIJBboPjAgJxkcRUKOea-JZ5HM,27,0.0014800197335964,Local Shopping Market,34,,Markt,"[""Markt""]",stores in de dapperbuurt,52.3651752,4.9259716,Shopping
3363,ChIJjcxheKMJxkcRT6jW9p4wTuU,27,0.0014800197335964,Restaurant eenvistweevis Amsterdam,142,,Restaurant,"[""Restaurant""]",restaurants in buikslotermeerplein,52.3708686,4.9117967,Dining & Cafes
3364,ChIJ0dm4T3_ixUcRvNB0akO7ME0,27,0.0014800197335964,Cafe Brel,155,$$$$$$$,Koffiehuis,"[""Koffiehuis"",""Bar""]",cafes in sloterdijk,52.3841667,4.8702778,Dining & Cafes
3366,ChIJ7SvccJUJxkcRptotuVtb2PQ,27,0.0014800197335964,Rain,100,,Steakhouse,"[""Steakhouse""]",bars in rembrandtplein,52.3662765,4.8988568,Dining & Cafes
3367,ChIJRaBVzJUJxkcR0DcfX6DR2ng,27,0.0014800197335964,Roode Remise,72,$$$$$$$,Restaurant,"[""Restaurant"",""Evenementenlocatie"",""Cafe""]",bars in haarlemmerbuurt,52.3840316,4.8838889,Dining & Cafes
3368,ChIJ8zqnVbYJxkcR_XNa2TMyEzU,27,0.0014800197335964,Best Bench in Town,60,,Toeristische attractie,"[""Toeristische attractie""]",activities in negen straatjes,52.3745741,4.8800358,Cultural & Historic
3369,ChIJOXU96nMJxkcRMKz1sir9E2A,27,0.0014800197335964,Selam Afrika,202,$$$$$$$,Eritrees restaurant,"[""Eritrees restaurant""]",bars in de dapperbuurt,52.361011,4.928294999999999,Dining & Cafes
3370,ChIJQw3o2M0JxkcRm5PwZzZo-9o,27,0.0014800197335964,"nivo Schweitzer Pro Photo, Video & Studio",195,,Camerawinkel,"[""Camerawinkel"",""Paspoortfotoverwerker"",""Fotolaboratorium"",""Fotowinkel"",""Fotoservice"",""Videowinkel"",""Groothandelaar""]",stores in de haarlemmerbuurt,52.3832267,4.8865175,Shopping
3371,ChIJWzmMEJQJxkcRMrsGexICFog,26,0.0014252041879076,Hotel Prinsenhof,169,,Hotel,"[""Hotel""]",hotels in de pijp,52.3619559,4.899467,Hotel
3372,ChIJU9lOc7kJxkcRSbZxKL8N_gM,26,0.0014252041879076,Wah Nam Hong,158,,Chinese supermarkt,"[""Chinese supermarkt""]",supermarkets in de wallen,52.3740228,4.9007875,Shopping
3373,ChIJpeq94b8JxkcRkKoKuIWawr8,26,0.0014252041879076,Coffeeshop Balou,285,,Cannabiswinkel,"[""Cannabiswinkel"",""Service establishment""]",coffeeshops in haarlemmerbuurt,52.1909763,5.2795551,Cannabisshop
3374,ChIJK8cEFWMJxkcRaurBjzSfzC4,26,0.0014252041879076,LIER,47,$$$$$$$,Restaurant,"[""Restaurant""]",bars in museumkwartier,52.355908,4.8787958,Dining & Cafes
3375,ChIJVzG_8K8LxkcR_fpoUhsR6Mo,26,0.0014252041879076,Lucia's Zuidas,104,$$$$$$$,Restaurant,"[""Restaurant"",""Bar"",""Lounge""]",bars in zuid,52.3170356,4.8717285,Dining & Cafes
3376,ChIJz5Gw_88JxkcRIH3Fjo9MFAE,26,0.0014252041879076,Indian Restaurant Amsterdam,40,$$$$$$$,Indiaas restaurant,"[""Indiaas restaurant""]",restaurants in de jordaan,52.3779583,4.883387,Dining & Cafes
3377,ChIJgX-aNQLixUcRXwPzcOHznPg,26,0.0014252041879076,Electrische Museumtramlijn Amsterdam,186,,Museum,"[""Museum"",""Toeristische attractie""]",museums in negen straatjes,52.3494647,4.8566495,Cultural & Historic
3379,ChIJqfK327gJxkcRfvN3QYUBX3A,26,0.0014252041879076,Hotel 83,296,,Hotel,"[""Hotel""]",hotels in de wallen,52.3727672,4.8984318,Hotel
3380,ChIJaQ9zbxIJxkcRUndalsoKnZA,26,0.0014252041879076,Juicebrothers De Pijp - Van Woustraat,162,$$$$$$$,Smoothiewinkel,"[""Smoothiewinkel"",""Koffiebar"",""Natuurvoedingswinkel"",""Biologische kruidenier"",""Kruidenierszaak""]",cafes in de pijp,52.3528074,4.9031148,Shopping
3381,ChIJt9TT56oLxkcRg7QjxNw-iXk,26,0.0014252041879076,Sanitairkamer Amsterdam - Villa ArenA,165,,Sanitairwinkel,"[""Sanitairwinkel"",""Badkamerinstallateur"",""Bouwmarkt"",""Winkel voor bubbelbaden"",""Douchedeurwinkel"",""Tegelwinkel"",""Winkel voor toiletbenodigdheden""]",stores in bijlmer arena,52.3115134,4.9384428,Shopping
3382,ChIJB3_3w6AJxkcRJePxXgUp1sI,26,0.0014252041879076,Oosterkerk,138,,Concertzaal,"[""Concertzaal"",""Kerk"",""Evenementenlocatie"",""Historisch herkenningspunt""]",event venues in bijlmer arena,52.3699949,4.9193164,Event venue
3384,ChIJ5zrknuEJxkcRdX7FOecP2xc,26,0.0014252041879076,Het Amsterdams Theaterhuis,83,,Theater,"[""Theater""]",event venues in leidseplein,52.3636841,4.8706199,Event venue
3386,ChIJMdlB7poJxkcRQ9VZp_0rILY,26,0.0014252041879076,Het Nieuwmarkt Plein,33,,Markt,"[""Markt""]",stores in de nieuwmarkt,52.3725047,4.9002837,Shopping
3387,ChIJC_uJ2O8IxkcRQc0nalyhkSI,26,0.0014252041879076,Mokum Vintage,79,,Winkel voor vintage kleding,"[""Winkel voor vintage kleding"",""Kledingwinkel""]",stores in de jordaan,52.3735309,4.8818816,Shopping
3388,ChIJHWPIJvsJxkcRZ-j6jYOhl8c,26,0.0014252041879076,Hotel Omega Amsterdam,438,,Hotel,"[""Hotel"",""Hotel voor langdurig verblijf""]",hotels in museumkwartier,52.3558477,4.8757644,Hotel
3389,ChIJ3a9KRMIJxkcRn1GfklYhgEM,26,0.0014252041879076,Zipper,217,,Kledingwinkel,"[""Kledingwinkel"",""Winkel voor vintage kleding""]",stores in negen straatjes,52.3687456,4.8859995,Shopping
3390,ChIJVVVVVbgJxkcRGzF8JkUoMfg,26,0.0014252041879076,Speakeasy,152,,Cannabiswinkel,"[""Cannabiswinkel""]",bars in oosterparkbuurt,52.3559933,4.908782,Cannabisshop
3391,ChIJ00_098MJxkcR4F4g_Oz0lXM,26,0.0014252041879076,IT'S A PRESENT! 9-STRAATJES,138,,Cadeauwinkel,"[""Cadeauwinkel""]",stores in negen straatjes,52.3722993,4.8878338,Shopping
3393,ChIJhfEl1OsJxkcRS9MgacBKxiU,26,0.0014252041879076,Casa Del Gusto,95,,Delicatessenwinkel,"[""Delicatessenwinkel""]",stores in de leidseplein,52.3640614,4.8877583,Shopping
3394,ChIJE3XxCmYJxkcRv5HcipXqF4Q,26,0.0014252041879076,The Cottage Shop & Deli,34,$$$$$$$,Koffiebar,"[""Koffiebar""]",coffeeshops in dapperbuurt,52.3566955,4.9271026,Dining & Cafes
3395,ChIJ3Wf7ssUJxkcRtFlr_gu70cA,26,0.0014252041879076,'t Hotel,211,,Hotel,"[""Hotel""]",hotels in de jordaan,52.3751614,4.887147199999999,Hotel
3396,ChIJGbLEthrjxUcRdqDZLZUmUk8,26,0.0014252041879076,Li's coffee house,56,$$$$$$,Koffiebar,"[""Koffiebar"",""Lunchrestaurant"",""Broodjeswinkel""]",cafes in sloterdijk,52.3716192,4.8459498,Dining & Cafes
3397,ChIJOVd1Pe8JxkcREehvWMAjuag,26,0.0014252041879076,Stone Island,183,,Kledingwinkel,"[""Kledingwinkel""]",stores in museumkwartier,52.3606009,4.882439199999999,Shopping
3398,ChIJB1ABl4cJxkcReLhGBrvEVhA,26,0.0014252041879076,Smokerdam Coffeeshop,98,,Cannabiswinkel,"[""Cannabiswinkel""]",coffeeshops in dapperbuurt,52.346013,4.9065194,Cannabisshop
3401,ChIJRXGLSLYJxkcRPFeEDzbf0AU,26,0.0014252041879076,SUPPER Cruise,180,,Evenementenlocatie,"[""Evenementenlocatie"",""Restaurant""]",event venues in bijlmer arena,52.38111,4.898903,Event venue
3404,ChIJVVIKdGDjxUcRFYNbWiEyFok,26,0.0014252041879076,Osspot,51,$$$$$$$,Foodcourt,"[""Foodcourt""]",restaurants in osdorpplein,52.3592931,4.8060347,Dining & Cafes
3405,ChIJB-rQUY0JxkcRlt28M_Ydi7Y,26,0.0014252041879076,Andre Hazes monument,118,,Beeldhouwwerk,"[""Beeldhouwwerk"",""Toeristische attractie""]",monuments in negen straatjes,52.3564566,4.8974766,Cultural & Historic
3406,ChIJh1gB5fAIxkcRsNxgN-VmwKg,26,0.0014252041879076,FEBO Amsterdam - Buikslotermeerplein,154,$$$$$$,Snackbar,"[""Snackbar""]",bars in buikslotermeerplein,52.3991387,4.9359372,Dining & Cafes
3407,ChIJV7g2wXMJxkcRLZk_jPzVyEs,26,0.0014252041879076,Snackbar Erno's II,150,$$$$$$,Snackbar,"[""Snackbar""]",bars in de dapperbuurt,52.3610574,4.9288446,Dining & Cafes
3408,ChIJ2dVZo6UJxkcRFDM_SuqPcOM,26,0.0014252041879076,Sushi Only Amsterdam | Oost,88,$$$$$$$,Sushi takeaway,"[""Sushi takeaway""]",bars in indische buurt,52.3636284,4.9368371,Dining & Cafes
3411,ChIJAaBgUu0LxkcRipbhMReghlw,26,0.0014252041879076,Hind Cooking Zuidas,51,$$$$$$$,Midden-Oosters restaurant,"[""Midden-Oosters restaurant"",""Evenementenlocatie""]",restaurants in zuidas,52.3377672,4.8723915,Dining & Cafes
3412,ChIJTwwJnPkJxkcRkwj84fq_dyE,26,0.0014252041879076,ARTZUID,321,,Sculptuurmuseum,"[""Sculptuurmuseum"",""Kunstorganisatie"",""Beeldjeswinkel"",""Toeristische attractie""]",museums in bijlmer arena,52.3499369,4.8729172,Cultural & Historic
3413,ChIJ4UhM_2UJxkcRQjMK2Nq7pUs,26,0.0014252041879076,The Swapshop,89,,Tweedehandswinkel,"[""Tweedehandswinkel"",""Kledingwinkel"",""Winkel voor tweedehands kleding"",""Winkel voor vintage kleding""]",stores in de haarlemmerbuurt,52.3828324,4.8866427,Shopping
3414,ChIJv3Nlm7cJxkcRJBmT3mptNVA,26,0.0014252041879076,Starbucks,170,$$$$$$,Koffiebar,"[""Koffiebar"",""Ontbijtrestaurant"",""Brunchrestaurant"",""Cafetaria"",""Taartenwinkel"",""Koffiewinkel"",""Saladewinkel"",""Broodjeswinkel"",""Theewinkel"",""Wifi-spot""]",cafes in de pijp,52.355351,4.890552899999999,Dining & Cafes
3415,ChIJDTJApHYJxkcRhG9hc0IeAwE,26,0.0014252041879076,Automatiek Hallo,151,$$$$$$,Snackbar,"[""Snackbar""]",bars in oosterparkbuurt,52.3596082,4.9253138,Dining & Cafes
3416,ChIJXfPyb9EJxkcRs-16etxpLFA,26,0.0014252041879076,Coffeeshop Catch 33,136,,Cannabiswinkel,"[""Cannabiswinkel""]",coffeeshops in haarlemmerbuurt,52.3826647,4.879823099999999,Cannabisshop
3417,ChIJw8rNvJ0JxkcRyiZjcbys2bs,26,0.0014252041879076,Nationaal Slavernijmonument,119,,Historisch herkenningspunt,"[""Historisch herkenningspunt"",""Toeristische attractie""]",tourist attractions in negen straatjes,52.3586624,4.9178383,Cultural & Historic
3418,ChIJ3zWdMVnixUcR78oyUEcmf6c,26,0.0014252041879076,Bongusta! | Snackbar - Toko - IJssalon,221,$$$$$$,Snackbar,"[""Snackbar"",""Aziatische kruidenierswinkel""]",restaurants in sloterdijk,52.3884676,4.837622,Dining & Cafes
3420,ChIJNURoFJUJxkcRhK0DQbVbKwI,26,0.0014252041879076,Hotel Frank since 1666,203,,Hotel,"[""Hotel""]",hotels in de wallen,52.3650771,4.8961598,Hotel
